/* Auto-generated logo data from ovenotes_logo_banner */
#ifndef LOGO_DATA_H
#define LOGO_DATA_H

const unsigned char logo_data[256 * 192] = {
    0xD8, 0xD8, 0xD8, 0xD8, 0xD7, 0xD8, 0xD8, 0xD9, 0xD8, 0xD9, 0xD8, 0xD6, 0xDA, 0xD7, 0xD8, 0xD9,
    0xD9, 0xDA, 0xD9, 0xD9, 0xD9, 0xDB, 0xD8, 0xD8, 0xD9, 0xD6, 0xD6, 0xD6, 0xD9, 0xD9, 0xDB, 0xDA,
    0xDA, 0xDA, 0xD9, 0xD9, 0xD8, 0xD7, 0xD7, 0xD8, 0xD8, 0xD9, 0xD8, 0xD9, 0xD8, 0xD8, 0xD8, 0xDA,
    0xDB, 0xDA, 0xDA, 0xD9, 0xD8, 0xDA, 0xD9, 0xD9, 0xDA, 0xDA, 0xD8, 0xD9, 0xD9, 0xD9, 0xD9, 0xD9,
    0xDA, 0xDA, 0xDB, 0xD9, 0xDA, 0xD9, 0xD9, 0xD8, 0xD8, 0xD7, 0xD8, 0xD8, 0xD9, 0xD9, 0xD9, 0xD9,
    0xD9, 0xD8, 0xD8, 0xD8, 0xD9, 0xD6, 0xD7, 0xD7, 0xD8, 0xD8, 0xD9, 0xD9, 0xD8, 0xD9, 0xDA, 0xD9,
    0xDA, 0xD9, 0xD8, 0xDB, 0xD6, 0xDB, 0xDB, 0xD9, 0xD5, 0xD8, 0xD6, 0xD7, 0xD9, 0xDA, 0xD9, 0xD9,
    0xD9, 0xD9, 0xD9, 0xD9, 0xD9, 0xDA, 0xDB, 0xD9, 0xD9, 0xD9, 0xD8, 0xD9, 0xD9, 0xD9, 0xD9, 0xD8,
    0xDA, 0xD8, 0xDA, 0xD9, 0xDA, 0xD9, 0xDB, 0xD8, 0xDA, 0xDC, 0xDA, 0xDD, 0xD8, 0xD9, 0xD9, 0xD6,
    0xD7, 0xD9, 0xD9, 0xDA, 0xD9, 0xDA, 0xD7, 0xDA, 0xD8, 0xD9, 0xDD, 0xD9, 0xDA, 0xDA, 0xD9, 0xDB,
    0xDA, 0xD8, 0xD9, 0xD9, 0xD8, 0xD9, 0xDA, 0xD8, 0xDB, 0xD8, 0xDB, 0xD9, 0xDA, 0xDB, 0xD9, 0xD9,
    0xD7, 0xD7, 0xD6, 0xD8, 0xD8, 0xD6, 0xD9, 0xD6, 0xD8, 0xD8, 0xD9, 0xD9, 0xDB, 0xD9, 0xD9, 0xD9,
    0xD9, 0xD9, 0xD9, 0xD9, 0xDA, 0xD9, 0xD8, 0xD8, 0xD8, 0xD8, 0xD8, 0xD9, 0xDA, 0xD8, 0xDA, 0xD8,
    0xD8, 0xD8, 0xD9, 0xD8, 0xDA, 0xD8, 0xD9, 0xD9, 0xDA, 0xDA, 0xD9, 0xD9, 0xD8, 0xD8, 0xDB, 0xD9,
    0xD9, 0xD9, 0xD8, 0xDA, 0xD8, 0xD8, 0xD7, 0xD7, 0xD8, 0xD5, 0xD9, 0xD9, 0xDA, 0xD8, 0xDB, 0xD8,
    0xD7, 0xD9, 0xD7, 0xD8, 0xD6, 0xD8, 0xD8, 0xDC, 0xD8, 0xD8, 0xD8, 0xDA, 0xDA, 0xD8, 0xDA, 0xD9,
    0xD8, 0xD7, 0xD7, 0xD8, 0xD9, 0xD9, 0xD9, 0xD9, 0xD9, 0xD9, 0xD9, 0xD9, 0xD9, 0xD8, 0xDA, 0xDA,
    0xDA, 0xDC, 0xD8, 0xD9, 0xD8, 0xD8, 0xD8, 0xD9, 0xD8, 0xD9, 0xD8, 0xD9, 0xD9, 0xDA, 0xDA, 0xD9,
    0xD9, 0xDA, 0xD8, 0xD8, 0xD9, 0xD9, 0xD9, 0xD9, 0xD8, 0xD9, 0xD8, 0xD8, 0xD8, 0xD9, 0xD9, 0xD8,
    0xD9, 0xD9, 0xD9, 0xD9, 0xD9, 0xD9, 0xD9, 0xD9, 0xD8, 0xD8, 0xD9, 0xD8, 0xD9, 0xD9, 0xD8, 0xD9,
    0xD9, 0xD8, 0xD9, 0xD9, 0xD8, 0xD9, 0xD7, 0xD7, 0xD9, 0xD8, 0xD9, 0xD8, 0xD9, 0xD9, 0xD9, 0xD8,
    0xD8, 0xD8, 0xD9, 0xD9, 0xD9, 0xD9, 0xD9, 0xD9, 0xD9, 0xD8, 0xD8, 0xD8, 0xDA, 0xD9, 0xD8, 0xD9,
    0xD9, 0xDA, 0xD9, 0xD9, 0xD9, 0xD9, 0xD9, 0xD9, 0xDA, 0xD9, 0xD8, 0xD8, 0xD8, 0xD8, 0xD9, 0xD9,
    0xD9, 0xD9, 0xD9, 0xD9, 0xD8, 0xD9, 0xD9, 0xD9, 0xD8, 0xDB, 0xD9, 0xD9, 0xDA, 0xDA, 0xD9, 0xDB,
    0xD9, 0xD9, 0xD8, 0xD8, 0xD9, 0xDA, 0xDA, 0xD9, 0xD9, 0xDA, 0xDA, 0xDA, 0xDA, 0xD9, 0xD9, 0xD9,
    0xD9, 0xD9, 0xD9, 0xD9, 0xD8, 0xD9, 0xDA, 0xDA, 0xD9, 0xD9, 0xD9, 0xD9, 0xD8, 0xDB, 0xD8, 0xD8,
    0xD8, 0xD9, 0xDA, 0xD8, 0xDA, 0xD9, 0xD9, 0xD9, 0xD8, 0xDA, 0xD9, 0xDA, 0xD8, 0xD8, 0xD8, 0xD8,
    0xD8, 0xD8, 0xD8, 0xD8, 0xD8, 0xD8, 0xDA, 0xD8, 0xD9, 0xDA, 0xDB, 0xD9, 0xD9, 0xDA, 0xD9, 0xD9,
    0xD9, 0xD9, 0xD9, 0xDA, 0xD9, 0xD9, 0xD9, 0xD8, 0xD9, 0xD9, 0xD9, 0xD9, 0xDA, 0xDA, 0xD9, 0xD7,
    0xDA, 0xD9, 0xD9, 0xD9, 0xD9, 0xDA, 0xDA, 0xD8, 0xD9, 0xD9, 0xD9, 0xD9, 0xD9, 0xD9, 0xD9, 0xD9,
    0xD9, 0xDA, 0xDA, 0xD9, 0xD9, 0xD8, 0xD6, 0xD5, 0xD9, 0xD9, 0xD9, 0xD8, 0xD9, 0xDA, 0xDA, 0xDA,
    0xDA, 0xD8, 0xD9, 0xD9, 0xD8, 0xD8, 0xD9, 0xD9, 0xD8, 0xD8, 0xD8, 0xD8, 0xD9, 0xDA, 0xDB, 0xDB,
    0xD9, 0xD9, 0xDA, 0x47, 0x49, 0x4A, 0x4C, 0x4D, 0x4A, 0x48, 0x54, 0xDA, 0xDA, 0xDB, 0xDA, 0xDA,
    0xD9, 0xDA, 0x3E, 0x4A, 0x4B, 0x4B, 0x4A, 0xAE, 0xD8, 0xD8, 0xD8, 0xD8, 0xB6, 0x4E, 0x48, 0xDD,
    0xD9, 0xDA, 0xDB, 0xD9, 0xD9, 0xD9, 0xD9, 0xDB, 0xD8, 0xDA, 0xD9, 0xD9, 0xD9, 0xDA, 0xD9, 0xD9,
    0xDA, 0x53, 0x49, 0x73, 0xD9, 0xDA, 0xD9, 0xDA, 0xDE, 0x4F, 0x4A, 0xE1, 0xD9, 0xD9, 0xD9, 0xD9,
    0xD9, 0xD9, 0xDA, 0xD9, 0xD9, 0xDA, 0xD8, 0xD8, 0x43, 0x44, 0x55, 0xD8, 0xD9, 0xD9, 0xD9, 0xD9,
    0xD9, 0xD9, 0xD9, 0xD9, 0xD9, 0xD9, 0xD9, 0xD9, 0xD9, 0xD9, 0xD9, 0xDA, 0xD9, 0xD8, 0xD9, 0xD9,
    0xD9, 0xD8, 0xD9, 0xD8, 0x3A, 0x43, 0x3B, 0xD9, 0xD8, 0x4D, 0x42, 0x42, 0xD8, 0xD9, 0xD9, 0xD9,
    0xDA, 0xDA, 0xD9, 0xD9, 0xDB, 0xD8, 0xD8, 0xDA, 0xD7, 0xD9, 0xD8, 0xDA, 0xD9, 0xD5, 0xDA, 0xD8,
    0xDA, 0xD9, 0xDA, 0xDA, 0xD9, 0xDA, 0xDA, 0xDA, 0xDA, 0xDA, 0xD9, 0xD9, 0xD9, 0xDA, 0xD9, 0xDA,
    0xD9, 0xD9, 0xD9, 0xD9, 0xDD, 0x4D, 0x48, 0xBE, 0xD9, 0xD8, 0xD9, 0xD9, 0xD7, 0xD9, 0xD8, 0xDA,
    0xD9, 0xDA, 0xD9, 0xD9, 0xD9, 0xD9, 0xD8, 0xDA, 0xD9, 0xD9, 0xD9, 0xDB, 0x45, 0x48, 0xA3, 0xD8,
    0xD8, 0xD8, 0xD8, 0xD8, 0xD8, 0xD8, 0x3E, 0x45, 0x39, 0xDA, 0xDA, 0xDA, 0xDB, 0xD9, 0xD9, 0xD9,
    0xD9, 0xD8, 0xD9, 0xD9, 0xDA, 0xB1, 0x4A, 0x4E, 0xD9, 0xD9, 0xDA, 0xD9, 0xD8, 0x48, 0x48, 0x40,
    0xD9, 0xD9, 0xD9, 0xD9, 0xDB, 0xDA, 0xD9, 0xD9, 0xD9, 0xD9, 0xD9, 0xD9, 0xD9, 0xD9, 0xD9, 0xD9,
    0xD9, 0xDF, 0x49, 0x49, 0xE2, 0xD9, 0xDA, 0xD9, 0xDA, 0x44, 0x3F, 0x43, 0x45, 0x47, 0x9B, 0xD9,
    0xDB, 0xD8, 0xD9, 0xD8, 0xD9, 0xD8, 0x41, 0x4A, 0x4B, 0x4B, 0x4B, 0x4A, 0x47, 0x43, 0xDB, 0xDA,
    0xD9, 0xD8, 0xD9, 0x2D, 0x2D, 0x2D, 0x2D, 0x2D, 0x2D, 0x2C, 0x3E, 0xD7, 0xD8, 0xD8, 0xDA, 0xDA,
    0xDA, 0xDA, 0x23, 0x2C, 0x2C, 0x2D, 0x2D, 0xA3, 0xD9, 0xD9, 0xD9, 0xD9, 0xA4, 0x2C, 0x2D, 0xDC,
    0xD9, 0xD9, 0xD8, 0xD8, 0xD8, 0xD9, 0xD8, 0xDA, 0xD9, 0xD9, 0xD8, 0xD8, 0xD9, 0xD7, 0xD9, 0xD9,
    0xD8, 0x2F, 0x2D, 0x54, 0xD8, 0xD7, 0xD9, 0xD8, 0xDF, 0x2C, 0x2C, 0xE1, 0xD9, 0xD9, 0xDC, 0xD7,
    0xD9, 0xDA, 0xD9, 0xDA, 0xD8, 0xDA, 0xD8, 0xD7, 0x30, 0x2F, 0x3B, 0xD5, 0xD9, 0xD9, 0xD9, 0xD9,
    0xD7, 0xD8, 0xD9, 0xD9, 0xD8, 0xD9, 0xD8, 0xD8, 0xDA, 0xD9, 0xDA, 0xD8, 0xD8, 0xD9, 0xD9, 0xD8,
    0xD9, 0xDA, 0xD8, 0xD9, 0x25, 0x2C, 0x23, 0xD8, 0xD7, 0x2C, 0x2A, 0x2A, 0xD7, 0xD8, 0xD8, 0xD9,
    0xD9, 0xD9, 0xDA, 0xDA, 0xD9, 0xD8, 0xD8, 0xD5, 0xD7, 0xD8, 0xD8, 0xDA, 0xDA, 0xD9, 0xD9, 0xD8,
    0xDA, 0xD8, 0xD7, 0xD9, 0xD9, 0xD9, 0xD9, 0xD9, 0xDA, 0xD8, 0xDA, 0xDC, 0xD9, 0xD9, 0xDA, 0xD8,
    0xD8, 0xD9, 0xD9, 0xD8, 0xDD, 0x2E, 0x2E, 0xB6, 0xD8, 0xD9, 0xD9, 0xD8, 0xDA, 0xD9, 0xD9, 0xD9,
    0xD9, 0xDA, 0xD9, 0xD8, 0xD9, 0xD8, 0xD9, 0xD9, 0xD9, 0xD8, 0xD8, 0xDA, 0x2F, 0x30, 0x98, 0xD9,
    0xD8, 0xD7, 0xD8, 0xD7, 0xD7, 0xD9, 0x25, 0x2D, 0x25, 0xDB, 0xDA, 0xD9, 0xD8, 0xD8, 0xDA, 0xD8,
    0xD7, 0xD9, 0xD9, 0xD9, 0xDA, 0xA6, 0x2C, 0x2D, 0xD8, 0xDA, 0xD9, 0xD8, 0xD8, 0x26, 0x2D, 0x22,
    0xD8, 0xD8, 0xD9, 0xD7, 0xD9, 0xD9, 0xD8, 0xD8, 0xD8, 0xD8, 0xD9, 0xD9, 0xD8, 0xD7, 0xD7, 0xD8,
    0xD9, 0xE1, 0x2B, 0x2E, 0xE6, 0xDA, 0xD8, 0xD8, 0xD7, 0x2D, 0x2B, 0x2C, 0x2C, 0x2E, 0x92, 0xD8,
    0xD9, 0xD9, 0xD8, 0xD8, 0xD9, 0xD8, 0x21, 0x2C, 0x2B, 0x2D, 0x2C, 0x2C, 0x2C, 0x29, 0xDB, 0xD9,
    0xD9, 0xD9, 0xDA, 0x2E, 0x2D, 0x2D, 0x2D, 0x2C, 0xDF, 0xDF, 0xB9, 0x22, 0x21, 0xDF, 0xD7, 0xE1,
    0x23, 0x24, 0xE5, 0xDD, 0xE2, 0x2E, 0x2C, 0x26, 0x25, 0x24, 0xD8, 0xDA, 0xDC, 0xDF, 0xDF, 0x1F,
    0x23, 0x24, 0x24, 0x25, 0xE2, 0xD9, 0xE1, 0x23, 0x24, 0x25, 0x26, 0x24, 0xD8, 0xD9, 0x76, 0x25,
    0x23, 0xE1, 0xE1, 0xC3, 0x26, 0x26, 0x25, 0x26, 0x1B, 0xE0, 0xE2, 0x1C, 0x24, 0x1F, 0xDA, 0xD7,
    0xD9, 0xD8, 0xDB, 0x23, 0x23, 0x24, 0x25, 0x25, 0xDF, 0xDC, 0xC4, 0x23, 0x21, 0xDE, 0xD8, 0xE0,
    0x23, 0x24, 0xE1, 0xD8, 0xD8, 0xD8, 0xD8, 0xD9, 0xD8, 0xD9, 0xD9, 0xD9, 0xAB, 0x21, 0x20, 0xDA,
    0xD9, 0xD2, 0x24, 0x23, 0xEE, 0xE4, 0xE7, 0x23, 0x25, 0xDB, 0xE0, 0xDF, 0xD6, 0xD7, 0x62, 0x26,
    0x26, 0xD9, 0xD8, 0xDB, 0xD9, 0xDA, 0x21, 0x24, 0x1F, 0xD9, 0xD8, 0x20, 0x24, 0x23, 0xD9, 0xD9,
    0xD8, 0xD8, 0xD9, 0x22, 0x23, 0x5A, 0xD8, 0xD7, 0x22, 0x23, 0x38, 0xD8, 0xD8, 0x1E, 0x23, 0x1E,
    0xD8, 0xD9, 0xD9, 0xD7, 0xDA, 0xE1, 0xE2, 0x49, 0x24, 0x22, 0xD9, 0xD9, 0xD8, 0xD9, 0xD8, 0x20,
    0x22, 0x1F, 0xD8, 0xD9, 0x1E, 0x26, 0x1B, 0xDA, 0xD9, 0x1D, 0x22, 0x24, 0xDE, 0xDF, 0x5C, 0x23,
    0x22, 0xD9, 0xD9, 0xD7, 0xD9, 0xD9, 0xE3, 0xE2, 0xE8, 0x24, 0x24, 0x24, 0x24, 0x22, 0xD8, 0xD8,
    0xD7, 0xD7, 0xD7, 0x23, 0x22, 0x5C, 0xDE, 0xDF, 0x26, 0x23, 0x22, 0x24, 0x26, 0xE7, 0xDE, 0xE6,
    0x23, 0x22, 0xDF, 0xD7, 0xDC, 0x21, 0x23, 0x23, 0x24, 0x23, 0xD9, 0xDA, 0xAB, 0x23, 0x23, 0x24,
    0x24, 0x20, 0xE2, 0xE0, 0xD7, 0xD8, 0xE1, 0x21, 0x24, 0x2D, 0x2C, 0x2C, 0xE0, 0xDD, 0x58, 0x25,
    0x28, 0xD9, 0xD9, 0xC0, 0x23, 0x23, 0xE2, 0xDD, 0xE8, 0x2C, 0x2B, 0x2C, 0x2C, 0x28, 0xDA, 0xDB,
    0xDA, 0xD9, 0xD9, 0x2C, 0x2C, 0x2C, 0x2D, 0x2D, 0xD6, 0xD7, 0xBC, 0x2C, 0x2C, 0xE0, 0xD8, 0xE0,
    0x2E, 0x30, 0xDD, 0xD6, 0xD9, 0x2D, 0x2C, 0x2E, 0x2F, 0x2E, 0xDA, 0xDA, 0xD8, 0xD8, 0xD5, 0x29,
    0x2E, 0x2C, 0x2E, 0x2E, 0xE2, 0xDA, 0xE1, 0x2D, 0x2C, 0x2D, 0x2E, 0x2D, 0xD8, 0xD8, 0x7C, 0x2B,
    0x2A, 0xDA, 0xDB, 0xB8, 0x2C, 0x2D, 0x2D, 0x2D, 0x24, 0xDA, 0xD9, 0x24, 0x2D, 0x28, 0xDA, 0xD8,
    0xD8, 0xD9, 0xD9, 0x2C, 0x2E, 0x2F, 0x2E, 0x2D, 0xD8, 0xD8, 0xC4, 0x2B, 0x2C, 0xE0, 0xD8, 0xE0,
    0x2E, 0x30, 0xE1, 0xD9, 0xD8, 0xD9, 0xD8, 0xD9, 0xD9, 0xD8, 0xD7, 0xD9, 0xAC, 0x2E, 0x2E, 0xDB,
    0xD9, 0xD4, 0x2B, 0x2B, 0xE0, 0xD8, 0xDF, 0x2B, 0x2B, 0xD7, 0xD9, 0xD8, 0xD8, 0xD7, 0x69, 0x2F,
    0x2E, 0xDB, 0xDA, 0xDA, 0xD9, 0xD9, 0x29, 0x2E, 0x25, 0xD9, 0xD9, 0x27, 0x2F, 0x29, 0xD9, 0xD8,
    0xD8, 0xD8, 0xD9, 0x2E, 0x2F, 0x60, 0xD9, 0xD6, 0x30, 0x30, 0x3E, 0xD8, 0xD8, 0x24, 0x2C, 0x23,
    0xDA, 0xD9, 0xD8, 0xD9, 0xD9, 0xD8, 0xD8, 0x4B, 0x2B, 0x2C, 0xD9, 0xDA, 0xD9, 0xD8, 0xD9, 0x28,
    0x2C, 0x25, 0xD7, 0xD6, 0x23, 0x2D, 0x24, 0xDA, 0xD8, 0x22, 0x2A, 0x2C, 0xD9, 0xD8, 0x63, 0x2B,
    0x2C, 0xD9, 0xD8, 0xD8, 0xD9, 0xDA, 0xD9, 0xDB, 0xDD, 0x2B, 0x2B, 0x2B, 0x2E, 0x26, 0xDA, 0xD8,
    0xD9, 0xD8, 0xD8, 0x2E, 0x2E, 0x60, 0xD5, 0xD5, 0x2C, 0x2C, 0x2B, 0x2C, 0x2F, 0xE0, 0xD7, 0xDF,
    0x2B, 0x2C, 0xDD, 0xD8, 0xDC, 0x2E, 0x2E, 0x2E, 0x2C, 0x2D, 0xD9, 0xDA, 0xAF, 0x2C, 0x2C, 0x2D,
    0x2C, 0x27, 0xD9, 0xD8, 0xD8, 0xD8, 0xDF, 0x2C, 0x2B, 0x2D, 0x2D, 0x2C, 0xD9, 0xD8, 0x63, 0x2D,
    0x2C, 0xD8, 0xD8, 0xBA, 0x2C, 0x2E, 0xDC, 0xD8, 0xE0, 0x2B, 0x2B, 0x2C, 0x2B, 0x28, 0xDB, 0xDA,
    0xDA, 0xD8, 0xD9, 0x2C, 0x2C, 0x85, 0xD8, 0xD9, 0xD7, 0xD7, 0xBE, 0x2B, 0x2C, 0x2C, 0x2C, 0x21,
    0xD8, 0xD8, 0x20, 0x2E, 0x29, 0xD9, 0xD9, 0xD8, 0xD7, 0xD5, 0x30, 0x2E, 0x2D, 0x2D, 0x2C, 0xDD,
    0xD9, 0xD6, 0xD7, 0xDA, 0x26, 0x2E, 0x2D, 0x2D, 0x2C, 0xD4, 0xD9, 0xD7, 0x2E, 0x2E, 0x2B, 0x2C,
    0x2D, 0x2D, 0x2E, 0x2C, 0x2C, 0x2B, 0xDC, 0xDA, 0xDC, 0x2D, 0x2A, 0xDF, 0xD6, 0xDA, 0x2F, 0x2E,
    0x2E, 0x2F, 0x2E, 0xD8, 0xD9, 0x94, 0x2E, 0x2E, 0xD9, 0xD7, 0xC5, 0x2C, 0x2B, 0x2D, 0x2D, 0x24,
    0xD7, 0xD9, 0x23, 0x2D, 0x26, 0xD9, 0xDA, 0x42, 0x2C, 0x2D, 0x2D, 0x2B, 0x49, 0xD9, 0xD8, 0x2D,
    0x2D, 0x2E, 0x2B, 0x2D, 0xE0, 0xD8, 0xDF, 0x2B, 0x2C, 0x2D, 0x2D, 0x2C, 0xD6, 0xD8, 0xD7, 0xD1,
    0xD6, 0x31, 0x2E, 0x2E, 0x2E, 0x30, 0xDB, 0xD6, 0xDE, 0x2D, 0x2D, 0xDD, 0xD9, 0xD9, 0x2E, 0x2C,
    0x2E, 0x2D, 0x2C, 0xD9, 0xD7, 0x83, 0x2C, 0x2D, 0xD9, 0xDA, 0xCA, 0x2E, 0x2E, 0x2C, 0x2C, 0x24,
    0xD9, 0xD7, 0x22, 0x2D, 0x2A, 0xD8, 0xD8, 0x4C, 0x2A, 0x2C, 0x2E, 0x2E, 0x2F, 0x2E, 0x2C, 0xDB,
    0xD9, 0xDB, 0x2A, 0x29, 0xE3, 0xD9, 0xDD, 0x2C, 0x2D, 0x2D, 0x2C, 0x2B, 0xD8, 0xD9, 0x68, 0x2C,
    0x2C, 0x2C, 0x2E, 0x3B, 0xD8, 0xD9, 0xDB, 0xD9, 0xDE, 0x2B, 0x2B, 0xDF, 0xD7, 0xDC, 0x2F, 0x2D,
    0x2E, 0x2F, 0x2E, 0xD8, 0xD8, 0x94, 0x2F, 0x2E, 0xD7, 0xD8, 0xBA, 0x2C, 0x2C, 0x2C, 0x2E, 0x2C,
    0x2C, 0x2B, 0x2C, 0x2E, 0x2B, 0xDB, 0xDB, 0x49, 0x2C, 0x2C, 0x2C, 0x2C, 0x4E, 0xD9, 0xDA, 0xD9,
    0xD9, 0xDB, 0x2C, 0x2D, 0x2E, 0x2E, 0x26, 0xD8, 0xD8, 0xD8, 0xD9, 0xD7, 0x32, 0x2F, 0x88, 0xD9,
    0xD7, 0x2C, 0x2D, 0x2B, 0x2E, 0x2E, 0xDC, 0xD7, 0xD8, 0xD9, 0xD9, 0x21, 0x2D, 0x28, 0xDA, 0xDA,
    0xD9, 0xD8, 0xD9, 0x2B, 0x2D, 0x84, 0xD7, 0xD7, 0xD7, 0xD7, 0xBD, 0x2D, 0x2C, 0x2D, 0x2D, 0x24,
    0xD9, 0xD9, 0x20, 0x2C, 0x29, 0xD8, 0xD9, 0xD7, 0xD7, 0xD5, 0x2B, 0x2A, 0x2C, 0x2B, 0x2C, 0xDE,
    0xD8, 0xD8, 0xD6, 0xD8, 0x25, 0x2D, 0x2C, 0x2B, 0x2B, 0xCE, 0xDA, 0xDA, 0x2B, 0x2B, 0x2C, 0x2C,
    0x2C, 0x2B, 0x2B, 0x2B, 0x2C, 0x2D, 0xDD, 0xD7, 0xDF, 0x2B, 0x2B, 0xE0, 0xD7, 0xDE, 0x2A, 0x2B,
    0x2D, 0x2D, 0x2E, 0xD8, 0xD7, 0x8F, 0x2A, 0x2E, 0xDB, 0xD9, 0xC6, 0x2B, 0x2C, 0x2B, 0x2B, 0x26,
    0xD7, 0xD5, 0x1D, 0x2C, 0x29, 0xDA, 0xDA, 0x4B, 0x2B, 0x2B, 0x2B, 0x2B, 0x50, 0xD9, 0xD8, 0x2B,
    0x2D, 0x2D, 0x2D, 0x2D, 0xE2, 0xD7, 0xE1, 0x2C, 0x2B, 0x2B, 0x2B, 0x2C, 0xD7, 0xD8, 0xD8, 0xD7,
    0xD7, 0x2C, 0x2C, 0x2C, 0x2D, 0x2E, 0xDE, 0xD8, 0xE3, 0x2D, 0x2D, 0xE1, 0xD8, 0xDD, 0x2C, 0x2C,
    0x2B, 0x2B, 0x2C, 0xD8, 0xD8, 0x7D, 0x2A, 0x2C, 0xDB, 0xD9, 0xC7, 0x2C, 0x2A, 0x2C, 0x2C, 0x24,
    0xD8, 0xD8, 0x20, 0x2B, 0x27, 0xD8, 0xD6, 0x53, 0x2C, 0x2C, 0x2B, 0x2B, 0x2B, 0x2B, 0x2C, 0xDF,
    0xD8, 0xD9, 0x29, 0x2B, 0xE4, 0xD8, 0xE0, 0x2C, 0x2C, 0x2C, 0x2A, 0x2E, 0xD7, 0xD6, 0x6B, 0x2C,
    0x2C, 0x2C, 0x2C, 0x3A, 0xD8, 0xD8, 0xD8, 0xD9, 0xE0, 0x2B, 0x2A, 0xDF, 0xD9, 0xDE, 0x2A, 0x2B,
    0x2D, 0x2D, 0x2D, 0xD8, 0xD8, 0x91, 0x2D, 0x2C, 0xD8, 0xD8, 0xB9, 0x2C, 0x2B, 0x2B, 0x2C, 0x2B,
    0x2C, 0x2B, 0x2C, 0x2C, 0x2A, 0xD9, 0xD9, 0x49, 0x2B, 0x2B, 0x2C, 0x2C, 0x51, 0xD9, 0xD8, 0xD8,
    0xD9, 0xDA, 0x2C, 0x2A, 0x2C, 0x2C, 0x23, 0xD7, 0xD7, 0xD7, 0xD6, 0xD8, 0x2D, 0x2C, 0x8C, 0xD8,
    0xD4, 0x2A, 0x2C, 0x2B, 0x2E, 0x32, 0xDC, 0xD8, 0xD7, 0xD7, 0xD6, 0x22, 0x2D, 0x27, 0xDA, 0xDA,
    0xD9, 0xD8, 0xDA, 0x2C, 0x2C, 0x2A, 0x2E, 0x2C, 0x2B, 0x2D, 0x35, 0xD7, 0xD8, 0x27, 0x2B, 0x2C,
    0x2C, 0x2A, 0x2C, 0x2D, 0x2C, 0x2C, 0x2D, 0x2C, 0x2D, 0x2C, 0x2D, 0x2C, 0x2C, 0x2C, 0x2B, 0x2A,
    0x2C, 0x2B, 0x2C, 0x2A, 0x2D, 0x2D, 0x2C, 0x2B, 0x2C, 0x2C, 0x2C, 0x2D, 0x2D, 0x2C, 0x2B, 0x2C,
    0x2C, 0x2D, 0x2C, 0x2C, 0x2B, 0x2D, 0x2A, 0x2B, 0x2A, 0x2A, 0x2C, 0x2B, 0x2A, 0x2C, 0x2C, 0x2C,
    0x2B, 0x2D, 0x2D, 0x2B, 0x2C, 0x2C, 0x2B, 0x2B, 0x2C, 0x2B, 0x2C, 0x2B, 0x2C, 0x2C, 0x2C, 0x2C,
    0x2C, 0x2B, 0x2B, 0x2B, 0x2B, 0x2B, 0x2A, 0x2B, 0x2C, 0x2B, 0x2B, 0x2B, 0x2C, 0x2B, 0x2B, 0x2E,
    0x2D, 0x2D, 0x2C, 0x2D, 0x29, 0x2E, 0x2A, 0x2E, 0x2C, 0x2B, 0x2B, 0x2C, 0x2B, 0x2B, 0x2C, 0x2B,
    0x2A, 0x2C, 0x2C, 0x2C, 0x2B, 0x2D, 0x2C, 0x2B, 0x2B, 0x2C, 0x2C, 0x2D, 0x2D, 0x2C, 0x2C, 0x2C,
    0x2B, 0x2C, 0x2C, 0x2B, 0x2B, 0x2C, 0x2C, 0x2D, 0x2C, 0x2C, 0x2C, 0x2C, 0x2C, 0x2B, 0x2B, 0x2B,
    0x2C, 0x2B, 0x2B, 0x2B, 0x2D, 0x2A, 0x2B, 0x2A, 0x2D, 0x2C, 0x2B, 0x2B, 0x2B, 0x2C, 0x2C, 0x2B,
    0x2C, 0x2B, 0x2C, 0x2C, 0x2A, 0x2A, 0x2A, 0x2C, 0x2D, 0x2C, 0x2D, 0x2C, 0x2B, 0x2B, 0x2C, 0x2B,
    0x2B, 0x2C, 0x2C, 0x2C, 0x2C, 0x2C, 0x2B, 0x2C, 0x29, 0x2B, 0x2C, 0x2A, 0x2A, 0x2C, 0x2B, 0x2C,
    0x2B, 0x2D, 0x2B, 0x2C, 0x2C, 0x2B, 0x2C, 0x2D, 0x2C, 0x2B, 0x2B, 0x2D, 0x2C, 0x2C, 0x2B, 0x2B,
    0x2B, 0x2B, 0x2B, 0x2C, 0x2B, 0x29, 0x2A, 0x2C, 0x2B, 0x2C, 0x2A, 0x2B, 0x2D, 0x2B, 0x2B, 0x2C,
    0x2C, 0x2B, 0x2B, 0x2B, 0x2C, 0x2C, 0x2C, 0x2B, 0x2B, 0x2B, 0x2B, 0x2F, 0x2E, 0x2B, 0x2D, 0x2A,
    0x2A, 0x2B, 0x2C, 0x36, 0xD6, 0xD7, 0x27, 0x29, 0x2A, 0x2A, 0x2C, 0x2C, 0x2D, 0x29, 0xDB, 0xDA,
    0xD8, 0xD8, 0xD9, 0x2D, 0x2D, 0x2C, 0x2D, 0x2C, 0x2E, 0x2F, 0x39, 0xD7, 0xD6, 0x24, 0x2B, 0x2C,
    0x2C, 0x2D, 0x2D, 0x2C, 0x2D, 0x2E, 0x2D, 0x2D, 0x2C, 0x2D, 0x2B, 0x2C, 0x2C, 0x2C, 0x2C, 0x2D,
    0x2C, 0x2C, 0x2C, 0x2C, 0x2C, 0x2C, 0x2C, 0x2C, 0x2C, 0x2D, 0x2C, 0x2B, 0x2C, 0x2C, 0x2C, 0x2D,
    0x2D, 0x2C, 0x2D, 0x2C, 0x2C, 0x2C, 0x2D, 0x2B, 0x2C, 0x2C, 0x2C, 0x2C, 0x2C, 0x2C, 0x2D, 0x2C,
    0x2C, 0x2C, 0x2D, 0x2C, 0x2C, 0x2C, 0x2C, 0x2C, 0x2C, 0x2C, 0x2C, 0x2C, 0x2D, 0x2C, 0x2C, 0x2C,
    0x2C, 0x2C, 0x2B, 0x2C, 0x2C, 0x2C, 0x2E, 0x2D, 0x2C, 0x2C, 0x2C, 0x2C, 0x2B, 0x2D, 0x2D, 0x2D,
    0x2B, 0x2D, 0x2D, 0x2D, 0x2C, 0x2C, 0x2C, 0x2D, 0x2C, 0x2C, 0x2C, 0x2C, 0x2C, 0x2B, 0x2B, 0x2B,
    0x2D, 0x2D, 0x2C, 0x2C, 0x2C, 0x2C, 0x2C, 0x2D, 0x2C, 0x2C, 0x2C, 0x2C, 0x2C, 0x2B, 0x2B, 0x2B,
    0x2B, 0x2C, 0x2C, 0x2C, 0x2C, 0x2C, 0x2D, 0x2D, 0x2D, 0x2C, 0x2C, 0x2D, 0x2C, 0x2C, 0x2C, 0x2C,
    0x2D, 0x2C, 0x2D, 0x2C, 0x2D, 0x2C, 0x2C, 0x2C, 0x2C, 0x2C, 0x2C, 0x2C, 0x2C, 0x2C, 0x2C, 0x2C,
    0x2C, 0x2B, 0x2B, 0x2C, 0x2C, 0x2D, 0x2C, 0x2C, 0x2C, 0x2C, 0x2C, 0x2C, 0x2C, 0x2C, 0x2C, 0x2B,
    0x2C, 0x2C, 0x2B, 0x2B, 0x2C, 0x2E, 0x2B, 0x2C, 0x2C, 0x2C, 0x2C, 0x2C, 0x2D, 0x2C, 0x2D, 0x2C,
    0x2C, 0x2C, 0x2C, 0x2D, 0x2D, 0x2D, 0x2D, 0x2D, 0x2D, 0x2C, 0x2C, 0x2D, 0x2C, 0x2C, 0x2C, 0x2C,
    0x2C, 0x2C, 0x2C, 0x2D, 0x2C, 0x2C, 0x2B, 0x2C, 0x2B, 0x2A, 0x2A, 0x2B, 0x2C, 0x2B, 0x2C, 0x2D,
    0x2C, 0x2D, 0x2B, 0x2B, 0x2B, 0x2B, 0x2C, 0x2B, 0x2B, 0x2B, 0x2C, 0x2C, 0x2D, 0x2B, 0x2C, 0x2E,
    0x2C, 0x2B, 0x2C, 0x38, 0xD7, 0xD6, 0x26, 0x2C, 0x2B, 0x2B, 0x2C, 0x2B, 0x2C, 0x29, 0xD9, 0xDB,
    0xD8, 0xD8, 0xD9, 0xD8, 0xD8, 0xD8, 0xD8, 0xD5, 0x2C, 0x2E, 0x2D, 0x2B, 0x2C, 0xDB, 0xD7, 0xE0,
    0x2C, 0x2D, 0x2D, 0x2D, 0x2D, 0x2E, 0x2D, 0x2D, 0x2D, 0x2D, 0x2D, 0x2C, 0x2C, 0x2C, 0x2C, 0x2C,
    0x2D, 0x2D, 0x2C, 0x2C, 0x2D, 0x2D, 0x2C, 0x2D, 0x2C, 0x2C, 0x2C, 0x2C, 0x2C, 0x2C, 0x2C, 0x2C,
    0x2C, 0x2C, 0x2D, 0x2D, 0x2D, 0x2D, 0x2B, 0x2C, 0x2D, 0x2C, 0x2D, 0x2C, 0x2C, 0x2C, 0x2C, 0x2C,
    0x2C, 0x2B, 0x2C, 0x2C, 0x2C, 0x2C, 0x2C, 0x2C, 0x2D, 0x2C, 0x2C, 0x2E, 0x2D, 0x2C, 0x2C, 0x2C,
    0x2C, 0x2C, 0x2B, 0x2C, 0x2C, 0x2C, 0x2D, 0x2C, 0x2C, 0x2D, 0x2C, 0x2C, 0x2D, 0x2D, 0x2C, 0x2C,
    0x2C, 0x2C, 0x2D, 0x2C, 0x2C, 0x2C, 0x2C, 0x2C, 0x2C, 0x2C, 0x2C, 0x2C, 0x2C, 0x2C, 0x2D, 0x2C,
    0x2C, 0x2D, 0x2C, 0x2C, 0x2C, 0x2C, 0x2C, 0x2D, 0x2C, 0x2C, 0x2C, 0x2C, 0x2C, 0x2C, 0x2C, 0x2C,
    0x2D, 0x2C, 0x2C, 0x2C, 0x2D, 0x2C, 0x2C, 0x2C, 0x2C, 0x2C, 0x2C, 0x2D, 0x2C, 0x2C, 0x2C, 0x2C,
    0x2C, 0x2D, 0x2C, 0x2C, 0x2D, 0x2E, 0x2C, 0x2C, 0x2C, 0x2C, 0x2C, 0x2C, 0x2C, 0x2C, 0x2C, 0x2C,
    0x2C, 0x2C, 0x2C, 0x2E, 0x2D, 0x2D, 0x2C, 0x2D, 0x2C, 0x2D, 0x2C, 0x2D, 0x2C, 0x2D, 0x2C, 0x2C,
    0x2C, 0x2C, 0x2C, 0x2D, 0x2D, 0x2C, 0x2D, 0x2C, 0x2D, 0x2D, 0x2D, 0x2D, 0x2C, 0x2D, 0x2D, 0x2D,
    0x2C, 0x2C, 0x2D, 0x2D, 0x2D, 0x2C, 0x2D, 0x2C, 0x2D, 0x2D, 0x2C, 0x2C, 0x2C, 0x2C, 0x2C, 0x2C,
    0x2C, 0x2C, 0x2C, 0x2C, 0x2C, 0x2D, 0x2C, 0x2C, 0x2C, 0x2C, 0x2C, 0x2A, 0x2B, 0x2B, 0x2C, 0x2C,
    0x2D, 0x2C, 0x2C, 0x2C, 0x2C, 0x2C, 0x2C, 0x2D, 0x2D, 0x2C, 0x2B, 0x2C, 0x2C, 0x2D, 0x2E, 0x2F,
    0x30, 0xD9, 0xD8, 0xB2, 0x2C, 0x2B, 0x2C, 0x2C, 0x25, 0xD9, 0xD9, 0xD8, 0xD7, 0xD8, 0xD9, 0xDA,
    0xD9, 0xD9, 0xD8, 0xD8, 0xD9, 0xD9, 0xD9, 0xD7, 0x2E, 0x2D, 0x2C, 0x2C, 0x2B, 0xDF, 0xD7, 0xDF,
    0x2D, 0x2C, 0x2C, 0x2C, 0x2D, 0x2D, 0x2D, 0x2D, 0x2D, 0x2D, 0x2D, 0x2C, 0x2C, 0x2C, 0x2C, 0x2C,
    0x2C, 0x2C, 0x2C, 0x2C, 0x2C, 0x2C, 0x2C, 0x2C, 0x2C, 0x2C, 0x2C, 0x2D, 0x2C, 0x2C, 0x2C, 0x2C,
    0x2C, 0x2C, 0x2C, 0x2C, 0x2D, 0x2D, 0x2C, 0x2D, 0x2C, 0x2D, 0x2C, 0x2C, 0x2C, 0x2D, 0x2C, 0x2C,
    0x2D, 0x2C, 0x2D, 0x2D, 0x2C, 0x2C, 0x2C, 0x2C, 0x2C, 0x2C, 0x2C, 0x2D, 0x2C, 0x2C, 0x2D, 0x2C,
    0x2C, 0x2C, 0x2C, 0x2C, 0x2C, 0x2D, 0x2C, 0x2C, 0x2C, 0x2C, 0x2C, 0x2C, 0x2C, 0x2C, 0x2C, 0x2C,
    0x2D, 0x2C, 0x2C, 0x2C, 0x2C, 0x2C, 0x2C, 0x2C, 0x2D, 0x2C, 0x2C, 0x2C, 0x2C, 0x2C, 0x2C, 0x2C,
    0x2C, 0x2C, 0x2C, 0x2C, 0x2D, 0x2C, 0x2D, 0x2C, 0x2C, 0x2C, 0x2C, 0x2C, 0x2C, 0x2C, 0x2C, 0x2D,
    0x2C, 0x2C, 0x2C, 0x2C, 0x2C, 0x2C, 0x2C, 0x2D, 0x2C, 0x2C, 0x2C, 0x2C, 0x2C, 0x2C, 0x2D, 0x2C,
    0x2C, 0x2C, 0x2C, 0x2D, 0x2C, 0x2C, 0x2C, 0x2C, 0x2C, 0x2D, 0x2C, 0x2D, 0x2C, 0x2C, 0x2C, 0x2C,
    0x2C, 0x2C, 0x2C, 0x2C, 0x2C, 0x2C, 0x2C, 0x2C, 0x2C, 0x2C, 0x2C, 0x2C, 0x2C, 0x2D, 0x2D, 0x2C,
    0x2C, 0x2C, 0x2C, 0x2C, 0x2C, 0x2C, 0x2D, 0x2C, 0x2C, 0x2C, 0x2C, 0x2C, 0x2D, 0x2D, 0x2D, 0x2C,
    0x2D, 0x2D, 0x2D, 0x2D, 0x2D, 0x2D, 0x2D, 0x2D, 0x2D, 0x2C, 0x2C, 0x2C, 0x2C, 0x2C, 0x2C, 0x2C,
    0x2C, 0x2C, 0x2C, 0x2C, 0x2D, 0x2C, 0x2C, 0x2C, 0x2C, 0x2E, 0x2B, 0x2C, 0x2C, 0x2C, 0x2C, 0x2C,
    0x2C, 0x2C, 0x2C, 0x2C, 0x2C, 0x2C, 0x2C, 0x2C, 0x2C, 0x2C, 0x2C, 0x2C, 0x2D, 0x2D, 0x2C, 0x2D,
    0x2D, 0xDA, 0xD8, 0xAC, 0x2B, 0x2A, 0x2C, 0x2B, 0x23, 0xD9, 0xDA, 0xD9, 0xD8, 0xD8, 0xD9, 0xDA,
    0xD8, 0xD8, 0xD9, 0xD8, 0xD8, 0x8A, 0x2E, 0x2F, 0xD7, 0xD6, 0xB4, 0x2B, 0x2D, 0x2D, 0x2C, 0x23,
    0xD5, 0xD5, 0x22, 0x2D, 0x2D, 0x2D, 0x2D, 0x2D, 0x2D, 0x2D, 0x2D, 0x2D, 0x2D, 0x2C, 0x2D, 0x2C,
    0x2C, 0x2D, 0x2D, 0x2C, 0x2C, 0x2C, 0x2C, 0x2C, 0x2D, 0x2C, 0x2D, 0x2D, 0x2D, 0x2D, 0x2E, 0x2C,
    0x2D, 0x2D, 0x2C, 0x2C, 0x2C, 0x2C, 0x2C, 0x2C, 0x2C, 0x2C, 0x2C, 0x2C, 0x2C, 0x2C, 0x2C, 0x2C,
    0x2D, 0x2D, 0x2D, 0x2D, 0x2D, 0x2C, 0x2C, 0x2C, 0x2C, 0x2C, 0x2C, 0x2C, 0x2C, 0x2C, 0x2C, 0x2C,
    0x2C, 0x2C, 0x2C, 0x2C, 0x2C, 0x2C, 0x2C, 0x2C, 0x2C, 0x2C, 0x2C, 0x2C, 0x2C, 0x2D, 0x2C, 0x2C,
    0x2C, 0x2C, 0x2D, 0x2D, 0x2D, 0x2C, 0x2C, 0x2C, 0x2C, 0x2C, 0x2C, 0x2C, 0x2C, 0x2C, 0x2C, 0x2C,
    0x2C, 0x2C, 0x2C, 0x2D, 0x2C, 0x2D, 0x2C, 0x2D, 0x2C, 0x2C, 0x2C, 0x2C, 0x2C, 0x2C, 0x2C, 0x2C,
    0x2C, 0x2C, 0x2C, 0x2D, 0x2C, 0x2C, 0x2C, 0x2C, 0x2C, 0x2C, 0x2C, 0x2C, 0x2C, 0x2C, 0x2C, 0x2C,
    0x2C, 0x2D, 0x2D, 0x2C, 0x2C, 0x2C, 0x2C, 0x2D, 0x2C, 0x2C, 0x2C, 0x2C, 0x2D, 0x2C, 0x2B, 0x2C,
    0x2D, 0x2C, 0x2C, 0x2C, 0x2C, 0x2C, 0x2C, 0x2C, 0x2C, 0x2C, 0x2C, 0x2D, 0x2D, 0x2C, 0x2C, 0x2C,
    0x2C, 0x2C, 0x2C, 0x2C, 0x2C, 0x2C, 0x2C, 0x2C, 0x2C, 0x2C, 0x2C, 0x2D, 0x2D, 0x2D, 0x2D, 0x2D,
    0x2D, 0x2D, 0x2D, 0x2D, 0x2D, 0x2D, 0x2D, 0x2C, 0x2D, 0x2C, 0x2C, 0x2C, 0x2C, 0x2C, 0x2C, 0x2C,
    0x2C, 0x2C, 0x2D, 0x2C, 0x2C, 0x2C, 0x2D, 0x2D, 0x2C, 0x2C, 0x2D, 0x2C, 0x2C, 0x2C, 0x2D, 0x2D,
    0x2C, 0x2C, 0x2C, 0x2D, 0x2C, 0x2C, 0x2C, 0x2D, 0x2C, 0x2C, 0x2C, 0x2C, 0x2C, 0x2D, 0x89, 0xD7,
    0xD7, 0x2C, 0x2E, 0x2D, 0x2D, 0x2E, 0xDA, 0xD6, 0xDF, 0x29, 0x2A, 0xDF, 0xD9, 0xD9, 0xD8, 0xDA,
    0xD7, 0xDA, 0xD8, 0xD8, 0xDA, 0x84, 0x2F, 0x2E, 0xD8, 0xD7, 0xAF, 0x2C, 0x2C, 0x2C, 0x2B, 0x24,
    0xD5, 0xD7, 0x1E, 0x2C, 0x2D, 0x2D, 0x2D, 0x2D, 0x2D, 0x2D, 0x2D, 0x2D, 0x2D, 0x2D, 0x2C, 0x2C,
    0x2C, 0x2C, 0x2C, 0x2C, 0x2C, 0x2C, 0x2C, 0x2D, 0x2C, 0x2D, 0x2D, 0x2C, 0x2D, 0x2D, 0x2D, 0x2D,
    0x2D, 0x2C, 0x2C, 0x2C, 0x2C, 0x2C, 0x2C, 0x2C, 0x2C, 0x2C, 0x2C, 0x2D, 0x2D, 0x2C, 0x2D, 0x2B,
    0x2D, 0x2C, 0x2D, 0x2D, 0x2C, 0x2D, 0x2C, 0x2D, 0x2C, 0x2C, 0x2C, 0x2E, 0x2D, 0x2D, 0x2C, 0x2C,
    0x2C, 0x2D, 0x2C, 0x2C, 0x2C, 0x2C, 0x2C, 0x2C, 0x2C, 0x2C, 0x2C, 0x2C, 0x2C, 0x2C, 0x2C, 0x2D,
    0x2B, 0x2D, 0x2D, 0x2C, 0x2D, 0x2C, 0x2C, 0x2C, 0x2C, 0x2D, 0x2C, 0x2D, 0x2C, 0x2C, 0x2C, 0x2C,
    0x2C, 0x2C, 0x2C, 0x2C, 0x2D, 0x2C, 0x2C, 0x2C, 0x2C, 0x2C, 0x2C, 0x2D, 0x2C, 0x2C, 0x2C, 0x2C,
    0x2C, 0x2C, 0x2D, 0x2D, 0x2C, 0x2C, 0x2D, 0x2C, 0x2D, 0x2C, 0x2C, 0x2C, 0x2C, 0x2C, 0x2C, 0x2C,
    0x2C, 0x2C, 0x2C, 0x2C, 0x2C, 0x2C, 0x2C, 0x2D, 0x2D, 0x2C, 0x2C, 0x2D, 0x2C, 0x2C, 0x2C, 0x2C,
    0x2C, 0x2C, 0x2C, 0x2C, 0x2C, 0x2C, 0x2C, 0x2C, 0x2D, 0x2D, 0x2C, 0x2C, 0x2D, 0x2C, 0x2D, 0x2C,
    0x2C, 0x2C, 0x2C, 0x2C, 0x2C, 0x2C, 0x2C, 0x2C, 0x2C, 0x2D, 0x2D, 0x2C, 0x2D, 0x2C, 0x2D, 0x2D,
    0x2D, 0x2D, 0x2C, 0x2C, 0x2D, 0x2D, 0x2D, 0x2D, 0x2B, 0x2C, 0x2C, 0x2C, 0x2C, 0x2C, 0x2C, 0x2C,
    0x2C, 0x2C, 0x2C, 0x2D, 0x2D, 0x2C, 0x2C, 0x2C, 0x2C, 0x2C, 0x2D, 0x2C, 0x2C, 0x2C, 0x2D, 0x2C,
    0x2C, 0x2C, 0x2C, 0x2C, 0x2D, 0x2C, 0x2D, 0x2D, 0x2C, 0x2C, 0x2C, 0x2C, 0x2D, 0x2C, 0x88, 0xD7,
    0xDA, 0x2D, 0x2E, 0x2A, 0x2D, 0x2D, 0xDC, 0xD5, 0xDF, 0x29, 0x27, 0xE0, 0xDB, 0xD8, 0xDA, 0xDA,
    0xD9, 0xD8, 0xD8, 0x2E, 0x2E, 0x6B, 0xD8, 0xD9, 0x2F, 0x2D, 0x2D, 0x2B, 0x2D, 0x2C, 0x2C, 0x2C,
    0x2B, 0x2D, 0x2C, 0x2D, 0x2D, 0x2D, 0x2D, 0x2D, 0x2D, 0x2D, 0x2D, 0x2D, 0x2D, 0x2D, 0x2C, 0x2B,
    0x2B, 0x2C, 0x2C, 0x2C, 0x2C, 0x2D, 0x2D, 0x2C, 0x2D, 0x2D, 0x2D, 0x2C, 0x2C, 0x2D, 0x2D, 0x2D,
    0x2D, 0x2C, 0x2D, 0x2D, 0x2C, 0x2C, 0x2C, 0x2C, 0x2C, 0x2D, 0x2D, 0x2C, 0x2D, 0x2D, 0x2D, 0x2D,
    0x2C, 0x2C, 0x2D, 0x2C, 0x2C, 0x2D, 0x2C, 0x2D, 0x2D, 0x2C, 0x2D, 0x2D, 0x2D, 0x2D, 0x2D, 0x2C,
    0x2D, 0x2C, 0x2D, 0x2C, 0x2C, 0x2C, 0x2C, 0x2C, 0x2C, 0x2C, 0x2C, 0x2D, 0x2D, 0x2E, 0x2C, 0x2D,
    0x2C, 0x2D, 0x2C, 0x2C, 0x2C, 0x2C, 0x2B, 0x2C, 0x2C, 0x2C, 0x2C, 0x2C, 0x2C, 0x2C, 0x2D, 0x2D,
    0x2E, 0x2C, 0x2D, 0x2E, 0x2D, 0x2C, 0x2C, 0x2C, 0x2D, 0x2C, 0x2C, 0x2C, 0x2C, 0x2C, 0x2C, 0x2D,
    0x2C, 0x2C, 0x2D, 0x2D, 0x2D, 0x2C, 0x2D, 0x2D, 0x2D, 0x2C, 0x2C, 0x2C, 0x2C, 0x2C, 0x2C, 0x2C,
    0x2C, 0x2C, 0x2E, 0x2C, 0x2E, 0x2C, 0x2C, 0x2D, 0x2C, 0x2C, 0x2D, 0x2C, 0x2C, 0x2C, 0x2C, 0x2C,
    0x2C, 0x2C, 0x2C, 0x2C, 0x2C, 0x2C, 0x2C, 0x2D, 0x2E, 0x2D, 0x2E, 0x2E, 0x2D, 0x2D, 0x2D, 0x2D,
    0x2D, 0x2C, 0x2C, 0x2C, 0x2C, 0x2D, 0x2D, 0x2C, 0x2D, 0x2D, 0x2D, 0x2D, 0x2C, 0x2D, 0x2D, 0x2D,
    0x2C, 0x2D, 0x2D, 0x2D, 0x2D, 0x2C, 0x2D, 0x2D, 0x2D, 0x2C, 0x2C, 0x2C, 0x2C, 0x2D, 0x2D, 0x2C,
    0x2D, 0x2C, 0x2C, 0x2C, 0x2C, 0x2C, 0x2C, 0x2C, 0x2C, 0x2C, 0x2C, 0x2C, 0x2C, 0x2D, 0x2E, 0x2D,
    0x2D, 0x2C, 0x2D, 0x2D, 0x2C, 0x2D, 0x2C, 0x2C, 0x2C, 0x2C, 0x2C, 0x2C, 0x2D, 0x2C, 0x2C, 0x2C,
    0x2C, 0x2C, 0x2B, 0x2E, 0x2D, 0x2E, 0x2C, 0x2C, 0x20, 0xD9, 0xD9, 0x20, 0x2E, 0x28, 0xDA, 0xDC,
    0xD8, 0xD9, 0xD9, 0x2C, 0x2E, 0x75, 0xDB, 0xD8, 0x2E, 0x2F, 0x2A, 0x2D, 0x2D, 0x2C, 0x2C, 0x2D,
    0x2D, 0x2D, 0x2D, 0x2D, 0x2D, 0x2D, 0x2D, 0x2D, 0x2D, 0x2C, 0x2D, 0x2D, 0x2D, 0x2C, 0x2C, 0x2C,
    0x2B, 0x2C, 0x2C, 0x2C, 0x2C, 0x2C, 0x2C, 0x2D, 0x2D, 0x2D, 0x2D, 0x2D, 0x2C, 0x2D, 0x2C, 0x2D,
    0x2D, 0x2D, 0x2D, 0x2C, 0x2B, 0x2C, 0x2C, 0x2C, 0x2D, 0x2C, 0x2C, 0x2C, 0x2C, 0x2D, 0x2C, 0x2D,
    0x2D, 0x2C, 0x2C, 0x2C, 0x2C, 0x2D, 0x2D, 0x2C, 0x2C, 0x2C, 0x2C, 0x2D, 0x2D, 0x2C, 0x2D, 0x2C,
    0x2C, 0x2C, 0x2D, 0x2C, 0x2C, 0x2C, 0x2C, 0x2C, 0x2C, 0x2C, 0x2C, 0x2C, 0x2C, 0x2C, 0x2D, 0x2E,
    0x2D, 0x2C, 0x2D, 0x2D, 0x2C, 0x2C, 0x2C, 0x2C, 0x2D, 0x2D, 0x2C, 0x2C, 0x2C, 0x2D, 0x2C, 0x2C,
    0x2C, 0x2C, 0x2D, 0x2D, 0x2C, 0x2C, 0x2C, 0x2C, 0x2C, 0x2C, 0x2C, 0x2C, 0x2C, 0x2C, 0x2C, 0x2C,
    0x2D, 0x2C, 0x2E, 0x2C, 0x2C, 0x2C, 0x2C, 0x2C, 0x2C, 0x2C, 0x2C, 0x2C, 0x2C, 0x2C, 0x2C, 0x2C,
    0x2D, 0x2C, 0x2C, 0x2D, 0x2C, 0x2D, 0x2D, 0x2D, 0x2C, 0x2C, 0x2C, 0x2D, 0x2C, 0x2D, 0x2C, 0x2C,
    0x2D, 0x2C, 0x2D, 0x2C, 0x2C, 0x2C, 0x2C, 0x2C, 0x2C, 0x2C, 0x2D, 0x2C, 0x2D, 0x2D, 0x2D, 0x2C,
    0x2D, 0x2C, 0x2D, 0x2C, 0x2C, 0x2D, 0x2C, 0x2C, 0x2C, 0x2E, 0x2C, 0x2C, 0x2C, 0x2C, 0x2C, 0x2B,
    0x2C, 0x2D, 0x2C, 0x2D, 0x2D, 0x2D, 0x2D, 0x2D, 0x2D, 0x2C, 0x2C, 0x2E, 0x2C, 0x2C, 0x2C, 0x2C,
    0x2C, 0x2C, 0x2D, 0x2C, 0x2C, 0x2C, 0x2C, 0x2C, 0x2C, 0x2C, 0x2C, 0x2C, 0x2D, 0x2D, 0x2B, 0x2D,
    0x2C, 0x2C, 0x2D, 0x2C, 0x2C, 0x2C, 0x2C, 0x2C, 0x2C, 0x2C, 0x2D, 0x2C, 0x2C, 0x2C, 0x2D, 0x2B,
    0x2B, 0x2B, 0x2C, 0x2C, 0x2C, 0x2C, 0x2B, 0x2B, 0x24, 0xDA, 0xD6, 0x1E, 0x2D, 0x2B, 0xDB, 0xDB,
    0xD9, 0xD9, 0xD8, 0x2D, 0x2E, 0x2E, 0x2D, 0x2F, 0xD8, 0xDA, 0xBC, 0x2C, 0x2C, 0x2C, 0x2C, 0x2C,
    0x2D, 0x2D, 0x2D, 0x2D, 0x2D, 0x2D, 0x2D, 0x2D, 0x2C, 0x2D, 0x2D, 0x2D, 0x2C, 0x2C, 0x2C, 0x2C,
    0x2C, 0x2C, 0x2C, 0x2C, 0x2D, 0x2C, 0x2C, 0x2C, 0x2D, 0x2C, 0x2C, 0x2C, 0x2D, 0x2C, 0x2C, 0x2C,
    0x2D, 0x2D, 0x2D, 0x2C, 0x2D, 0x2C, 0x2D, 0x2D, 0x2C, 0x2E, 0x2D, 0x2C, 0x2D, 0x2D, 0x2C, 0x2C,
    0x2C, 0x2C, 0x2B, 0x2C, 0x2C, 0x2C, 0x2C, 0x2C, 0x2C, 0x2C, 0x2C, 0x2C, 0x2D, 0x2D, 0x2C, 0x2C,
    0x2C, 0x2C, 0x2C, 0x2C, 0x2C, 0x2C, 0x2D, 0x2C, 0x2C, 0x2C, 0x2C, 0x2D, 0x2C, 0x2D, 0x2C, 0x2C,
    0x2D, 0x2C, 0x2C, 0x2C, 0x2C, 0x2C, 0x2C, 0x2D, 0x2C, 0x2C, 0x2C, 0x2D, 0x2C, 0x2C, 0x2C, 0x2E,
    0x2C, 0x2D, 0x2C, 0x2C, 0x2C, 0x2C, 0x2C, 0x2C, 0x2D, 0x2D, 0x2C, 0x2C, 0x2D, 0x2C, 0x2C, 0x2C,
    0x2C, 0x2E, 0x2C, 0x2D, 0x2D, 0x2B, 0x2D, 0x2C, 0x2C, 0x2C, 0x2C, 0x2C, 0x2C, 0x2C, 0x2C, 0x2C,
    0x2D, 0x2C, 0x2C, 0x2D, 0x2C, 0x2D, 0x2D, 0x2C, 0x2D, 0x2D, 0x2C, 0x2C, 0x2C, 0x2C, 0x2C, 0x2C,
    0x2C, 0x2C, 0x2C, 0x2D, 0x2C, 0x2C, 0x2C, 0x2C, 0x2D, 0x2E, 0x2C, 0x2D, 0x2C, 0x2C, 0x2C, 0x2C,
    0x2C, 0x2C, 0x2D, 0x2D, 0x2C, 0x2D, 0x2D, 0x2C, 0x2C, 0x2C, 0x2C, 0x2C, 0x2D, 0x2D, 0x2D, 0x2C,
    0x2C, 0x2D, 0x2C, 0x2C, 0x2D, 0x2D, 0x2D, 0x2D, 0x2C, 0x2D, 0x2D, 0x2C, 0x2D, 0x2B, 0x2C, 0x2C,
    0x2C, 0x2C, 0x2C, 0x2C, 0x2C, 0x2C, 0x2C, 0x2C, 0x2D, 0x2C, 0x2C, 0x2D, 0x2C, 0x2C, 0x2D, 0x2D,
    0x2C, 0x2C, 0x2C, 0x2C, 0x2C, 0x2C, 0x2C, 0x2C, 0x2C, 0x2C, 0x2D, 0x2C, 0x2C, 0x2D, 0x2C, 0x2C,
    0x2D, 0x2C, 0x2B, 0x2C, 0x2D, 0x2C, 0xDE, 0xD9, 0xDF, 0x2B, 0x2A, 0x2B, 0x2D, 0x2A, 0xDC, 0xDA,
    0xD8, 0xD8, 0xD8, 0x29, 0x2D, 0x2D, 0x2E, 0x2E, 0xD8, 0xD7, 0xB9, 0x2C, 0x2D, 0x2C, 0x2D, 0x2D,
    0x2D, 0x2D, 0x2D, 0x2D, 0x2D, 0x2D, 0x2D, 0x2D, 0x2D, 0x2D, 0x2C, 0x2C, 0x2C, 0x2C, 0x2D, 0x2C,
    0x2B, 0x2C, 0x2C, 0x2C, 0x2C, 0x2C, 0x2C, 0x2C, 0x2B, 0x2C, 0x2C, 0x2D, 0x2C, 0x2C, 0x2D, 0x2D,
    0x2D, 0x2C, 0x2C, 0x2C, 0x2D, 0x2C, 0x2C, 0x2C, 0x2C, 0x2C, 0x2B, 0x2C, 0x2C, 0x2D, 0x2C, 0x2C,
    0x2C, 0x2C, 0x2D, 0x2C, 0x2C, 0x2C, 0x2D, 0x2C, 0x2C, 0x2C, 0x2C, 0x2C, 0x2C, 0x2C, 0x2C, 0x2C,
    0x2C, 0x2D, 0x2C, 0x2C, 0x2C, 0x2C, 0x2C, 0x2C, 0x2C, 0x2C, 0x2C, 0x2B, 0x2C, 0x2C, 0x2B, 0x2C,
    0x2C, 0x2C, 0x2C, 0x2C, 0x2C, 0x2D, 0x2D, 0x2C, 0x2C, 0x2C, 0x2D, 0x2C, 0x2D, 0x2C, 0x2D, 0x2C,
    0x2C, 0x2C, 0x2C, 0x2C, 0x2D, 0x2C, 0x2C, 0x2D, 0x2C, 0x2C, 0x2C, 0x2C, 0x2C, 0x2C, 0x2C, 0x2C,
    0x2C, 0x2C, 0x2D, 0x2C, 0x2C, 0x2C, 0x2C, 0x2D, 0x2C, 0x2C, 0x2C, 0x2C, 0x2D, 0x2D, 0x2C, 0x2C,
    0x2C, 0x2D, 0x2C, 0x2C, 0x2C, 0x2C, 0x2C, 0x2C, 0x2C, 0x2C, 0x2C, 0x2D, 0x2D, 0x2C, 0x2D, 0x2D,
    0x2C, 0x2C, 0x2C, 0x2C, 0x2C, 0x2C, 0x2D, 0x2C, 0x2B, 0x2C, 0x2C, 0x2C, 0x2C, 0x2C, 0x2D, 0x2C,
    0x2C, 0x2C, 0x2C, 0x2C, 0x2C, 0x2C, 0x2C, 0x2D, 0x2C, 0x2C, 0x2C, 0x2C, 0x2D, 0x2D, 0x2C, 0x2D,
    0x2C, 0x2C, 0x2C, 0x2D, 0x2D, 0x2D, 0x2D, 0x2D, 0x2C, 0x2C, 0x2C, 0x2C, 0x2C, 0x2C, 0x2C, 0x2C,
    0x2C, 0x2C, 0x2C, 0x2C, 0x2C, 0x2D, 0x2C, 0x2C, 0x2C, 0x2C, 0x2C, 0x2C, 0x2C, 0x2C, 0x2C, 0x2C,
    0x2C, 0x2D, 0x2C, 0x2C, 0x2D, 0x2C, 0x2C, 0x2C, 0x2D, 0x2C, 0x2C, 0x2C, 0x2C, 0x2C, 0x2C, 0x2C,
    0x2C, 0x2C, 0x2C, 0x2D, 0x2C, 0x2E, 0xDC, 0xD9, 0xDF, 0x2A, 0x29, 0x28, 0x2A, 0x2A, 0xD9, 0xDB,
    0xD8, 0xDA, 0xD8, 0xD7, 0xDA, 0x70, 0x2E, 0x2D, 0xD7, 0xD7, 0xBA, 0x2C, 0x2D, 0x2C, 0x2B, 0x2C,
    0x2D, 0x2D, 0x2D, 0x2D, 0x2D, 0x2C, 0x2D, 0x2D, 0x2C, 0x2C, 0x2D, 0x2C, 0x2C, 0x2C, 0x2C, 0x2C,
    0x2D, 0x2C, 0x2D, 0x2D, 0x2C, 0x2C, 0x2C, 0x2D, 0x2C, 0x2C, 0x2C, 0x2C, 0x2C, 0x2C, 0x2C, 0x2C,
    0x2B, 0x2C, 0x2C, 0x2C, 0x2C, 0x2C, 0x2C, 0x2C, 0x2C, 0x2C, 0x2C, 0x2C, 0x2C, 0x2C, 0x2C, 0x2C,
    0x2C, 0x2C, 0x2C, 0x2C, 0x2C, 0x2C, 0x2C, 0x2C, 0x2C, 0x2D, 0x2C, 0x2C, 0x2C, 0x2C, 0x2D, 0x2C,
    0x2C, 0x2C, 0x2C, 0x2D, 0x2C, 0x2C, 0x2C, 0x2D, 0x2C, 0x2C, 0x2C, 0x2D, 0x2C, 0x2C, 0x2C, 0x2D,
    0x2D, 0x2C, 0x2C, 0x2C, 0x2C, 0x2C, 0x2C, 0x2C, 0x2B, 0x2D, 0x2C, 0x2C, 0x2D, 0x2C, 0x2C, 0x2C,
    0x2C, 0x2C, 0x2C, 0x2D, 0x2C, 0x2C, 0x2C, 0x2D, 0x2D, 0x2C, 0x2C, 0x2C, 0x2D, 0x2C, 0x2C, 0x2C,
    0x2D, 0x2C, 0x2C, 0x2D, 0x2C, 0x2C, 0x2D, 0x2D, 0x2C, 0x2C, 0x2C, 0x2C, 0x2D, 0x2D, 0x2B, 0x2B,
    0x2B, 0x2D, 0x2C, 0x2C, 0x2C, 0x2C, 0x2C, 0x2C, 0x2C, 0x2C, 0x2D, 0x2C, 0x2C, 0x2C, 0x2C, 0x2C,
    0x2D, 0x2C, 0x2C, 0x2D, 0x2C, 0x2C, 0x2C, 0x2C, 0x2C, 0x2C, 0x2D, 0x2D, 0x2C, 0x2C, 0x2D, 0x2D,
    0x2C, 0x2C, 0x2D, 0x2D, 0x2C, 0x2C, 0x2E, 0x2C, 0x2C, 0x2C, 0x2C, 0x2C, 0x2D, 0x2C, 0x2D, 0x2D,
    0x2C, 0x2C, 0x2D, 0x2D, 0x2D, 0x2C, 0x2C, 0x2C, 0x2B, 0x2C, 0x2D, 0x2C, 0x2C, 0x2C, 0x2C, 0x2C,
    0x2C, 0x2D, 0x2C, 0x2C, 0x2C, 0x2C, 0x2C, 0x2D, 0x2C, 0x2C, 0x2D, 0x2D, 0x2D, 0x2C, 0x2D, 0x2D,
    0x2C, 0x2C, 0x2C, 0x2C, 0x2C, 0x2C, 0x2B, 0x2D, 0x2C, 0x2C, 0x2C, 0x2D, 0x2C, 0x2C, 0x2C, 0x2C,
    0x2C, 0x2C, 0x2C, 0x2C, 0x2C, 0x2E, 0xDE, 0xDA, 0xE0, 0x29, 0x2E, 0xE3, 0xD8, 0xD9, 0xD9, 0xD9,
    0xD8, 0xD9, 0xD9, 0xD9, 0xD9, 0x6D, 0x22, 0x23, 0xDB, 0xDA, 0xB5, 0x2C, 0x2D, 0x2C, 0x2C, 0x2C,
    0x2D, 0x2D, 0x2D, 0x2D, 0x2D, 0x2B, 0x2D, 0x2D, 0x2C, 0x2C, 0x2D, 0x2C, 0x2C, 0x2C, 0x2D, 0x2C,
    0x2D, 0x2D, 0x2D, 0x2E, 0x2C, 0x2D, 0x2C, 0x2C, 0x2C, 0x2C, 0x2C, 0x2C, 0x2C, 0x2C, 0x2C, 0x2C,
    0x2D, 0x2C, 0x2C, 0x2C, 0x2C, 0x2C, 0x2C, 0x2C, 0x2C, 0x2C, 0x2C, 0x2C, 0x2D, 0x2D, 0x2C, 0x2C,
    0x2C, 0x2C, 0x2C, 0x2D, 0x2C, 0x2C, 0x2B, 0x2D, 0x2C, 0x2C, 0x2C, 0x2C, 0x2C, 0x2D, 0x2C, 0x2C,
    0x2C, 0x2C, 0x2B, 0x2C, 0x2C, 0x2B, 0x2B, 0x2C, 0x2D, 0x2C, 0x2C, 0x2D, 0x2C, 0x2C, 0x2B, 0x2B,
    0x2B, 0x2B, 0x2B, 0x2B, 0x2B, 0x2B, 0x2B, 0x2B, 0x2C, 0x2B, 0x2C, 0x2C, 0x2B, 0x2C, 0x2C, 0x2B,
    0x2D, 0x2E, 0x2C, 0x2C, 0x2C, 0x2C, 0x2C, 0x2B, 0x2C, 0x2C, 0x2C, 0x2B, 0x2C, 0x2B, 0x2B, 0x2D,
    0x2C, 0x2C, 0x2D, 0x2C, 0x2C, 0x2B, 0x2A, 0x2C, 0x2B, 0x2B, 0x2B, 0x2C, 0x2B, 0x2C, 0x2C, 0x2C,
    0x2C, 0x2B, 0x2B, 0x2D, 0x2C, 0x2C, 0x2C, 0x2C, 0x2C, 0x2C, 0x2C, 0x2D, 0x2C, 0x2C, 0x2C, 0x2C,
    0x2C, 0x2D, 0x2C, 0x2C, 0x2C, 0x2C, 0x2D, 0x2C, 0x2D, 0x2C, 0x2C, 0x2C, 0x2C, 0x1E, 0x1C, 0x21,
    0x23, 0x2B, 0x2C, 0x2C, 0x2C, 0x2D, 0x2C, 0x2C, 0x2C, 0x2C, 0x2C, 0x2C, 0x2D, 0x2C, 0x2B, 0x2C,
    0x2C, 0x2D, 0x2D, 0x2D, 0x2D, 0x2C, 0x2D, 0x2C, 0x2D, 0x2D, 0x2C, 0x2C, 0x2C, 0x2C, 0x2C, 0x2D,
    0x2C, 0x2C, 0x2C, 0x2C, 0x2C, 0x2D, 0x2D, 0x2D, 0x2C, 0x2C, 0x2C, 0x2C, 0x2C, 0x2D, 0x2C, 0x2C,
    0x2B, 0x2C, 0x2C, 0x2C, 0x2C, 0x2C, 0x2D, 0x2C, 0x2D, 0x2D, 0x2C, 0x2D, 0x2D, 0x2C, 0x2C, 0x2C,
    0x2C, 0x2C, 0x2C, 0x2D, 0x2C, 0x2E, 0xDF, 0xD8, 0xDF, 0x1D, 0x22, 0xE1, 0xD9, 0xDA, 0xD9, 0xD9,
    0xD8, 0xDA, 0xD9, 0xD9, 0xD9, 0xD9, 0xD9, 0xD8, 0x2E, 0x2D, 0x2D, 0x2C, 0x2C, 0x2D, 0x2C, 0x2C,
    0x2C, 0x2D, 0x2C, 0x2C, 0x2C, 0x2D, 0x2D, 0x2D, 0x2C, 0x2C, 0x2D, 0x2C, 0x2C, 0x2C, 0x2D, 0x2C,
    0x2D, 0x2D, 0x2D, 0x2D, 0x2C, 0x2C, 0x2D, 0x2C, 0x2C, 0x2C, 0x2C, 0x2D, 0x2C, 0x2C, 0x2C, 0x2D,
    0x2C, 0x2C, 0x2C, 0x2C, 0x2C, 0x2C, 0x2C, 0x2C, 0x2C, 0x2C, 0x2C, 0x2C, 0x2D, 0x2C, 0x2C, 0x2C,
    0x2C, 0x2D, 0x2C, 0x2C, 0x2C, 0x2D, 0x2C, 0x2C, 0x2C, 0x2C, 0x2C, 0x2C, 0x2C, 0x2C, 0x2D, 0x2C,
    0x2B, 0x2A, 0x2C, 0x2C, 0x2C, 0x2B, 0x2B, 0x2B, 0x2C, 0x2C, 0x2B, 0x2B, 0x2A, 0x2C, 0x2C, 0x2C,
    0x2C, 0x2D, 0x2C, 0x2C, 0x2A, 0x2C, 0x2C, 0x2C, 0x2B, 0x2B, 0x2C, 0x2C, 0x2B, 0x2C, 0x2C, 0x2C,
    0x2B, 0x2E, 0x2B, 0x2C, 0x2D, 0x2C, 0x2C, 0x2C, 0x2C, 0x2B, 0x2B, 0x2B, 0x2C, 0x2B, 0x29, 0x2B,
    0x2B, 0x2C, 0x2C, 0x2B, 0x2A, 0x2C, 0x2C, 0x2C, 0x2C, 0x2C, 0x2C, 0x2C, 0x2C, 0x2C, 0x2C, 0x2C,
    0x2B, 0x2C, 0x2C, 0x2C, 0x2B, 0x2C, 0x2C, 0x2D, 0x2E, 0x2C, 0x2D, 0x2C, 0x2C, 0x2C, 0x2B, 0x2C,
    0x2C, 0x2B, 0x2C, 0x2B, 0x2B, 0x2C, 0x2B, 0x2C, 0x2C, 0x2C, 0x2D, 0x2D, 0x2B, 0xDF, 0xDA, 0xD8,
    0xD8, 0x23, 0x2B, 0x2C, 0x2C, 0x2C, 0x2C, 0x2C, 0x2C, 0x2C, 0x2C, 0x2C, 0x2C, 0x2C, 0x2C, 0x2C,
    0x2D, 0x2D, 0x2D, 0x2D, 0x2C, 0x2C, 0x2C, 0x2C, 0x2C, 0x2D, 0x2C, 0x2C, 0x2C, 0x2C, 0x2D, 0x2D,
    0x2C, 0x2C, 0x2C, 0x2C, 0x2C, 0x2C, 0x2D, 0x2C, 0x2C, 0x2C, 0x2C, 0x2D, 0x2D, 0x2C, 0x2B, 0x2C,
    0x2C, 0x2C, 0x2C, 0x2D, 0x2C, 0x2D, 0x2C, 0x2D, 0x2D, 0x2C, 0x2C, 0x2C, 0x2C, 0x2C, 0x2D, 0x2C,
    0x2C, 0x2C, 0x2C, 0x2D, 0x2C, 0x2D, 0x2C, 0x2D, 0x25, 0xD9, 0xDA, 0xD8, 0xD9, 0xD9, 0xD8, 0xD8,
    0xD8, 0xD8, 0xD8, 0xD9, 0xD9, 0xDA, 0xD9, 0xD9, 0x30, 0x2D, 0x2D, 0x2D, 0x2C, 0x2C, 0x2C, 0x2E,
    0x2C, 0x2C, 0x2D, 0x2E, 0x2C, 0x2D, 0x2C, 0x2C, 0x2C, 0x2D, 0x2E, 0x2C, 0x2D, 0x2B, 0x2D, 0x2C,
    0x2C, 0x2C, 0x2D, 0x2D, 0x2C, 0x2D, 0x2C, 0x2C, 0x2C, 0x2C, 0x2C, 0x2C, 0x2C, 0x2C, 0x2C, 0x2C,
    0x2C, 0x2C, 0x2C, 0x2C, 0x2C, 0x2C, 0x2B, 0x2C, 0x2C, 0x2C, 0x2C, 0x2C, 0x2C, 0x2C, 0x2C, 0x2C,
    0x2C, 0x2C, 0x2C, 0x2C, 0x2C, 0x2C, 0x2C, 0x2C, 0x2D, 0x2C, 0x2C, 0x2C, 0x2C, 0x2C, 0x2B, 0x28,
    0x56, 0x2C, 0x2B, 0x2C, 0x2B, 0x58, 0x29, 0x2B, 0x59, 0x2F, 0x2C, 0x4A, 0x2B, 0x2C, 0x2B, 0x2C,
    0x58, 0x56, 0x2B, 0x4E, 0x50, 0x52, 0x52, 0x51, 0x51, 0x31, 0x28, 0x51, 0x57, 0x57, 0x58, 0x57,
    0x5A, 0x2E, 0x46, 0x36, 0x2C, 0x2D, 0x2C, 0x2E, 0x60, 0x2C, 0x2C, 0x4D, 0x52, 0x54, 0x56, 0x52,
    0x28, 0x2C, 0x2B, 0x2A, 0x4F, 0x55, 0x53, 0x54, 0x52, 0x45, 0x2A, 0x2B, 0x57, 0x58, 0x57, 0x57,
    0x58, 0x5B, 0x5C, 0x5B, 0x58, 0x51, 0x26, 0x27, 0x2D, 0x2C, 0x2D, 0x2C, 0x2D, 0x2D, 0x2D, 0x2C,
    0x2D, 0x2D, 0x26, 0x2D, 0x5D, 0x7C, 0x74, 0x56, 0x2E, 0x21, 0x2C, 0x2A, 0x2B, 0x2D, 0x5B, 0x7A,
    0xD8, 0x25, 0x2C, 0x2C, 0x2C, 0x2C, 0x2D, 0x2C, 0x2D, 0x2B, 0x2D, 0x2C, 0x2C, 0x2C, 0x2C, 0x2D,
    0x2C, 0x2D, 0x2D, 0x2D, 0x2D, 0x2C, 0x2C, 0x2C, 0x2C, 0x2C, 0x2C, 0x2C, 0x2C, 0x2D, 0x2C, 0x2C,
    0x2C, 0x2C, 0x2C, 0x2C, 0x2C, 0x2C, 0x2B, 0x2C, 0x2C, 0x2C, 0x2C, 0x2C, 0x2C, 0x2C, 0x2C, 0x2C,
    0x2C, 0x2D, 0x2C, 0x2D, 0x2C, 0x2C, 0x2C, 0x2C, 0x2C, 0x2C, 0x2C, 0x2C, 0x2C, 0x2C, 0x2C, 0x2C,
    0x2C, 0x2C, 0x2C, 0x2C, 0x2D, 0x2C, 0x2D, 0x2C, 0x24, 0xD9, 0xDA, 0xD9, 0xD9, 0xD9, 0xDA, 0xD8,
    0xD8, 0xD8, 0xD9, 0xD9, 0xD8, 0xD9, 0xD8, 0xD7, 0x2F, 0x2C, 0x2C, 0x2D, 0x2C, 0x2C, 0x2C, 0x2C,
    0x2D, 0x2D, 0x2C, 0x2D, 0x2C, 0x2E, 0x2D, 0x2C, 0x2D, 0x2D, 0x2B, 0x2C, 0x2C, 0x2D, 0x2D, 0x2B,
    0x2C, 0x2D, 0x2C, 0x2D, 0x2C, 0x2C, 0x2C, 0x2C, 0x2C, 0x2D, 0x2C, 0x2C, 0x2D, 0x2D, 0x2C, 0x2C,
    0x2C, 0x2C, 0x2C, 0x2C, 0x2C, 0x2C, 0x2C, 0x2C, 0x2C, 0x2C, 0x2D, 0x2D, 0x2C, 0x2C, 0x2C, 0x2C,
    0x2C, 0x2C, 0x2C, 0x2D, 0x2C, 0x2C, 0x2C, 0x2C, 0x2C, 0x2C, 0x2D, 0x2D, 0x2C, 0x2C, 0x2B, 0x2A,
    0xD9, 0xDD, 0x28, 0x2B, 0x2C, 0xDC, 0x28, 0x2B, 0xD9, 0x42, 0x2A, 0xDC, 0xDD, 0x3E, 0x2B, 0x2A,
    0xD4, 0xE2, 0x2F, 0xBB, 0xBE, 0xC8, 0xDA, 0xC9, 0xCC, 0x46, 0x24, 0xD9, 0xBD, 0xC0, 0xC2, 0xC2,
    0xD2, 0x2D, 0xE2, 0xD9, 0xB5, 0x2C, 0x2B, 0x36, 0xDB, 0x2C, 0x4F, 0xDB, 0xBC, 0xB9, 0xBB, 0xD6,
    0xDA, 0x22, 0x2B, 0xD8, 0xCD, 0xC7, 0xC5, 0xC1, 0xC6, 0xD6, 0xBB, 0x2A, 0xE2, 0xDA, 0xD9, 0xD9,
    0xD7, 0xD9, 0xDB, 0xD8, 0xD8, 0xDA, 0xD9, 0xD8, 0xD8, 0xD9, 0x31, 0x2B, 0x2A, 0x2C, 0x2B, 0x2F,
    0xE7, 0xDC, 0xDA, 0xD9, 0xD8, 0xD8, 0xD9, 0xD7, 0xD8, 0xD8, 0x4F, 0x2B, 0x2C, 0x2C, 0x2C, 0x2A,
    0xD6, 0x23, 0x2C, 0x2C, 0x2C, 0x2C, 0x2D, 0x2D, 0x2B, 0x2D, 0x2D, 0x2D, 0x2D, 0x2D, 0x2C, 0x2C,
    0x2D, 0x2C, 0x2C, 0x2C, 0x2C, 0x2D, 0x2C, 0x2C, 0x2C, 0x2C, 0x2C, 0x2C, 0x2C, 0x2C, 0x2D, 0x2C,
    0x2C, 0x2C, 0x2C, 0x2D, 0x2C, 0x2C, 0x2C, 0x2C, 0x2C, 0x2C, 0x2C, 0x2C, 0x2D, 0x2C, 0x2D, 0x2C,
    0x2C, 0x2C, 0x2C, 0x2C, 0x2C, 0x2C, 0x2C, 0x2C, 0x2C, 0x2C, 0x2C, 0x2C, 0x2C, 0x2C, 0x2C, 0x2D,
    0x2C, 0x2D, 0x2C, 0x2D, 0x2D, 0x2C, 0x2C, 0x2D, 0x26, 0xD9, 0xDA, 0xD9, 0xD9, 0xD9, 0xDA, 0xD8,
    0xD8, 0xD9, 0xD9, 0xDA, 0xD9, 0xBE, 0xA7, 0xA1, 0x3B, 0x3F, 0x37, 0x2B, 0x2C, 0x2A, 0x2E, 0x2B,
    0x2D, 0x29, 0x2C, 0x2C, 0x2B, 0x2D, 0x2C, 0x2C, 0x2C, 0x2A, 0x2D, 0x2C, 0x2B, 0x2C, 0x2C, 0x2C,
    0x2C, 0x2D, 0x2D, 0x2D, 0x2C, 0x2C, 0x2C, 0x2C, 0x2C, 0x2C, 0x2C, 0x2C, 0x2C, 0x2C, 0x2D, 0x2D,
    0x2C, 0x2C, 0x2C, 0x2C, 0x2C, 0x2C, 0x2B, 0x2C, 0x2C, 0x2C, 0x2C, 0x2C, 0x2C, 0x2C, 0x2C, 0x2C,
    0x2C, 0x2D, 0x2C, 0x2C, 0x2C, 0x2C, 0x2C, 0x2C, 0x2C, 0x2C, 0x2D, 0x2C, 0x2D, 0x2B, 0x2B, 0x28,
    0xD7, 0xDC, 0xD4, 0x2C, 0x2E, 0xDC, 0x36, 0x2A, 0xD9, 0x41, 0x2D, 0xDA, 0x73, 0xDB, 0x50, 0x29,
    0xD9, 0xE3, 0x2A, 0x2A, 0x2B, 0x77, 0xDA, 0x2A, 0x2B, 0x28, 0x25, 0xDA, 0x23, 0x1E, 0x22, 0x25,
    0x2B, 0x2B, 0xE1, 0xD7, 0xD6, 0xD2, 0x2D, 0x36, 0xD9, 0x2E, 0x4B, 0xD9, 0x2A, 0x2A, 0x2A, 0x28,
    0xD7, 0xDF, 0x28, 0xDA, 0x25, 0x2C, 0x2B, 0x2B, 0x2B, 0xE2, 0xC2, 0x2A, 0xE1, 0xD9, 0xD9, 0xD9,
    0xDC, 0x29, 0x2A, 0x2B, 0x2B, 0x29, 0xDE, 0xD8, 0xDA, 0xDA, 0xD7, 0xDA, 0x2C, 0x2B, 0x2C, 0xDA,
    0xD9, 0xDA, 0xD8, 0x2D, 0x2C, 0x2D, 0x2C, 0x2A, 0x25, 0xC2, 0x45, 0x2C, 0x2C, 0x2D, 0x2C, 0x2D,
    0xD5, 0x24, 0x2C, 0x2B, 0x2C, 0x2C, 0x2D, 0x2B, 0x2C, 0x2C, 0x2D, 0x2D, 0x2B, 0x2D, 0x2C, 0x2C,
    0x2C, 0x2C, 0x2D, 0x2C, 0x2C, 0x2C, 0x2C, 0x2C, 0x2C, 0x2D, 0x2C, 0x2C, 0x2D, 0x2C, 0x2C, 0x2C,
    0x2C, 0x2C, 0x2C, 0x2C, 0x2C, 0x2D, 0x2C, 0x2D, 0x2C, 0x2C, 0x2C, 0x2C, 0x2D, 0x2C, 0x2D, 0x2C,
    0x2C, 0x2C, 0x2C, 0x2C, 0x2C, 0x2D, 0x2C, 0x2C, 0x2C, 0x2C, 0x2C, 0x2C, 0x2C, 0x2D, 0x2C, 0x2C,
    0x2C, 0x2C, 0x2D, 0x2C, 0x2D, 0x2C, 0x3D, 0x3B, 0x35, 0xAC, 0xAE, 0xDD, 0xD9, 0xD9, 0xDB, 0xD9,
    0xD9, 0xD9, 0xD9, 0xD9, 0xD8, 0x78, 0x2C, 0x2D, 0xD7, 0xD6, 0xBC, 0x2C, 0x2D, 0x2D, 0x2C, 0x2C,
    0x2B, 0x2B, 0x2C, 0x2B, 0x2B, 0x2D, 0x2D, 0x2C, 0x2B, 0x2D, 0x2D, 0x2C, 0x2E, 0x2C, 0x2C, 0x2B,
    0x2C, 0x2C, 0x2B, 0x2C, 0x2C, 0x2C, 0x2D, 0x2C, 0x2C, 0x2C, 0x2C, 0x2C, 0x2C, 0x2C, 0x2C, 0x2D,
    0x2C, 0x2C, 0x2C, 0x2C, 0x2C, 0x2C, 0x2C, 0x2C, 0x2C, 0x2C, 0x2C, 0x2C, 0x2C, 0x2C, 0x2C, 0x2D,
    0x2C, 0x2C, 0x2D, 0x2C, 0x2C, 0x2C, 0x2C, 0x2C, 0x2C, 0x2C, 0x2B, 0x2C, 0x2D, 0x2B, 0x2C, 0x29,
    0xD6, 0x2A, 0x39, 0xD9, 0x99, 0xDA, 0x37, 0x2B, 0xD8, 0x3D, 0x2A, 0xD7, 0x58, 0x2A, 0xDB, 0xD9,
    0xD2, 0xE2, 0x2B, 0x2B, 0x2A, 0x77, 0xD7, 0x2A, 0x2C, 0x2C, 0x24, 0xD6, 0x4C, 0x45, 0x44, 0x3B,
    0x2A, 0x2C, 0xDF, 0xD1, 0x2B, 0xCD, 0xD7, 0x3F, 0xD7, 0x2E, 0x4F, 0xDA, 0x28, 0x28, 0x29, 0x29,
    0xCD, 0xDF, 0x2D, 0xDC, 0x25, 0x2B, 0x2A, 0x29, 0x2D, 0xE2, 0xC6, 0x29, 0xDF, 0xD7, 0xD9, 0xD9,
    0xDF, 0x2A, 0x2A, 0x2C, 0x2A, 0x2C, 0x2B, 0x2E, 0xE1, 0xD8, 0xD8, 0xD8, 0xD9, 0x2B, 0x59, 0xDB,
    0xD9, 0xDB, 0xDA, 0x2D, 0x29, 0x2A, 0x2A, 0x2A, 0x2C, 0x2C, 0x2D, 0x2C, 0x2D, 0x2F, 0x2E, 0x2E,
    0xD6, 0x23, 0x29, 0x2B, 0x2A, 0x2C, 0x2B, 0x2C, 0x2C, 0x2C, 0x2C, 0x2C, 0x2D, 0x2C, 0x2C, 0x2C,
    0x2C, 0x2D, 0x2C, 0x2C, 0x2C, 0x2C, 0x2C, 0x2C, 0x2C, 0x2C, 0x2D, 0x2C, 0x2C, 0x2C, 0x2C, 0x2C,
    0x2C, 0x2D, 0x2D, 0x2C, 0x2C, 0x2D, 0x2C, 0x2D, 0x2C, 0x2C, 0x2C, 0x2C, 0x2C, 0x2D, 0x2C, 0x2C,
    0x2C, 0x2C, 0x2D, 0x2B, 0x2D, 0x2D, 0x2D, 0x2C, 0x2D, 0x2C, 0x2C, 0x2C, 0x2C, 0x2C, 0x2E, 0x2C,
    0x2C, 0x2D, 0x2C, 0x2F, 0x2D, 0x2E, 0xDC, 0xD6, 0xE1, 0x2B, 0x2B, 0xE2, 0xD7, 0xDA, 0xD9, 0xD9,
    0xD9, 0xD7, 0xD8, 0xD7, 0xD8, 0x77, 0x29, 0x2D, 0x27, 0x2A, 0x29, 0x2B, 0x2C, 0x2D, 0x2C, 0x2C,
    0x2D, 0x2D, 0x2C, 0x2D, 0x2C, 0x2D, 0x2D, 0x2C, 0x2C, 0x2C, 0x2D, 0x2D, 0x2D, 0x2C, 0x2C, 0x2C,
    0x2C, 0x2C, 0x2C, 0x2C, 0x2C, 0x2C, 0x2C, 0x2D, 0x2C, 0x2C, 0x2D, 0x2C, 0x2C, 0x2D, 0x2C, 0x2C,
    0x2C, 0x2C, 0x2C, 0x2C, 0x2C, 0x2C, 0x2C, 0x2D, 0x2C, 0x2D, 0x2C, 0x2C, 0x2C, 0x2C, 0x2D, 0x2C,
    0x2C, 0x2C, 0x2D, 0x2C, 0x2C, 0x2C, 0x2B, 0x2C, 0x2D, 0x2C, 0x2D, 0x2C, 0x2C, 0x2C, 0x2B, 0x2A,
    0xD5, 0x2A, 0x2A, 0x25, 0xDC, 0xD9, 0x34, 0x2E, 0xDA, 0x3C, 0x2A, 0xD9, 0x59, 0x2A, 0x2B, 0xDF,
    0xDA, 0xE2, 0x2C, 0x2A, 0x2A, 0x79, 0xDA, 0x2A, 0x2B, 0x2D, 0x24, 0xD7, 0x52, 0x53, 0x50, 0x4B,
    0x4D, 0x2F, 0xE0, 0xD1, 0x2E, 0x2D, 0x50, 0xD8, 0xDA, 0x2D, 0x52, 0xD8, 0x3F, 0x42, 0x45, 0x57,
    0xD8, 0x4B, 0x2E, 0xD8, 0x40, 0x41, 0x3E, 0x3D, 0x3D, 0xE4, 0xBF, 0x26, 0xDF, 0xDA, 0xD5, 0xD8,
    0xDF, 0x2D, 0x2B, 0x2C, 0x2D, 0x2D, 0x2C, 0x2B, 0x2B, 0xD8, 0xDC, 0xD9, 0xDB, 0xD1, 0x32, 0xDA,
    0xDA, 0xDB, 0xDA, 0xDA, 0xDE, 0x35, 0x2A, 0x2D, 0x2C, 0x2D, 0x2D, 0x2D, 0x2D, 0x2D, 0x2D, 0x2D,
    0xD6, 0x22, 0x2B, 0x2B, 0x2D, 0x2C, 0x2C, 0x2D, 0x2D, 0x2D, 0x2D, 0x2D, 0x2D, 0x2C, 0x2C, 0x2C,
    0x2C, 0x2D, 0x2C, 0x2C, 0x2C, 0x2C, 0x2C, 0x2C, 0x2C, 0x2C, 0x2D, 0x2D, 0x2C, 0x2C, 0x2C, 0x2E,
    0x2C, 0x2C, 0x2C, 0x2D, 0x2C, 0x2C, 0x2D, 0x2C, 0x2C, 0x2D, 0x2C, 0x2C, 0x2C, 0x2E, 0x2D, 0x2C,
    0x2C, 0x2C, 0x2C, 0x2C, 0x2C, 0x2E, 0x2E, 0x2A, 0x2C, 0x2C, 0x2E, 0x2C, 0x2C, 0x2C, 0x2C, 0x2C,
    0x2C, 0x2C, 0x2C, 0x2C, 0x2C, 0x2D, 0x2D, 0x2E, 0x2C, 0x2C, 0x2C, 0xE2, 0xD9, 0xDA, 0xD9, 0xD8,
    0xD9, 0xD9, 0xD6, 0xD9, 0xD7, 0x79, 0x2B, 0x2C, 0x2C, 0x2C, 0x2B, 0x2D, 0x2C, 0x2D, 0x2D, 0x2D,
    0x2D, 0x2C, 0x2D, 0x2D, 0x2D, 0x2D, 0x2D, 0x2D, 0x2C, 0x2C, 0x2D, 0x2D, 0x2C, 0x2C, 0x2C, 0x2C,
    0x2C, 0x2C, 0x2C, 0x2C, 0x2C, 0x2C, 0x2C, 0x2C, 0x2C, 0x2C, 0x2C, 0x2D, 0x2C, 0x2C, 0x2C, 0x2C,
    0x2C, 0x2C, 0x2C, 0x2C, 0x2C, 0x2C, 0x2C, 0x2C, 0x2D, 0x2C, 0x2C, 0x2E, 0x2C, 0x2C, 0x2D, 0x2C,
    0x2D, 0x2C, 0x2C, 0x2C, 0x2C, 0x2C, 0x2C, 0x2C, 0x2C, 0x2C, 0x2C, 0x2C, 0x2C, 0x2D, 0x2C, 0x27,
    0xBD, 0x2B, 0x2C, 0x2B, 0x2B, 0xC7, 0x2D, 0x2A, 0xC2, 0x3C, 0x2B, 0xC8, 0x51, 0x2C, 0x2B, 0x2A,
    0x92, 0xB6, 0x2C, 0x2C, 0x2D, 0x74, 0xD4, 0x29, 0x2B, 0x2B, 0x23, 0xC9, 0xC8, 0xC8, 0xC8, 0xCA,
    0xD2, 0x2D, 0xDF, 0xC0, 0x2D, 0x2C, 0x2C, 0x37, 0xBD, 0x2B, 0x48, 0xC5, 0xC7, 0xC7, 0xC7, 0xC4,
    0x24, 0x2D, 0x2B, 0x23, 0xC9, 0xCE, 0xD2, 0xD1, 0xCE, 0xC9, 0x28, 0x2B, 0xE1, 0xD9, 0xD6, 0xD9,
    0xE0, 0x2B, 0x2C, 0x2C, 0x2C, 0x2C, 0x2C, 0x2B, 0x2D, 0xE0, 0xDB, 0xDC, 0xDC, 0xDD, 0x29, 0x2D,
    0xCC, 0xD8, 0xDA, 0xDA, 0xDA, 0xDB, 0xDA, 0xDB, 0x7C, 0x2D, 0x2D, 0x2D, 0x2D, 0x2D, 0x2D, 0x2B,
    0xD6, 0x22, 0x2B, 0x2C, 0x2C, 0x2C, 0x2C, 0x2D, 0x2D, 0x2D, 0x2D, 0x2D, 0x2C, 0x2D, 0x2C, 0x2C,
    0x2C, 0x2C, 0x2C, 0x2D, 0x2C, 0x2C, 0x2C, 0x2C, 0x2C, 0x2C, 0x2D, 0x2C, 0x2C, 0x2C, 0x2C, 0x2C,
    0x2C, 0x2C, 0x2D, 0x2D, 0x2C, 0x2C, 0x2C, 0x2C, 0x2C, 0x2C, 0x2C, 0x2C, 0x2C, 0x2C, 0x2C, 0x2C,
    0x2D, 0x2C, 0x2C, 0x2C, 0x2C, 0x2C, 0x2C, 0x2C, 0x2C, 0x2C, 0x2C, 0x2C, 0x2C, 0x2C, 0x2C, 0x2C,
    0x2C, 0x2C, 0x2D, 0x2D, 0x2D, 0x2C, 0x2C, 0x2C, 0x2C, 0x2D, 0x2B, 0xE2, 0xD9, 0xD9, 0xD8, 0xD8,
    0xDA, 0xDA, 0xD8, 0xDA, 0xDA, 0xDF, 0xE1, 0xE2, 0x2D, 0x2B, 0x2B, 0x2C, 0x2D, 0x2D, 0x2D, 0x2D,
    0x2D, 0x2D, 0x2E, 0x2D, 0x2B, 0x2D, 0x2B, 0x2C, 0x2D, 0x2C, 0x2D, 0x2D, 0x2C, 0x2C, 0x2C, 0x2C,
    0x2C, 0x2C, 0x2C, 0x2C, 0x2C, 0x2C, 0x2C, 0x2C, 0x2C, 0x2C, 0x2D, 0x2D, 0x2C, 0x2C, 0x2C, 0x2C,
    0x2C, 0x2C, 0x2C, 0x2D, 0x2D, 0x2C, 0x2C, 0x2D, 0x2C, 0x2C, 0x2C, 0x2C, 0x2C, 0x2C, 0x2C, 0x2C,
    0x2C, 0x2C, 0x2D, 0x2D, 0x2C, 0x2C, 0x2C, 0x2C, 0x2C, 0x2C, 0x2C, 0x2C, 0x2C, 0x2C, 0x2C, 0x2D,
    0x2C, 0x2C, 0x2C, 0x2B, 0x2D, 0x2D, 0x2C, 0x2C, 0x2C, 0x2C, 0x2C, 0x2D, 0x2C, 0x2D, 0x2C, 0x2C,
    0x2C, 0x2D, 0x2C, 0x2C, 0x2C, 0x2B, 0x2D, 0x2C, 0x2C, 0x2B, 0x2B, 0x2E, 0x2C, 0x2D, 0x2C, 0x2C,
    0x2C, 0x2C, 0x2C, 0x2D, 0x2C, 0x2C, 0x2D, 0x2D, 0x2C, 0x2B, 0x2B, 0x2C, 0x2C, 0x2C, 0x2B, 0x2B,
    0x2D, 0x2D, 0x2C, 0x58, 0xDD, 0xDD, 0xDE, 0xE1, 0xDB, 0xD7, 0x29, 0x2A, 0xE1, 0xD9, 0xD9, 0xD9,
    0xE0, 0x2C, 0x2C, 0x2B, 0x2C, 0x2C, 0x2A, 0x2B, 0x2F, 0xDB, 0xDC, 0xDB, 0xDA, 0xE0, 0x2C, 0x2A,
    0x2C, 0x2B, 0x2D, 0x93, 0xD9, 0xDA, 0xD8, 0xD8, 0xD8, 0xDA, 0xDE, 0x2D, 0x2D, 0x2D, 0x2C, 0x2B,
    0xD6, 0x25, 0x2C, 0x2C, 0x2D, 0x2D, 0x2D, 0x2D, 0x2B, 0x2C, 0x2C, 0x2B, 0x2C, 0x2C, 0x2C, 0x2C,
    0x2C, 0x2C, 0x2C, 0x2C, 0x2D, 0x2C, 0x2C, 0x2C, 0x2D, 0x2C, 0x2C, 0x2C, 0x2C, 0x2C, 0x2B, 0x2D,
    0x2D, 0x2D, 0x2D, 0x2D, 0x2D, 0x2C, 0x2C, 0x2C, 0x2C, 0x2C, 0x2C, 0x2C, 0x2C, 0x2C, 0x2C, 0x2C,
    0x2C, 0x2B, 0x2C, 0x2C, 0x2B, 0x2C, 0x2C, 0x2C, 0x2B, 0x2C, 0x2C, 0x2C, 0x2C, 0x2C, 0x2C, 0x2C,
    0x2C, 0x2C, 0x2C, 0x2D, 0x2C, 0x2D, 0x2C, 0x2D, 0x22, 0xE3, 0xE0, 0xDA, 0xD9, 0xD8, 0xD8, 0xD8,
    0xD9, 0xD9, 0xDA, 0xDA, 0xDA, 0xD9, 0xD9, 0xD8, 0x2D, 0x2B, 0x2D, 0x2D, 0x2C, 0x2C, 0x2D, 0x2D,
    0x2D, 0x2D, 0x2D, 0x2D, 0x2D, 0x2B, 0x2D, 0x2C, 0x2C, 0x2C, 0x2D, 0x2D, 0x2D, 0x2C, 0x2C, 0x2C,
    0x2D, 0x2D, 0x2C, 0x2C, 0x2B, 0x2D, 0x2C, 0x2C, 0x2D, 0x2E, 0x2C, 0x2D, 0x2C, 0x2C, 0x2C, 0x2D,
    0x2D, 0x2D, 0x2C, 0x2C, 0x2B, 0x2C, 0x2C, 0x2C, 0x2D, 0x2C, 0x2C, 0x2C, 0x2D, 0x2C, 0x2D, 0x2C,
    0x2C, 0x2C, 0x2C, 0x2C, 0x2C, 0x2C, 0x2C, 0x2D, 0x2D, 0x2C, 0x2D, 0x2D, 0x2D, 0x2D, 0x2D, 0x2C,
    0x2C, 0x2C, 0x2C, 0x2C, 0x2C, 0x2C, 0x2D, 0x2A, 0x2C, 0x2C, 0x2C, 0x2C, 0x2E, 0x2C, 0x2C, 0x2D,
    0x2E, 0x2D, 0x2D, 0x2C, 0x2C, 0x2C, 0x2C, 0x2C, 0x2C, 0x2C, 0x2C, 0x2C, 0x2C, 0x2D, 0x2C, 0x2D,
    0x2C, 0x2D, 0x2D, 0x2C, 0x2B, 0x2C, 0x2D, 0x2C, 0x2C, 0x2C, 0x2C, 0x2C, 0x2C, 0x2C, 0x2B, 0x2B,
    0x2D, 0x2C, 0x2D, 0xD9, 0x21, 0x23, 0x23, 0x28, 0x28, 0xE5, 0xBF, 0x26, 0xE2, 0xD9, 0xDB, 0xD9,
    0xE0, 0x2B, 0x2C, 0x2B, 0x2B, 0x2B, 0x2B, 0x2B, 0x21, 0xD9, 0xDB, 0xDB, 0xDA, 0x94, 0x2B, 0x2A,
    0x2C, 0x2D, 0x2C, 0x2C, 0x2E, 0x2E, 0xBA, 0xD9, 0xD6, 0xD7, 0xD9, 0xE3, 0x2D, 0x2D, 0x2D, 0x2C,
    0xD5, 0x25, 0x2A, 0x2D, 0x2C, 0x2C, 0x2D, 0x2C, 0x2C, 0x2D, 0x2D, 0x2D, 0x2C, 0x2C, 0x2C, 0x2C,
    0x2C, 0x2C, 0x2C, 0x2C, 0x2C, 0x2C, 0x2C, 0x2C, 0x2B, 0x2D, 0x2C, 0x2C, 0x2D, 0x2C, 0x2D, 0x2D,
    0x2D, 0x2D, 0x2D, 0x2C, 0x2D, 0x2C, 0x2D, 0x2D, 0x2C, 0x2C, 0x2C, 0x2D, 0x2C, 0x2D, 0x2C, 0x2E,
    0x2D, 0x2C, 0x2D, 0x2D, 0x2D, 0x2C, 0x2C, 0x2C, 0x2C, 0x2C, 0x2C, 0x2C, 0x2C, 0x2C, 0x2C, 0x2C,
    0x2C, 0x2D, 0x2C, 0x2D, 0x2D, 0x2D, 0x2C, 0x2A, 0x23, 0xDA, 0xDA, 0xD9, 0xD9, 0xD8, 0xD8, 0xD8,
    0xD9, 0xDA, 0xD9, 0xD9, 0xDA, 0x76, 0x22, 0x24, 0xDF, 0xDF, 0xC4, 0x2C, 0x2C, 0x2D, 0x2D, 0x2D,
    0x2D, 0x2D, 0x2D, 0x2C, 0x2D, 0x2D, 0x2D, 0x2C, 0x2C, 0x2C, 0x2C, 0x2C, 0x2C, 0x2C, 0x2C, 0x2C,
    0x2C, 0x2C, 0x2C, 0x2C, 0x2C, 0x2C, 0x2C, 0x2C, 0x2C, 0x2D, 0x2C, 0x2C, 0x2C, 0x2C, 0x2C, 0x2C,
    0x2C, 0x2C, 0x2C, 0x2C, 0x2D, 0x2C, 0x2C, 0x2D, 0x2C, 0x2C, 0x2C, 0x2C, 0x2E, 0x2D, 0x2C, 0x2C,
    0x2C, 0x2C, 0x2C, 0x2C, 0x2C, 0x2C, 0x2C, 0x2C, 0x2C, 0x2C, 0x2C, 0x2C, 0x2D, 0x2C, 0x2C, 0x2C,
    0x2C, 0x2C, 0x2C, 0x2C, 0x2C, 0x2D, 0x2C, 0x2C, 0x2C, 0x2C, 0x2D, 0x2D, 0x2C, 0x2C, 0x2C, 0x2C,
    0x2C, 0x2C, 0x2C, 0x2C, 0x2C, 0x2C, 0x2C, 0x2C, 0x2C, 0x2C, 0x2D, 0x2C, 0x2C, 0x2C, 0x2D, 0x2D,
    0x2D, 0x2C, 0x2C, 0x2C, 0x2C, 0x2C, 0x2C, 0x2C, 0x2C, 0x2C, 0x2C, 0x2C, 0x2D, 0x2B, 0x2B, 0x2B,
    0x2C, 0x2C, 0x2B, 0xDE, 0x23, 0x2D, 0x2C, 0x2B, 0x2D, 0xE7, 0xC8, 0x27, 0xE1, 0xD7, 0xD8, 0xD8,
    0xDF, 0x2B, 0x2A, 0x29, 0x2A, 0x2A, 0x2B, 0x23, 0xD9, 0xDC, 0xDB, 0xDA, 0xDE, 0x2E, 0x2B, 0x2A,
    0x2C, 0x2D, 0x2E, 0x2D, 0x2C, 0x2E, 0x2F, 0xE0, 0xD8, 0xD6, 0xD7, 0xD9, 0x2D, 0x2C, 0x2C, 0x2D,
    0xD6, 0x25, 0x2B, 0x2D, 0x2D, 0x2D, 0x2C, 0x2D, 0x2C, 0x2D, 0x2C, 0x2C, 0x2C, 0x2C, 0x2C, 0x2C,
    0x2C, 0x2D, 0x2C, 0x2C, 0x2D, 0x2C, 0x2D, 0x2C, 0x2C, 0x2C, 0x2C, 0x2B, 0x2C, 0x2D, 0x2C, 0x2C,
    0x2D, 0x2D, 0x2D, 0x2E, 0x2C, 0x2C, 0x2D, 0x2D, 0x2D, 0x2C, 0x2C, 0x2D, 0x2D, 0x2C, 0x2C, 0x2C,
    0x2C, 0x2C, 0x2C, 0x2C, 0x2D, 0x2C, 0x2C, 0x2C, 0x2C, 0x2C, 0x2C, 0x2C, 0x2C, 0x2C, 0x2C, 0x2C,
    0x2C, 0x2C, 0x2D, 0x2C, 0x2D, 0x2C, 0xE5, 0xE0, 0xE5, 0x22, 0x21, 0xE1, 0xD8, 0xD8, 0xD8, 0xD9,
    0xD9, 0xD8, 0xD9, 0xD9, 0xDA, 0x77, 0x2B, 0x2D, 0xD7, 0xD6, 0xBA, 0x2D, 0x2D, 0x2D, 0x2C, 0x2D,
    0x2C, 0x2D, 0x2D, 0x2D, 0x2D, 0x2D, 0x2D, 0x2D, 0x2C, 0x2C, 0x2C, 0x2C, 0x2C, 0x2C, 0x2C, 0x2B,
    0x2C, 0x2D, 0x2D, 0x2D, 0x2D, 0x2D, 0x2C, 0x2D, 0x2D, 0x2C, 0x2C, 0x2C, 0x2C, 0x2C, 0x2C, 0x2C,
    0x2C, 0x2C, 0x2C, 0x2C, 0x2D, 0x2C, 0x2C, 0x2D, 0x2C, 0x2D, 0x2E, 0x2D, 0x2D, 0x2C, 0x2C, 0x2C,
    0x2C, 0x2C, 0x2C, 0x2C, 0x2C, 0x2C, 0x2D, 0x2D, 0x2C, 0x2D, 0x2D, 0x2D, 0x2C, 0x2C, 0x2C, 0x2C,
    0x2C, 0x2C, 0x2C, 0x2C, 0x2C, 0x2C, 0x2F, 0x2C, 0x2E, 0x2C, 0x2C, 0x2D, 0x2C, 0x2E, 0x2D, 0x2C,
    0x2D, 0x2C, 0x2C, 0x2C, 0x2C, 0x2C, 0x2C, 0x2D, 0x2B, 0x2E, 0x2C, 0x2C, 0x2C, 0x2E, 0x2C, 0x2C,
    0x2D, 0x2C, 0x2C, 0x2C, 0x2C, 0x2C, 0x2C, 0x2C, 0x2C, 0x2C, 0x2D, 0x2C, 0x2C, 0x2D, 0x2C, 0x2B,
    0x2B, 0x2D, 0x2B, 0xD6, 0x1E, 0x2B, 0x2B, 0x2B, 0x2C, 0xE4, 0xCA, 0x2D, 0xE1, 0xD9, 0xD8, 0xD8,
    0xDF, 0x57, 0x54, 0x66, 0x9C, 0xE2, 0xD8, 0xD8, 0xD9, 0xD9, 0xD9, 0x94, 0x2C, 0x2B, 0x5D, 0xD6,
    0xDA, 0xDD, 0x8B, 0x51, 0x48, 0x99, 0xDA, 0xD8, 0xD9, 0xD8, 0xD9, 0x26, 0x2B, 0x2C, 0x2C, 0x2D,
    0xD6, 0x25, 0x2B, 0x2C, 0x2D, 0x2D, 0x2C, 0x2C, 0x2D, 0x2C, 0x2C, 0x2E, 0x2C, 0x2C, 0x2C, 0x2C,
    0x2C, 0x2C, 0x2C, 0x2C, 0x2C, 0x2C, 0x2C, 0x2D, 0x2C, 0x2D, 0x2D, 0x2E, 0x2C, 0x2D, 0x2C, 0x2C,
    0x2C, 0x2C, 0x2C, 0x2D, 0x2D, 0x2D, 0x2C, 0x2D, 0x2C, 0x2D, 0x2C, 0x2D, 0x2C, 0x2D, 0x2C, 0x2D,
    0x2C, 0x2C, 0x2C, 0x2C, 0x2C, 0x2C, 0x2C, 0x2C, 0x2C, 0x2C, 0x2C, 0x2D, 0x2D, 0x2D, 0x2C, 0x2C,
    0x2C, 0x2C, 0x2D, 0x2C, 0x2D, 0x2C, 0xDE, 0xD7, 0xDF, 0x2B, 0x2A, 0xE0, 0xD9, 0xD9, 0xD8, 0xD8,
    0xD9, 0xD8, 0xD9, 0xDA, 0xDB, 0xDB, 0xD9, 0xD9, 0x2F, 0x2A, 0x2B, 0x2C, 0x2D, 0x2D, 0x2D, 0x2D,
    0x2D, 0x2D, 0x2E, 0x2E, 0x2D, 0x2D, 0x2D, 0x2D, 0x2C, 0x2C, 0x2C, 0x2C, 0x2C, 0x2C, 0x2C, 0x2C,
    0x2C, 0x2D, 0x2E, 0x2D, 0x2D, 0x2D, 0x2D, 0x2D, 0x2C, 0x2C, 0x2C, 0x2C, 0x2C, 0x2C, 0x2C, 0x2C,
    0x2D, 0x2C, 0x2D, 0x2D, 0x2D, 0x2D, 0x2D, 0x2D, 0x2D, 0x2D, 0x2C, 0x2D, 0x2C, 0x2C, 0x2C, 0x2C,
    0x2C, 0x2C, 0x2C, 0x2C, 0x2D, 0x2E, 0x2D, 0x2D, 0x2D, 0x2D, 0x2C, 0x2D, 0x2D, 0x2C, 0x2D, 0x2C,
    0x2C, 0x2C, 0x2C, 0x2C, 0x2C, 0x2C, 0x2C, 0x2B, 0x2D, 0x2D, 0x2D, 0x2D, 0x2D, 0x2D, 0x2D, 0x2D,
    0x2D, 0x2C, 0x2C, 0x2C, 0x2C, 0x2C, 0x2C, 0x2C, 0x2C, 0x2C, 0x2C, 0x2E, 0x2D, 0x2C, 0x2D, 0x2D,
    0x2E, 0x2C, 0x2C, 0x2C, 0x2C, 0x2C, 0x2C, 0x2C, 0x2C, 0x2C, 0x2C, 0x2D, 0x2D, 0x2E, 0x2D, 0x2D,
    0x2D, 0x2B, 0x2B, 0xDB, 0xD9, 0xD9, 0xD7, 0xD5, 0xD5, 0xD4, 0x83, 0x30, 0xE0, 0xD9, 0xDB, 0xD9,
    0xD4, 0xD8, 0xD9, 0xD9, 0xD9, 0xD9, 0xDA, 0xDA, 0xE0, 0x69, 0x2C, 0x2A, 0x2C, 0x2A, 0x58, 0xD8,
    0xD8, 0xD9, 0xD8, 0xD9, 0xD9, 0xD6, 0xD6, 0xD9, 0xDB, 0x82, 0x2D, 0x2C, 0x2A, 0x2B, 0x70, 0xDA,
    0xD6, 0x23, 0x2B, 0x2D, 0x2D, 0x2D, 0x2D, 0x2E, 0x2D, 0x2D, 0x2D, 0x2D, 0x2D, 0x2C, 0x2C, 0x2C,
    0x2C, 0x2C, 0x2C, 0x2C, 0x2C, 0x2D, 0x2D, 0x2D, 0x2D, 0x2D, 0x2D, 0x2D, 0x2C, 0x2C, 0x2C, 0x2C,
    0x2C, 0x2D, 0x2C, 0x2C, 0x2C, 0x2C, 0x2D, 0x2D, 0x2C, 0x2D, 0x2D, 0x2D, 0x2D, 0x2D, 0x2D, 0x2C,
    0x2C, 0x2C, 0x2C, 0x2C, 0x2C, 0x2C, 0x2C, 0x2C, 0x2C, 0x2D, 0x2D, 0x2D, 0x2C, 0x2D, 0x2D, 0x2D,
    0x2C, 0x2C, 0x2D, 0x2D, 0x2D, 0x2C, 0x2C, 0x2E, 0x26, 0xDC, 0xDD, 0xD8, 0xD9, 0xD8, 0xD8, 0xD8,
    0xD8, 0xD9, 0xD8, 0xDA, 0xD8, 0xD8, 0xD7, 0xD8, 0x2D, 0x2B, 0x2C, 0x2C, 0x2D, 0x2D, 0x2D, 0x2D,
    0x2D, 0x2D, 0x2D, 0x2D, 0x2C, 0x2C, 0x2E, 0x2C, 0x2C, 0x2C, 0x2C, 0x2C, 0x2C, 0x2C, 0x2C, 0x2C,
    0x2C, 0x2D, 0x2C, 0x2D, 0x2C, 0x2C, 0x2C, 0x2C, 0x2C, 0x2C, 0x2C, 0x2C, 0x2C, 0x2C, 0x2C, 0x2C,
    0x2C, 0x2C, 0x2C, 0x2C, 0x2D, 0x2D, 0x2C, 0x2C, 0x2C, 0x2D, 0x2C, 0x2D, 0x2C, 0x2C, 0x2C, 0x2C,
    0x2C, 0x2C, 0x2C, 0x2C, 0x2C, 0x2C, 0x2D, 0x2D, 0x2C, 0x2C, 0x2C, 0x2C, 0x2C, 0x2C, 0x2C, 0x2C,
    0x2C, 0x2C, 0x2D, 0x2C, 0x2C, 0x2D, 0x2D, 0x2C, 0x2C, 0x2D, 0x2B, 0x2C, 0x2C, 0x2C, 0x2C, 0x2C,
    0x2C, 0x2C, 0x2C, 0x2C, 0x2C, 0x2C, 0x2C, 0x2C, 0x2C, 0x2C, 0x2C, 0x2C, 0x2C, 0x2C, 0x2C, 0x2C,
    0x2C, 0x2C, 0x2C, 0x2C, 0x2C, 0x2C, 0x2D, 0x2C, 0x2C, 0x2C, 0x2C, 0x2D, 0x2C, 0x2E, 0x2C, 0x2C,
    0x2C, 0x2C, 0x2B, 0x29, 0x29, 0x29, 0x27, 0x28, 0x29, 0x2A, 0x2C, 0x2C, 0x2A, 0x2B, 0x2A, 0x2B,
    0x2B, 0x2B, 0x2C, 0x2C, 0x2B, 0x2C, 0x34, 0x2D, 0x2C, 0x2C, 0x2B, 0x2C, 0x2C, 0x2D, 0x2B, 0x2C,
    0x2C, 0x2E, 0x2B, 0x29, 0x2A, 0x2B, 0x2E, 0x2D, 0x2A, 0x2B, 0x2A, 0x2A, 0x2B, 0xE6, 0xD9, 0xD9,
    0xD7, 0x27, 0x2D, 0x2E, 0x2D, 0x2C, 0x2D, 0x2C, 0x2C, 0x2C, 0x2C, 0x2C, 0x2C, 0x2C, 0x2C, 0x2C,
    0x2D, 0x2C, 0x2C, 0x2C, 0x2D, 0x2D, 0x2D, 0x2D, 0x2D, 0x2D, 0x2C, 0x2D, 0x2C, 0x2C, 0x2D, 0x2D,
    0x2C, 0x2C, 0x2C, 0x2C, 0x2C, 0x2C, 0x2D, 0x2C, 0x2D, 0x2C, 0x2D, 0x2C, 0x2C, 0x2C, 0x2D, 0x2C,
    0x2C, 0x2C, 0x2C, 0x2C, 0x2C, 0x2C, 0x2C, 0x2C, 0x2C, 0x2D, 0x2C, 0x2D, 0x2D, 0x2C, 0x2D, 0x2C,
    0x2C, 0x2C, 0x2C, 0x2D, 0x2C, 0x2C, 0x2C, 0x2C, 0x24, 0xD9, 0xDA, 0xDA, 0xDA, 0xD9, 0xD8, 0xD8,
    0xD9, 0xD8, 0xD8, 0xD7, 0xD9, 0x76, 0x2C, 0x2D, 0x2D, 0x2C, 0x2C, 0x2D, 0x2D, 0x2C, 0x2D, 0x2E,
    0x2D, 0x2D, 0x2C, 0x2E, 0x2D, 0x2D, 0x2D, 0x2B, 0x2C, 0x2C, 0x2C, 0x2C, 0x2C, 0x2C, 0x2C, 0x2C,
    0x2C, 0x2C, 0x2C, 0x2C, 0x2C, 0x2C, 0x2D, 0x2C, 0x2C, 0x2C, 0x2C, 0x2C, 0x2B, 0x2C, 0x2C, 0x2C,
    0x2C, 0x2D, 0x2D, 0x2C, 0x2C, 0x2D, 0x2C, 0x2C, 0x2C, 0x2C, 0x2D, 0x2C, 0x2C, 0x2C, 0x2C, 0x2C,
    0x2C, 0x2C, 0x2C, 0x2D, 0x2C, 0x2C, 0x2C, 0x2D, 0x2C, 0x2C, 0x2C, 0x2C, 0x2C, 0x2C, 0x2C, 0x2C,
    0x2C, 0x2D, 0x2C, 0x2D, 0x2B, 0x2B, 0x2C, 0x2C, 0x2B, 0x2B, 0x2B, 0x2C, 0x2B, 0x2B, 0x2B, 0x2D,
    0x2D, 0x2C, 0x2C, 0x2C, 0x2C, 0x2C, 0x2C, 0x2C, 0x2C, 0x2C, 0x2D, 0x2D, 0x2C, 0x2C, 0x2C, 0x2D,
    0x2D, 0x2C, 0x2C, 0x2C, 0x2C, 0x2C, 0x2C, 0x2C, 0x2C, 0x2C, 0x2D, 0x2C, 0x2C, 0x2D, 0x2C, 0x2D,
    0x2C, 0x2C, 0x2C, 0x2C, 0x2C, 0x2C, 0x2B, 0x2B, 0x2B, 0x2B, 0x2B, 0x2B, 0x2B, 0x2B, 0x2C, 0x2C,
    0x2B, 0x2B, 0x2B, 0x2B, 0x2C, 0x2C, 0x2B, 0x2B, 0x2B, 0x2A, 0x2C, 0x2B, 0x2C, 0x2D, 0x2C, 0x2C,
    0x2C, 0x2C, 0x2C, 0x2C, 0x2C, 0x2C, 0x2B, 0x2C, 0x2B, 0x2C, 0x2B, 0x2B, 0x2C, 0x2D, 0x2D, 0x2E,
    0x2D, 0x2B, 0x2C, 0x2C, 0x2C, 0x2C, 0x2D, 0x2C, 0x2C, 0x2C, 0x2C, 0x2C, 0x2C, 0x2C, 0x2C, 0x2C,
    0x2C, 0x2C, 0x2C, 0x2C, 0x2D, 0x2D, 0x2C, 0x2D, 0x2C, 0x2C, 0x2C, 0x2C, 0x2C, 0x2D, 0x2B, 0x2D,
    0x2C, 0x2C, 0x2C, 0x2D, 0x2C, 0x2C, 0x2D, 0x2C, 0x2C, 0x2C, 0x2C, 0x2C, 0x2C, 0x2C, 0x2C, 0x2C,
    0x2C, 0x2C, 0x2C, 0x2C, 0x2D, 0x2C, 0x2C, 0x2C, 0x2C, 0x2C, 0x2C, 0x2C, 0x2C, 0x2C, 0x2C, 0x2C,
    0x2C, 0x2D, 0x2C, 0x2D, 0x2D, 0x2D, 0x2D, 0x2D, 0x2D, 0x2C, 0x2D, 0xE0, 0xD8, 0xD9, 0xD8, 0xD9,
    0xD9, 0xD9, 0xD9, 0xD9, 0xD8, 0x78, 0x2A, 0x2C, 0x2B, 0x2B, 0x2D, 0x2D, 0x2D, 0x2D, 0x2D, 0x2B,
    0x2C, 0x2D, 0x2D, 0x2D, 0x2D, 0x2C, 0x2D, 0x2D, 0x2D, 0x2D, 0x2C, 0x2C, 0x2C, 0x2C, 0x2C, 0x2C,
    0x2C, 0x2C, 0x2C, 0x2C, 0x2C, 0x2D, 0x2C, 0x2C, 0x2C, 0x2D, 0x2C, 0x2C, 0x2C, 0x2C, 0x2C, 0x2D,
    0x2C, 0x2C, 0x2C, 0x2C, 0x2D, 0x2C, 0x2C, 0x2C, 0x2C, 0x2D, 0x2D, 0x2D, 0x2C, 0x2C, 0x2C, 0x2C,
    0x2C, 0x2C, 0x2C, 0x2C, 0x2C, 0x2C, 0x2C, 0x2C, 0x2C, 0x2C, 0x2D, 0x2C, 0x2D, 0x2E, 0x2D, 0x2B,
    0x2B, 0x2C, 0x2C, 0x2B, 0x2B, 0x2B, 0x2A, 0x2B, 0x2C, 0x28, 0x29, 0x29, 0x2A, 0x2C, 0x2B, 0x2C,
    0x2D, 0x2C, 0x2E, 0x2D, 0x2C, 0x2C, 0x2C, 0x2C, 0x2C, 0x2C, 0x2C, 0x2C, 0x2C, 0x2C, 0x2C, 0x2D,
    0x2D, 0x2D, 0x2D, 0x2C, 0x2C, 0x2C, 0x2C, 0x2C, 0x2C, 0x2C, 0x2C, 0x2D, 0x2C, 0x2C, 0x2C, 0x2C,
    0x2C, 0x2C, 0x2C, 0x2C, 0x2C, 0x2C, 0x2C, 0x2C, 0x2E, 0x2D, 0x2C, 0x2C, 0x2C, 0x2C, 0x2B, 0x2C,
    0x2C, 0x2D, 0x2C, 0x2B, 0x2B, 0x2C, 0x2B, 0x2B, 0x2C, 0x2C, 0x2C, 0x2B, 0x2A, 0x2B, 0x2C, 0x2C,
    0x2B, 0x2B, 0x2C, 0x2C, 0x2B, 0x2B, 0x2B, 0x2C, 0x2D, 0x2C, 0x2D, 0x2C, 0x2C, 0x2D, 0x2B, 0x2C,
    0x2C, 0x2C, 0x2C, 0x2D, 0x2C, 0x2C, 0x2D, 0x2D, 0x2D, 0x2D, 0x2D, 0x2C, 0x2D, 0x2C, 0x2C, 0x2C,
    0x2C, 0x2C, 0x2C, 0x2C, 0x2C, 0x2D, 0x2C, 0x2C, 0x2C, 0x2C, 0x2C, 0x2C, 0x2D, 0x2C, 0x2D, 0x2D,
    0x2C, 0x2D, 0x2C, 0x2C, 0x2C, 0x2C, 0x2C, 0x2C, 0x2C, 0x2C, 0x2C, 0x2B, 0x2D, 0x2C, 0x2D, 0x2D,
    0x2C, 0x2D, 0x2C, 0x2C, 0x2C, 0x2C, 0x2C, 0x2C, 0x2B, 0x2C, 0x2D, 0x2C, 0x2C, 0x2D, 0x2C, 0x2C,
    0x2D, 0x2D, 0x2C, 0x2D, 0x2D, 0x2D, 0x2C, 0x2D, 0x2D, 0x2D, 0x2D, 0xE1, 0xD8, 0xD8, 0xD8, 0xD9,
    0xD8, 0xD9, 0xD9, 0xD9, 0xDA, 0x78, 0x2A, 0x2C, 0x2C, 0x2B, 0x2D, 0x2D, 0x2D, 0x2D, 0x2C, 0x2C,
    0x2C, 0x2C, 0x2C, 0x2C, 0x2D, 0x2D, 0x2C, 0x2C, 0x2C, 0x2C, 0x2C, 0x2C, 0x2C, 0x2C, 0x2C, 0x2C,
    0x2E, 0x2C, 0x2C, 0x2C, 0x2C, 0x2C, 0x2C, 0x2D, 0x2D, 0x2C, 0x2C, 0x2C, 0x2C, 0x2D, 0x2C, 0x2C,
    0x2C, 0x2C, 0x2C, 0x2C, 0x2C, 0x2C, 0x2C, 0x2C, 0x2D, 0x2C, 0x2D, 0x2D, 0x2C, 0x2C, 0x2C, 0x2D,
    0x2C, 0x2D, 0x2C, 0x2C, 0x2C, 0x2D, 0x2C, 0x2C, 0x2C, 0x2C, 0x2C, 0x2D, 0x2C, 0x2B, 0x2C, 0x2B,
    0x2B, 0xDD, 0xDC, 0xDB, 0xD9, 0xD8, 0xDB, 0xD7, 0xD6, 0xD4, 0xD4, 0xD5, 0xD5, 0xD7, 0xD6, 0x2C,
    0x2B, 0x2D, 0x2C, 0x2C, 0x2B, 0x2C, 0x2C, 0x2C, 0x2C, 0x2C, 0x2C, 0x2C, 0x2C, 0x2C, 0x2C, 0x2D,
    0x2C, 0x2C, 0x2C, 0x2D, 0x2C, 0x2C, 0x2D, 0x2C, 0x2C, 0x2C, 0x2C, 0x2C, 0x2C, 0x2C, 0x2C, 0x2C,
    0x2D, 0x2D, 0x2C, 0x2C, 0x2C, 0x2C, 0x2C, 0x2D, 0x2D, 0x2C, 0x2C, 0x2C, 0x2D, 0x2C, 0x2C, 0x2C,
    0x2C, 0x2C, 0x2C, 0x2D, 0x2C, 0x2D, 0x2C, 0x2B, 0x2B, 0x2D, 0x2B, 0x2A, 0x2B, 0x2B, 0x2B, 0x2D,
    0x2C, 0x2C, 0x2C, 0x2C, 0x2C, 0x2C, 0x2C, 0x2B, 0x2C, 0x2C, 0x2C, 0x2C, 0x2C, 0x2C, 0x2C, 0x2D,
    0x2C, 0x2C, 0x2D, 0x2C, 0x2C, 0x2D, 0x2C, 0x2D, 0x2C, 0x2C, 0x2D, 0x2D, 0x2D, 0x2D, 0x2C, 0x2C,
    0x2C, 0x2D, 0x2C, 0x2C, 0x2D, 0x2C, 0x2C, 0x2C, 0x2C, 0x2C, 0x2C, 0x2C, 0x2C, 0x2C, 0x2C, 0x2D,
    0x2C, 0x2D, 0x2C, 0x2B, 0x2D, 0x2D, 0x2C, 0x2C, 0x2C, 0x2C, 0x2B, 0x2C, 0x2C, 0x2C, 0x2D, 0x2C,
    0x2C, 0x2C, 0x2D, 0x2D, 0x2C, 0x2C, 0x2C, 0x2C, 0x2C, 0x2C, 0x2C, 0x2C, 0x2D, 0x2C, 0x2C, 0x2C,
    0x2C, 0x2C, 0x2C, 0x2B, 0x2C, 0x2D, 0x2D, 0x2D, 0x2D, 0x2C, 0x2C, 0xDF, 0xD9, 0xD9, 0xD8, 0xD8,
    0xD8, 0xD9, 0xD9, 0xDA, 0xD9, 0x78, 0x2B, 0x2C, 0x2B, 0x2C, 0x2D, 0x2C, 0x2D, 0x2C, 0x2C, 0x2C,
    0x2C, 0x2C, 0x2B, 0x2B, 0x2D, 0x2C, 0x2C, 0x2C, 0x2D, 0x2C, 0x2C, 0x2D, 0x2C, 0x2D, 0x2C, 0x2C,
    0x2C, 0x2C, 0x2C, 0x2C, 0x2C, 0x2B, 0x2B, 0x2C, 0x2D, 0x2C, 0x2C, 0x2C, 0x2C, 0x2C, 0x2C, 0x2C,
    0x2C, 0x2D, 0x2C, 0x2C, 0x2C, 0x2C, 0x2C, 0x2C, 0x2C, 0x2D, 0x2C, 0x2C, 0x2C, 0x2C, 0x2C, 0x2C,
    0x2C, 0x2C, 0x2B, 0x2C, 0x2C, 0x2C, 0x2C, 0x2C, 0x2C, 0x2C, 0x2C, 0x2C, 0x2B, 0x2B, 0x2A, 0x1F,
    0xD8, 0xD7, 0x25, 0x3D, 0xD8, 0xDA, 0x2E, 0x96, 0xDB, 0x2C, 0x2C, 0xD8, 0xCF, 0x2E, 0x2A, 0xD8,
    0xD7, 0xCD, 0x2B, 0x2B, 0x2B, 0x2B, 0x2B, 0x2D, 0x2B, 0x2C, 0x2C, 0x2C, 0x2C, 0x2C, 0x2C, 0x2C,
    0x2C, 0x2D, 0x2C, 0x2C, 0x2C, 0x2C, 0x2C, 0x2C, 0x2C, 0x2C, 0x2C, 0x2C, 0x2C, 0x2C, 0x2C, 0x2C,
    0x2D, 0x2C, 0x2C, 0x2C, 0x2B, 0x2C, 0x2C, 0x2C, 0x2C, 0x2C, 0x2B, 0x2C, 0x2C, 0x2C, 0x2C, 0x2C,
    0x2C, 0x2C, 0x2C, 0x2C, 0x2C, 0x2C, 0x2C, 0x2C, 0x2C, 0x2C, 0x2C, 0x2C, 0x2C, 0x2D, 0x2C, 0x2C,
    0x2C, 0x2C, 0x2D, 0x2C, 0x2C, 0x2C, 0x2C, 0x2C, 0x2C, 0x2C, 0x2C, 0x2C, 0x2B, 0x2C, 0x2C, 0x2C,
    0x2C, 0x2C, 0x2C, 0x2C, 0x2C, 0x2D, 0x2C, 0x2C, 0x2C, 0x2C, 0x2C, 0x2C, 0x2D, 0x2C, 0x2C, 0x2C,
    0x2C, 0x2C, 0x2C, 0x2C, 0x2E, 0x2C, 0x2C, 0x2D, 0x2B, 0x2D, 0x2C, 0x2C, 0x2B, 0x2C, 0x2C, 0x2D,
    0x2D, 0x2C, 0x2C, 0x2B, 0x2D, 0x2C, 0x2C, 0x2D, 0x2D, 0x2C, 0x2C, 0x2C, 0x2B, 0x2B, 0x2C, 0x2C,
    0x2C, 0x2C, 0x2C, 0x2D, 0x2D, 0x2C, 0x2C, 0x2D, 0x2C, 0x2C, 0x2C, 0x2D, 0x2C, 0x2C, 0x2B, 0x2C,
    0x2C, 0x2C, 0x2C, 0x2C, 0x2C, 0x2C, 0x2B, 0x2D, 0x2E, 0x2C, 0x2A, 0xE1, 0xD8, 0xD8, 0xD9, 0xDB,
    0xD9, 0xD9, 0xD8, 0xDA, 0xD9, 0xDA, 0xDA, 0xD8, 0x2F, 0x2C, 0x2D, 0x2C, 0x2D, 0x2D, 0x2D, 0x2B,
    0x2C, 0x2D, 0x2D, 0x2C, 0x2B, 0x2C, 0x2C, 0x2D, 0x2D, 0x2C, 0x2D, 0x2C, 0x2D, 0x2C, 0x2C, 0x2C,
    0x2C, 0x2C, 0x2C, 0x2D, 0x2C, 0x2C, 0x2D, 0x2C, 0x2C, 0x2C, 0x2C, 0x2C, 0x2C, 0x2D, 0x2C, 0x2C,
    0x2C, 0x2C, 0x2C, 0x2C, 0x2C, 0x2D, 0x2C, 0x2C, 0x2B, 0x2D, 0x2D, 0x2C, 0x2C, 0x2C, 0x2C, 0x2C,
    0x2C, 0x2C, 0x2D, 0x2C, 0x2C, 0x2C, 0x2C, 0x2C, 0x2C, 0x2C, 0x2D, 0x2A, 0x2C, 0xBC, 0xD4, 0xDC,
    0x2B, 0x2B, 0x2A, 0x2A, 0x2A, 0x2C, 0x2A, 0x2B, 0x2A, 0x2B, 0x2C, 0x2C, 0x2C, 0x2B, 0x2C, 0x2B,
    0xBF, 0xD9, 0xDC, 0x2B, 0x2C, 0x2C, 0x2B, 0x2B, 0x2C, 0x2D, 0x2C, 0x2C, 0x2C, 0x2C, 0x2C, 0x2C,
    0x2C, 0x2C, 0x2C, 0x2C, 0x2C, 0x2D, 0x2C, 0x2C, 0x2D, 0x2C, 0x2D, 0x2D, 0x2C, 0x2C, 0x2C, 0x2C,
    0x2C, 0x2D, 0x2D, 0x2C, 0x2C, 0x2C, 0x2C, 0x2D, 0x2C, 0x2D, 0x2D, 0x2C, 0x2C, 0x2C, 0x2C, 0x2C,
    0x2C, 0x2C, 0x2C, 0x2D, 0x2C, 0x2C, 0x2D, 0x2C, 0x2C, 0x2C, 0x2C, 0x2D, 0x2D, 0x2C, 0x2C, 0x2C,
    0x2C, 0x2D, 0x2C, 0x2D, 0x2C, 0x2C, 0x2C, 0x2C, 0x2C, 0x2C, 0x2C, 0x2C, 0x2D, 0x2C, 0x2C, 0x2C,
    0x2D, 0x2C, 0x2C, 0x2C, 0x2C, 0x2C, 0x2C, 0x2C, 0x2B, 0x2C, 0x2C, 0x2C, 0x2C, 0x2C, 0x2C, 0x2C,
    0x2C, 0x2C, 0x2C, 0x2C, 0x2D, 0x2C, 0x2C, 0x2C, 0x2C, 0x2C, 0x2C, 0x2C, 0x2A, 0xDD, 0xD9, 0xD8,
    0xD9, 0xD6, 0x2A, 0x2A, 0x2C, 0x2D, 0x2C, 0x2D, 0x2C, 0x2C, 0x2D, 0x2C, 0x2B, 0x2C, 0x2C, 0x2C,
    0x2D, 0x2C, 0x2C, 0x2C, 0x2C, 0x2C, 0x2C, 0x2C, 0x2C, 0x2C, 0x2C, 0x2C, 0x2C, 0x2C, 0x2C, 0x2D,
    0x2C, 0x2C, 0x2C, 0x2D, 0x2D, 0x2D, 0x2B, 0x2B, 0x24, 0xDB, 0xD9, 0xD9, 0xD7, 0xDA, 0xD8, 0xD8,
    0xD8, 0xD9, 0xD9, 0xD8, 0xD9, 0xDA, 0xDA, 0xD8, 0x2E, 0x2C, 0x2D, 0x2D, 0x2D, 0x2C, 0x2C, 0x2C,
    0x2D, 0x2D, 0x2B, 0x2B, 0x2B, 0x2D, 0x2C, 0x2C, 0x2C, 0x2C, 0x2D, 0x2D, 0x2C, 0x2C, 0x2C, 0x2D,
    0x2B, 0x2B, 0x2C, 0x2C, 0x2C, 0x2C, 0x2C, 0x2C, 0x2B, 0x2C, 0x2C, 0x2C, 0x2D, 0x2C, 0x2C, 0x2D,
    0x2D, 0x2C, 0x2C, 0x2C, 0x2C, 0x2C, 0x2C, 0x2C, 0x2C, 0x2C, 0x2C, 0x2C, 0x2C, 0x2D, 0x2C, 0x2C,
    0x2D, 0x2D, 0x2D, 0x2C, 0x2C, 0x2C, 0x2C, 0x2C, 0x2C, 0x2C, 0x2C, 0x2B, 0x2B, 0xB5, 0xDE, 0x2B,
    0x2B, 0x2B, 0x2B, 0x28, 0x2B, 0x2B, 0x2A, 0x2B, 0x2C, 0x2B, 0x2B, 0x2C, 0x2B, 0x2C, 0x2B, 0x2C,
    0x2A, 0x31, 0xDA, 0x2A, 0x2B, 0x2E, 0x2D, 0x2D, 0x2C, 0x2B, 0x2B, 0x2B, 0x2C, 0x2C, 0x2C, 0x2B,
    0x2C, 0x2C, 0x2C, 0x2C, 0x2C, 0x2C, 0x2C, 0x2C, 0x2C, 0x2C, 0x2C, 0x2C, 0x2C, 0x2D, 0x2C, 0x2C,
    0x2C, 0x2C, 0x2C, 0x2C, 0x2C, 0x2C, 0x2C, 0x2D, 0x2D, 0x2C, 0x2D, 0x2C, 0x2D, 0x2D, 0x2C, 0x2C,
    0x2D, 0x2C, 0x2C, 0x2B, 0x2C, 0x2B, 0x2C, 0x2C, 0x2D, 0x2D, 0x2D, 0x2C, 0x2D, 0x2D, 0x2C, 0x2C,
    0x2C, 0x2C, 0x2C, 0x2C, 0x2C, 0x2C, 0x2C, 0x2C, 0x2C, 0x2C, 0x2C, 0x2D, 0x2D, 0x2D, 0x2D, 0x2C,
    0x2C, 0x2C, 0x2C, 0x2C, 0x2C, 0x2C, 0x2C, 0x2C, 0x2C, 0x2C, 0x2C, 0x2C, 0x2D, 0x2D, 0x2D, 0x2C,
    0x2D, 0x2C, 0x2D, 0x2C, 0x2C, 0x2C, 0x2D, 0x2C, 0x2B, 0x2B, 0x2A, 0x2C, 0xD8, 0xD9, 0xD9, 0xDA,
    0xD8, 0xD7, 0xD6, 0xAB, 0x2C, 0x2F, 0x2D, 0x2C, 0x2C, 0x2C, 0x2C, 0x2C, 0x2B, 0x2C, 0x2C, 0x2C,
    0x2C, 0x2C, 0x2C, 0x2C, 0x2C, 0x2C, 0x2C, 0x2C, 0x2C, 0x2C, 0x2C, 0x2C, 0x2C, 0x2C, 0x2C, 0x2C,
    0x2C, 0x2C, 0x2C, 0x2C, 0x2C, 0x2B, 0x2E, 0x31, 0x25, 0xDA, 0xD7, 0xD6, 0xD6, 0xDA, 0xD7, 0xDA,
    0xD8, 0xDA, 0xD9, 0xDA, 0xD9, 0x71, 0x2D, 0x2E, 0xD8, 0xD9, 0xBD, 0x2C, 0x2D, 0x2C, 0x2D, 0x2D,
    0x2D, 0x2D, 0x2C, 0x2D, 0x2D, 0x2C, 0x2C, 0x2C, 0x2C, 0x2D, 0x2D, 0x2C, 0x2C, 0x2C, 0x2D, 0x2D,
    0x2C, 0x2C, 0x2D, 0x2D, 0x2C, 0x2C, 0x2C, 0x2C, 0x2C, 0x2C, 0x2C, 0x2C, 0x2D, 0x2D, 0x2E, 0x2C,
    0x2D, 0x2C, 0x2C, 0x2C, 0x2C, 0x2C, 0x2C, 0x2C, 0x2D, 0x2C, 0x2C, 0x2C, 0x2C, 0x2C, 0x2C, 0x2C,
    0x2C, 0x2C, 0x2D, 0x2C, 0x2C, 0x2C, 0x2C, 0x2C, 0x2C, 0x2C, 0x2D, 0x2B, 0x2C, 0xB4, 0xDF, 0x28,
    0x20, 0xDC, 0x1D, 0x30, 0xD6, 0xD5, 0x2C, 0xA2, 0xDA, 0x2E, 0x2D, 0xD9, 0xAD, 0x2E, 0xD7, 0xD9,
    0x36, 0x2C, 0xD6, 0x2A, 0x29, 0x8D, 0xDE, 0xDB, 0xD7, 0x24, 0x29, 0x2B, 0x2C, 0x2C, 0x2C, 0x2C,
    0x2C, 0x2C, 0x2C, 0x2C, 0x2C, 0x2C, 0x2C, 0x2B, 0x2C, 0x2C, 0x2C, 0x2C, 0x2C, 0x2D, 0x2C, 0x2C,
    0x2C, 0x2C, 0x2C, 0x2D, 0x2D, 0x2C, 0x2C, 0x2D, 0x2D, 0x2D, 0x2D, 0x2C, 0x2D, 0x2C, 0x2C, 0x2C,
    0x2C, 0x2C, 0x2C, 0x2D, 0x2C, 0x2C, 0x2C, 0x2C, 0x2C, 0x2C, 0x2D, 0x2C, 0x2C, 0x2C, 0x2C, 0x2C,
    0x2C, 0x2C, 0x2D, 0x2C, 0x2C, 0x2C, 0x2C, 0x2D, 0x2C, 0x2C, 0x2C, 0x2C, 0x2C, 0x2C, 0x2C, 0x2C,
    0x2C, 0x2D, 0x2D, 0x2C, 0x2C, 0x2C, 0x2C, 0x2C, 0x2C, 0x2D, 0x2C, 0x2C, 0x2C, 0x2C, 0x2D, 0x2C,
    0x2C, 0x2C, 0x2D, 0x2C, 0x2C, 0x2C, 0x2C, 0x2C, 0x2B, 0x28, 0x32, 0xD8, 0xDC, 0xDD, 0x44, 0x25,
    0xDB, 0xD7, 0xDA, 0xD9, 0xDD, 0x2B, 0x2B, 0x2D, 0x2C, 0x2C, 0x2C, 0x2D, 0x2D, 0x2D, 0x2D, 0x2D,
    0x2D, 0x2C, 0x2C, 0x2C, 0x2C, 0x2C, 0x2C, 0x2C, 0x2D, 0x2C, 0x2C, 0x2D, 0x2D, 0x2C, 0x2D, 0x2C,
    0x2C, 0x2C, 0x2C, 0x2B, 0x2B, 0x2D, 0xDD, 0xD8, 0xE1, 0x2A, 0x2A, 0xE0, 0xD7, 0xD7, 0xD8, 0xD8,
    0xD8, 0xD9, 0xD7, 0xD9, 0xD8, 0x6C, 0x2A, 0x2D, 0xDB, 0xDA, 0xB8, 0x2D, 0x2D, 0x2D, 0x2D, 0x2D,
    0x2D, 0x2C, 0x2D, 0x2C, 0x2D, 0x2D, 0x2C, 0x2E, 0x2D, 0x2D, 0x2C, 0x2D, 0x2C, 0x2C, 0x2C, 0x2D,
    0x2D, 0x2C, 0x2D, 0x2D, 0x2C, 0x2C, 0x2C, 0x2D, 0x2C, 0x2D, 0x2D, 0x2D, 0x2C, 0x2D, 0x2C, 0x2D,
    0x2D, 0x2C, 0x2C, 0x2C, 0x2C, 0x2C, 0x2C, 0x2D, 0x2E, 0x2C, 0x2C, 0x2C, 0x2C, 0x2E, 0x2D, 0x2C,
    0x2C, 0x2C, 0x2C, 0x2C, 0x2C, 0x2C, 0x2C, 0x2D, 0x2C, 0x2C, 0x2D, 0x2B, 0x2D, 0xB0, 0xE1, 0x2B,
    0x21, 0xDA, 0xD6, 0xD7, 0xD5, 0xD5, 0xD6, 0xD8, 0xDB, 0xDB, 0xDC, 0xD8, 0xD9, 0xD6, 0xDA, 0xD9,
    0x36, 0x2A, 0xD3, 0x2B, 0xE1, 0x91, 0x2C, 0x2D, 0xE4, 0xD7, 0xA7, 0x2B, 0x2B, 0x2C, 0x2C, 0x2C,
    0x2C, 0x2D, 0x2D, 0x2C, 0x2C, 0x2C, 0x2C, 0x2C, 0x2D, 0x2C, 0x2D, 0x2C, 0x2C, 0x2C, 0x2C, 0x2C,
    0x2C, 0x2C, 0x2C, 0x2C, 0x2C, 0x2C, 0x2C, 0x2D, 0x2D, 0x2C, 0x2C, 0x2C, 0x2C, 0x2C, 0x2C, 0x2C,
    0x2C, 0x2C, 0x2C, 0x2C, 0x2B, 0x2C, 0x2C, 0x2D, 0x2C, 0x2C, 0x2C, 0x2C, 0x2C, 0x2D, 0x2C, 0x2C,
    0x2C, 0x2C, 0x2C, 0x2C, 0x2C, 0x2D, 0x2C, 0x2D, 0x2C, 0x2D, 0x2C, 0x2C, 0x2C, 0x2D, 0x2C, 0x2C,
    0x2C, 0x2C, 0x2C, 0x2C, 0x2C, 0x2C, 0x2C, 0x2C, 0x2D, 0x2C, 0x2C, 0x2C, 0x2C, 0x2C, 0x2D, 0x2D,
    0x2C, 0x2D, 0x2C, 0x2C, 0x2C, 0x2C, 0x2C, 0x2D, 0x29, 0xD7, 0xDC, 0xDD, 0x2B, 0x2B, 0x2C, 0x2C,
    0x2E, 0xDC, 0xDB, 0xDB, 0xDC, 0x2B, 0x2B, 0x2B, 0x2B, 0x2C, 0x2C, 0x2D, 0x2D, 0x2C, 0x2D, 0x2D,
    0x2D, 0x2C, 0x2C, 0x2C, 0x2C, 0x2B, 0x2D, 0x2C, 0x2C, 0x2C, 0x2C, 0x2C, 0x2C, 0x2C, 0x2D, 0x2C,
    0x2C, 0x2C, 0x2C, 0x2C, 0x2D, 0x2C, 0xDE, 0xDA, 0xE2, 0x28, 0x23, 0xE0, 0xD7, 0xD6, 0xD8, 0xDB,
    0xD9, 0xD8, 0xD8, 0xD8, 0xDB, 0xD9, 0xD9, 0xD9, 0x2D, 0x2C, 0x2D, 0x2C, 0x2D, 0x2D, 0x2C, 0x2D,
    0x2D, 0x2C, 0x2C, 0x2D, 0x2D, 0x2D, 0x2D, 0x2C, 0x2C, 0x2C, 0x2C, 0x2C, 0x2C, 0x2C, 0x2C, 0x2C,
    0x2C, 0x2C, 0x2C, 0x2D, 0x2B, 0x2D, 0x2C, 0x2C, 0x2C, 0x2C, 0x2C, 0x2C, 0x2D, 0x2C, 0x2D, 0x2D,
    0x2D, 0x2D, 0x2D, 0x2D, 0x2C, 0x2C, 0x2D, 0x2D, 0x2C, 0x2D, 0x2C, 0x2C, 0x2C, 0x2C, 0x2C, 0x2D,
    0x2D, 0x2D, 0x2C, 0x2C, 0x2C, 0x2C, 0x2C, 0x2D, 0x2D, 0x2D, 0x2B, 0x2C, 0x2C, 0xAE, 0xDF, 0x2B,
    0x21, 0xDA, 0xDA, 0xDA, 0xD8, 0xD8, 0xD9, 0xD9, 0xD8, 0xD9, 0xD9, 0xD8, 0xDA, 0xD8, 0xD9, 0xD8,
    0x33, 0x2B, 0xDA, 0xD8, 0xDA, 0x85, 0x2B, 0x2B, 0x2A, 0xDB, 0xA6, 0x2B, 0x2C, 0x2C, 0x2C, 0x2C,
    0x2B, 0x2C, 0x2C, 0x2C, 0x2D, 0x2C, 0x2D, 0x2C, 0x2C, 0x2D, 0x2C, 0x2D, 0x2C, 0x2C, 0x2C, 0x2C,
    0x2C, 0x2D, 0x2D, 0x2B, 0x2C, 0x2C, 0x2C, 0x2C, 0x2D, 0x2C, 0x2C, 0x2C, 0x2C, 0x2C, 0x2D, 0x2C,
    0x2C, 0x2C, 0x2D, 0x2C, 0x2C, 0x2C, 0x2C, 0x2C, 0x2B, 0x2C, 0x2D, 0x2C, 0x2C, 0x2D, 0x2C, 0x2C,
    0x2D, 0x2C, 0x2D, 0x2C, 0x2C, 0x2C, 0x2C, 0x2B, 0x2C, 0x2C, 0x2D, 0x2C, 0x2C, 0x2C, 0x2C, 0x2C,
    0x2C, 0x2C, 0x2D, 0x2C, 0x2D, 0x2C, 0x2C, 0x2C, 0x2C, 0x2D, 0x2C, 0x2C, 0x2C, 0x2D, 0x2D, 0x2C,
    0x2C, 0x2C, 0x2D, 0x2D, 0x2C, 0x2B, 0x2C, 0x2B, 0xDB, 0xDA, 0xDA, 0xD9, 0x28, 0x29, 0x2C, 0x2B,
    0x2C, 0x2B, 0xE1, 0xD9, 0xDD, 0x2C, 0x2C, 0x2C, 0x2B, 0x2C, 0x2C, 0x2D, 0x2D, 0x2D, 0x2D, 0x2D,
    0x2C, 0x2C, 0x2C, 0x2C, 0x2C, 0x2C, 0x2C, 0x2C, 0x2C, 0x2C, 0x2D, 0x2C, 0x2C, 0x2C, 0x2B, 0x2C,
    0x2C, 0x2C, 0x2D, 0x2C, 0x2D, 0x2C, 0x2C, 0x2B, 0x23, 0xDB, 0xDB, 0xD9, 0xD9, 0xD8, 0xD9, 0xD9,
    0xD9, 0xD9, 0xD9, 0xD9, 0xDA, 0xDD, 0xE1, 0xE2, 0x2C, 0x2B, 0x2C, 0x2C, 0x2C, 0x2C, 0x2C, 0x2D,
    0x2D, 0x2C, 0x2D, 0x2D, 0x2C, 0x2D, 0x2B, 0x2C, 0x2C, 0x2C, 0x2C, 0x2C, 0x2C, 0x2C, 0x2C, 0x2C,
    0x2C, 0x2D, 0x2C, 0x2D, 0x2C, 0x2D, 0x2C, 0x2D, 0x2D, 0x2D, 0x2C, 0x2C, 0x2D, 0x2C, 0x2C, 0x2C,
    0x2D, 0x2D, 0x2C, 0x2C, 0x2C, 0x2D, 0x2C, 0x2C, 0x2C, 0x2D, 0x2C, 0x2D, 0x2C, 0x2D, 0x2C, 0x2C,
    0x2C, 0x2C, 0x2C, 0x2C, 0x2D, 0x2C, 0x2C, 0x2C, 0x2D, 0x2E, 0x2D, 0x2D, 0x2D, 0xAC, 0xDF, 0x2B,
    0x21, 0xDB, 0x1B, 0x20, 0x20, 0x1F, 0x21, 0x1F, 0x1F, 0x21, 0x22, 0x23, 0x24, 0x20, 0xDD, 0xD8,
    0x2D, 0x22, 0xDA, 0xDB, 0x21, 0x27, 0x2A, 0x2B, 0x28, 0xDD, 0xA8, 0x2A, 0x2B, 0x2C, 0x2C, 0x2B,
    0x2B, 0x2C, 0x2B, 0x2B, 0x2C, 0x2D, 0x2E, 0x2D, 0x2C, 0x2D, 0x2B, 0x2C, 0x2C, 0x2C, 0x2B, 0x2B,
    0x2B, 0x2E, 0x2C, 0x2D, 0x2D, 0x2C, 0x2C, 0x2C, 0x2C, 0x2D, 0x2C, 0x2C, 0x2C, 0x2C, 0x2C, 0x2C,
    0x2C, 0x2C, 0x2D, 0x2D, 0x2F, 0x2D, 0x2D, 0x2E, 0x2C, 0x2C, 0x2C, 0x2C, 0x2C, 0x2C, 0x2C, 0x2C,
    0x2C, 0x2C, 0x2C, 0x2C, 0x2C, 0x2D, 0x2D, 0x2C, 0x2C, 0x2C, 0x2D, 0x2D, 0x2D, 0x2D, 0x2D, 0x2C,
    0x2C, 0x2C, 0x2C, 0x2C, 0x2C, 0x2D, 0x2C, 0x2D, 0x2D, 0x2D, 0x2C, 0x2C, 0x2C, 0x2C, 0x2C, 0x2C,
    0x2C, 0x2B, 0x2C, 0x2D, 0x2C, 0x27, 0x1F, 0xD7, 0xD9, 0xE0, 0xC6, 0x29, 0xE1, 0xD7, 0x55, 0x22,
    0x2C, 0x2B, 0xE0, 0xDA, 0xDB, 0x2C, 0x2C, 0x2B, 0x2C, 0x2C, 0x2C, 0x2D, 0x2C, 0x2C, 0x2D, 0x2C,
    0x2C, 0x2D, 0x2C, 0x2C, 0x2C, 0x2C, 0x2C, 0x2C, 0x2C, 0x2C, 0x2C, 0x2C, 0x2C, 0x2D, 0x2D, 0x2E,
    0x2D, 0x2C, 0x2C, 0x2E, 0x2B, 0x2C, 0x2C, 0x2B, 0x22, 0xE4, 0xDF, 0xDA, 0xD9, 0xD8, 0xD8, 0xD9,
    0xD7, 0xD9, 0xD9, 0xD9, 0xDA, 0x85, 0x2B, 0x2B, 0x2B, 0x2B, 0x2C, 0x2C, 0x2C, 0x2C, 0x2C, 0x2D,
    0x2D, 0x2D, 0x2C, 0x2C, 0x2C, 0x2D, 0x2D, 0x2C, 0x2C, 0x2C, 0x2C, 0x2C, 0x2C, 0x2C, 0x2C, 0x2C,
    0x2C, 0x2D, 0x2D, 0x2C, 0x2D, 0x2C, 0x2C, 0x2D, 0x2D, 0x2C, 0x2D, 0x2C, 0x2C, 0x2C, 0x2C, 0x2C,
    0x2C, 0x2D, 0x2C, 0x2D, 0x2C, 0x2D, 0x2C, 0x2D, 0x2D, 0x2D, 0x2C, 0x2D, 0x2C, 0x2C, 0x2D, 0x2C,
    0x2C, 0x2C, 0x2C, 0x2C, 0x2C, 0x2C, 0x2C, 0x2C, 0x2D, 0x2D, 0x2D, 0x2D, 0x2D, 0xAE, 0xDF, 0x2C,
    0x21, 0xDB, 0xDA, 0xDB, 0xDB, 0xDA, 0xD4, 0xD7, 0xD7, 0xD7, 0xD9, 0xDA, 0xDA, 0xDA, 0xDC, 0xDD,
    0xD9, 0xD9, 0xE4, 0x2A, 0x2A, 0x2B, 0x2A, 0x21, 0xE0, 0x23, 0x2A, 0x2A, 0x2C, 0x2B, 0x2C, 0x2B,
    0x2B, 0x2C, 0x2C, 0x2A, 0x2B, 0x2E, 0x2B, 0x2B, 0x2C, 0x2B, 0x29, 0x2B, 0x28, 0x2C, 0x2A, 0x2D,
    0x2B, 0x2C, 0x2C, 0x2C, 0x2D, 0x2B, 0x2C, 0x2C, 0x2B, 0x2C, 0x2B, 0x2D, 0x2C, 0x2C, 0x2C, 0x2C,
    0x2C, 0x2C, 0x2D, 0x2D, 0x2C, 0x2E, 0x2D, 0x2C, 0x2C, 0x2D, 0x2C, 0x2C, 0x2B, 0x2C, 0x2C, 0x2C,
    0x2C, 0x2C, 0x2C, 0x2C, 0x2E, 0x2D, 0x2D, 0x2D, 0x2C, 0x2C, 0x2C, 0x2D, 0x2D, 0x2C, 0x2C, 0x2D,
    0x2C, 0x2C, 0x2C, 0x2C, 0x2C, 0x2C, 0x2D, 0x2E, 0x2D, 0x2C, 0x2C, 0x2D, 0x2C, 0x2C, 0x2C, 0x2C,
    0x2C, 0x2D, 0x2C, 0x2B, 0x20, 0x8D, 0xDA, 0xDB, 0xE0, 0x25, 0x2C, 0x2B, 0x2C, 0xE8, 0xDD, 0xDF,
    0x2C, 0x20, 0xE0, 0xDA, 0xDC, 0x2C, 0x2B, 0x2C, 0x2C, 0x2C, 0x2D, 0x2D, 0x2D, 0x2C, 0x2C, 0x2C,
    0x2D, 0x2C, 0x2C, 0x2C, 0x2C, 0x2C, 0x2C, 0x2C, 0x2C, 0x2C, 0x2D, 0x2C, 0x2C, 0x2D, 0x2D, 0x2D,
    0x2D, 0x2D, 0x2C, 0x2C, 0x2D, 0x2C, 0x2B, 0x2B, 0x2C, 0x2B, 0x2C, 0xE2, 0xD9, 0xD9, 0xD8, 0xD9,
    0xD9, 0xD9, 0xD9, 0xD9, 0xDA, 0x86, 0x2C, 0x2C, 0x2B, 0x2B, 0x2C, 0x2C, 0x2C, 0x2C, 0x2C, 0x2D,
    0x2D, 0x2C, 0x2D, 0x2E, 0x2C, 0x2D, 0x2C, 0x2C, 0x2C, 0x2C, 0x2C, 0x2C, 0x2C, 0x2D, 0x2C, 0x2C,
    0x2C, 0x2E, 0x24, 0x24, 0x24, 0x24, 0x24, 0x24, 0x24, 0x25, 0x24, 0x23, 0x21, 0x25, 0x24, 0x23,
    0x23, 0x24, 0x23, 0x25, 0x2B, 0x2C, 0x2D, 0x2E, 0x2C, 0x2C, 0x2D, 0x2D, 0x2C, 0x2C, 0x2C, 0x2C,
    0x2C, 0x2C, 0x2C, 0x2C, 0x2C, 0x2C, 0x2C, 0x2C, 0x2D, 0x2D, 0x2E, 0x2C, 0x2D, 0xAF, 0xE0, 0x2A,
    0x20, 0xDC, 0x21, 0x31, 0x31, 0x30, 0x2B, 0x2C, 0x2E, 0x2E, 0x2E, 0x2D, 0x2F, 0x2A, 0xDA, 0xD9,
    0xE5, 0xE8, 0x29, 0x29, 0x29, 0x22, 0x1C, 0xDE, 0x28, 0x2B, 0x2A, 0x22, 0x24, 0x23, 0x23, 0x23,
    0x22, 0x23, 0x23, 0x23, 0x24, 0x23, 0x23, 0x23, 0x22, 0x2A, 0x2C, 0x2C, 0x2C, 0x2D, 0x24, 0x23,
    0x23, 0x23, 0x23, 0x23, 0x23, 0x24, 0x25, 0x23, 0x26, 0x25, 0x25, 0x22, 0x2C, 0x2B, 0x2C, 0x2C,
    0x2C, 0x2D, 0x2D, 0x2D, 0x2D, 0x2C, 0x2D, 0x2C, 0x2C, 0x2C, 0x2C, 0x2C, 0x2C, 0x2C, 0x2C, 0x2C,
    0x2C, 0x2C, 0x2C, 0x2C, 0x2D, 0x2C, 0x2D, 0x2C, 0x2D, 0x2D, 0x2C, 0x2C, 0x2D, 0x2C, 0x2C, 0x2C,
    0x2C, 0x2C, 0x2C, 0x2C, 0x2C, 0x2D, 0x2C, 0x2D, 0x2E, 0x2C, 0x2C, 0x2D, 0x2C, 0x2C, 0x2C, 0x2C,
    0x2C, 0x2C, 0x2C, 0x26, 0xE1, 0xD9, 0xD9, 0xE2, 0x2B, 0x2C, 0x2C, 0x2B, 0x2B, 0x2C, 0x8A, 0xE6,
    0x21, 0xD8, 0xD9, 0xD9, 0xE3, 0x2B, 0x2B, 0x2B, 0x2D, 0x2C, 0x2C, 0x2D, 0x2C, 0x2D, 0x2D, 0x2C,
    0x2C, 0x2D, 0x2D, 0x2C, 0x2C, 0x2C, 0x2C, 0x2C, 0x2C, 0x2C, 0x2C, 0x2C, 0x2D, 0x2C, 0x2D, 0x2E,
    0x2E, 0x2D, 0x2C, 0x2C, 0x2B, 0x2B, 0x2B, 0x2C, 0x2C, 0x2C, 0x2C, 0xE2, 0xD9, 0xDA, 0xD8, 0xD9,
    0xDA, 0xDA, 0xDA, 0xD9, 0xDB, 0x82, 0x2C, 0x2D, 0x2C, 0x2C, 0x2B, 0x2D, 0x2B, 0x2C, 0x2D, 0x2C,
    0x2D, 0x2D, 0x2D, 0x2D, 0x2D, 0x2D, 0x2D, 0x2B, 0x2E, 0x2E, 0x2C, 0x2C, 0x2B, 0x2C, 0x2C, 0x2D,
    0x2C, 0x2D, 0xD6, 0xD8, 0xD7, 0xDC, 0xDA, 0xD8, 0xD7, 0xD7, 0xD7, 0xD8, 0xD7, 0xD7, 0xD9, 0xD8,
    0xD7, 0xD7, 0xD7, 0xAB, 0x2B, 0x2C, 0x2C, 0x2C, 0x2C, 0x2D, 0x2C, 0x2C, 0x2D, 0x2D, 0x2B, 0x2D,
    0x2C, 0x2C, 0x2C, 0x2D, 0x2C, 0x2C, 0x2C, 0x2D, 0x2E, 0x2C, 0x2C, 0x2C, 0x2C, 0xAE, 0xE0, 0x2A,
    0x21, 0xDA, 0xDA, 0xD9, 0xD8, 0xD8, 0xD9, 0xD8, 0xD9, 0xD8, 0xD8, 0xD7, 0xD9, 0xDB, 0xD9, 0xAD,
    0x30, 0x2A, 0x2A, 0x2B, 0x71, 0x93, 0xAC, 0x2C, 0x2C, 0x2C, 0x3A, 0xD9, 0xDA, 0xDA, 0xD9, 0xD8,
    0xD6, 0xD7, 0xD8, 0xD9, 0xD8, 0xD9, 0xD8, 0xD8, 0xE0, 0x2B, 0x2C, 0x2C, 0x2B, 0x27, 0xDB, 0xD6,
    0xD7, 0xD9, 0xD7, 0xD7, 0xD8, 0xD8, 0xD8, 0xD7, 0xD7, 0xD8, 0xD8, 0xD8, 0x2C, 0x2B, 0x2B, 0x2C,
    0x2D, 0x2C, 0x2D, 0x2D, 0x2D, 0x2D, 0x2C, 0x2C, 0x2C, 0x2C, 0x2C, 0x2C, 0x2C, 0x2C, 0x2C, 0x2C,
    0x2C, 0x2C, 0x2D, 0x2D, 0x2E, 0x2E, 0x2D, 0x2D, 0x2C, 0x2C, 0x2D, 0x2C, 0x2D, 0x2C, 0x2D, 0x2C,
    0x2C, 0x2D, 0x2C, 0x2C, 0x2D, 0x2C, 0x2D, 0x2C, 0x2D, 0x2C, 0x2D, 0x2C, 0x2C, 0x2C, 0x2C, 0x2B,
    0x2C, 0x2D, 0x5C, 0xD9, 0xD6, 0xB1, 0x9C, 0x2B, 0x2C, 0x2B, 0x2C, 0x2B, 0x2B, 0x2B, 0x4A, 0x55,
    0xD8, 0xD7, 0xA6, 0x85, 0x2C, 0x2B, 0x2B, 0x2B, 0x2D, 0x2D, 0x2C, 0x2D, 0x2D, 0x2D, 0x2D, 0x2D,
    0x2C, 0x2C, 0x2C, 0x2C, 0x2C, 0x2C, 0x2C, 0x2D, 0x2C, 0x2C, 0x2C, 0x2E, 0x2C, 0x2C, 0x2C, 0x2C,
    0x2D, 0x2C, 0x2C, 0x2C, 0x2C, 0x2C, 0x2B, 0x2C, 0x2B, 0x2D, 0x2D, 0xE3, 0xDA, 0xD9, 0xD9, 0xD9,
    0xD9, 0xDA, 0xDA, 0xDA, 0xDA, 0x82, 0x2C, 0x2C, 0x5B, 0x61, 0x4E, 0x2B, 0x2C, 0x2C, 0x2D, 0x2C,
    0x2D, 0x2D, 0x2D, 0x2C, 0x2D, 0x2D, 0x2D, 0x2D, 0x2C, 0x2C, 0x2C, 0x2D, 0x2C, 0x2D, 0x2C, 0x47,
    0x4A, 0x55, 0xD8, 0xD7, 0xD7, 0xD7, 0xD8, 0xD7, 0xD7, 0xD9, 0xD7, 0xD8, 0xD8, 0xD8, 0xD8, 0xD8,
    0xD8, 0xD8, 0xD7, 0xB9, 0x51, 0x4E, 0x29, 0x2C, 0x2C, 0x2C, 0x2C, 0x2C, 0x2C, 0x2C, 0x2C, 0x2C,
    0x2D, 0x2C, 0x2C, 0x2B, 0x2D, 0x2C, 0x2C, 0x2C, 0x2C, 0x2C, 0x2C, 0x2D, 0x2C, 0xB0, 0xE0, 0x2A,
    0x21, 0xDB, 0xB3, 0xB3, 0xB6, 0xB6, 0xB5, 0xB6, 0xB4, 0xB4, 0xDA, 0xD8, 0xD9, 0xD8, 0xB5, 0x2C,
    0x2B, 0x2A, 0x2D, 0x3E, 0xD4, 0x6B, 0x2B, 0x2B, 0x2D, 0x2C, 0x39, 0xD8, 0xD8, 0xD9, 0xD8, 0xD7,
    0xD7, 0xD7, 0xD7, 0xD9, 0xD9, 0xD8, 0xD8, 0xD9, 0xDF, 0x58, 0x2C, 0x2B, 0x2B, 0x27, 0xD9, 0xD8,
    0xD7, 0xD9, 0xD7, 0xD7, 0xD7, 0xD8, 0xD8, 0xD8, 0xD8, 0xD8, 0xD8, 0xD8, 0x2D, 0x2C, 0x2C, 0x2C,
    0x2C, 0x2D, 0x2C, 0x2C, 0x2C, 0x2C, 0x2C, 0x2C, 0x2C, 0x2C, 0x2C, 0x2C, 0x2C, 0x2C, 0x2C, 0x2C,
    0x2C, 0x2C, 0x2D, 0x2C, 0x2C, 0x2C, 0x2C, 0x2C, 0x2D, 0x2C, 0x2C, 0x2C, 0x2D, 0x2C, 0x2D, 0x2C,
    0x2D, 0x2C, 0x2C, 0x2D, 0x2C, 0x2D, 0x2D, 0x2C, 0x2C, 0x2C, 0x2C, 0x2C, 0x2C, 0x2D, 0x2C, 0x2B,
    0x53, 0x54, 0xD8, 0xDB, 0xBA, 0x59, 0x2C, 0x2B, 0x2B, 0x2B, 0x2C, 0x2B, 0x2A, 0x4A, 0xA8, 0xD8,
    0xD8, 0xAF, 0x25, 0x2B, 0x2C, 0x2C, 0x2B, 0x2E, 0x2C, 0x2D, 0x2C, 0x2D, 0x2C, 0x2C, 0x2C, 0x2C,
    0x2C, 0x2C, 0x2C, 0x2C, 0x2C, 0x2C, 0x2C, 0x2C, 0x2D, 0x2C, 0x2C, 0x2C, 0x2C, 0x2C, 0x2C, 0x2C,
    0x2C, 0x2D, 0x2C, 0x2D, 0x2E, 0x2D, 0x51, 0x54, 0x4F, 0x2D, 0x2C, 0xE1, 0xD9, 0xD9, 0xD9, 0xD9,
    0xD9, 0xDA, 0xDA, 0xDA, 0xDA, 0x82, 0x2B, 0x2B, 0xD5, 0xD6, 0xBA, 0x2B, 0x2C, 0x2C, 0x2C, 0x2C,
    0x2D, 0x2D, 0x2D, 0x2D, 0x2C, 0x2D, 0x2C, 0x2C, 0x2D, 0x2D, 0x2C, 0x2D, 0x2B, 0x2D, 0x32, 0xDA,
    0xDA, 0xDA, 0xD9, 0xD8, 0xB5, 0xB7, 0xB7, 0xB7, 0xB6, 0xB6, 0xB5, 0xB3, 0xB2, 0xB3, 0xB2, 0xB1,
    0xAD, 0xD7, 0xDA, 0xD9, 0xD9, 0xD9, 0x30, 0x2A, 0x2B, 0x2C, 0x2D, 0x2C, 0x2C, 0x2C, 0x2C, 0x2D,
    0x2C, 0x2C, 0x2E, 0x2C, 0x2E, 0x2D, 0x2D, 0x2D, 0x2D, 0x2C, 0x2C, 0x2C, 0x2D, 0xB1, 0xE1, 0x2A,
    0x21, 0xDC, 0x2B, 0x32, 0x31, 0x39, 0x35, 0x36, 0x38, 0x37, 0xDA, 0xD8, 0xD0, 0xB1, 0x29, 0x2A,
    0x2A, 0x2A, 0x30, 0xDA, 0x27, 0x2C, 0x2C, 0x2C, 0x2D, 0x2C, 0x39, 0xD8, 0xD8, 0xB1, 0xB3, 0xB4,
    0xB4, 0xB3, 0xB3, 0xB5, 0xB5, 0xB8, 0xD8, 0xD9, 0xD7, 0xD8, 0x2B, 0x2A, 0x29, 0x26, 0xD9, 0xDA,
    0xD9, 0xD4, 0xB5, 0xB5, 0xB2, 0xB3, 0xB0, 0xAD, 0xA2, 0xD3, 0xD8, 0xD9, 0x2C, 0x2D, 0x2B, 0x2B,
    0x2D, 0x2C, 0x2D, 0x2D, 0x2C, 0x2C, 0x2D, 0x2B, 0x2D, 0x2C, 0x2C, 0x2C, 0x2C, 0x2C, 0x2C, 0x2C,
    0x2C, 0x2D, 0x2D, 0x2C, 0x2C, 0x2C, 0x2A, 0x2C, 0x2B, 0x2A, 0x2B, 0x2C, 0x2B, 0x2B, 0x2B, 0x2C,
    0x2C, 0x2D, 0x2D, 0x2C, 0x2C, 0x2C, 0x2C, 0x2C, 0x2C, 0x2C, 0x2C, 0x2D, 0x2B, 0x2B, 0x2A, 0x32,
    0xCE, 0xDA, 0xDA, 0xAC, 0x26, 0x2B, 0x2C, 0x2C, 0x2B, 0x2B, 0x2C, 0x2C, 0x34, 0xDE, 0xDA, 0xDC,
    0xA8, 0x2A, 0x2A, 0x2C, 0x2B, 0x2C, 0x2C, 0x2C, 0x2C, 0x2C, 0x2D, 0x2D, 0x2C, 0x2C, 0x2C, 0x2C,
    0x2C, 0x2C, 0x2C, 0x2C, 0x2C, 0x2C, 0x2C, 0x2C, 0x2C, 0x2C, 0x2D, 0x2C, 0x2D, 0x2C, 0x2C, 0x2C,
    0x2C, 0x2C, 0x2C, 0x2D, 0x2C, 0x2D, 0xDB, 0xD8, 0xDF, 0x2D, 0x2A, 0xE1, 0xD9, 0xD8, 0xD9, 0xD9,
    0xD8, 0xD9, 0xDA, 0xD9, 0xDB, 0xD5, 0xCE, 0xCB, 0x36, 0x31, 0x32, 0x2C, 0x2C, 0x2D, 0x2D, 0x2D,
    0x2C, 0x2D, 0x2D, 0x2D, 0x2D, 0x2C, 0x2B, 0x2B, 0x2C, 0x2D, 0x2D, 0x2C, 0x3E, 0xC5, 0xD9, 0xD8,
    0xD8, 0xDD, 0x36, 0x33, 0x2B, 0x2A, 0x2A, 0x2B, 0x2C, 0x2B, 0x2B, 0x2B, 0x2C, 0x2C, 0x2B, 0x2E,
    0x2C, 0x36, 0x32, 0x38, 0xD7, 0xDA, 0xD8, 0xC7, 0xC2, 0x2B, 0x2B, 0x2C, 0x2C, 0x2C, 0x2C, 0x2D,
    0x2B, 0x2C, 0x2C, 0x2D, 0x2C, 0x2D, 0x2C, 0x2D, 0x2D, 0x2D, 0x2B, 0x2D, 0x2C, 0xB0, 0xE3, 0x2D,
    0x23, 0xD9, 0xD6, 0xD7, 0xD8, 0xD9, 0xDA, 0xDA, 0xDA, 0xDA, 0xDB, 0x33, 0x31, 0x2A, 0x29, 0x29,
    0xCB, 0xC6, 0xD8, 0xCD, 0x2A, 0x2C, 0x2D, 0x2C, 0x2E, 0x2D, 0x39, 0xD8, 0xD7, 0x1A, 0x29, 0x2B,
    0x2B, 0x2C, 0x2A, 0x2B, 0x2B, 0x2D, 0xDB, 0xD7, 0xD8, 0xD8, 0xC9, 0x20, 0x29, 0x27, 0xDA, 0xDC,
    0xD9, 0xCF, 0x2B, 0x2B, 0x2A, 0x2B, 0x2C, 0x2C, 0x2B, 0xD0, 0xD8, 0xD8, 0x2C, 0x2C, 0x2B, 0x2B,
    0x2C, 0x2D, 0x2C, 0x2C, 0x2C, 0x2B, 0x2C, 0x2C, 0x2C, 0x2D, 0x2C, 0x2C, 0x2C, 0x2C, 0x2D, 0x2D,
    0x2C, 0x2C, 0x2B, 0x2C, 0x2C, 0x79, 0xCB, 0xCA, 0xCC, 0xCD, 0xCD, 0xCC, 0xCC, 0xCB, 0xCC, 0xCC,
    0xCD, 0xCC, 0x24, 0x2B, 0x2E, 0x2C, 0x2B, 0x2C, 0x2C, 0x2B, 0x2B, 0x2B, 0x2A, 0x24, 0xC7, 0xD8,
    0xD9, 0xCE, 0x32, 0x2A, 0x2A, 0x2C, 0x2B, 0x2A, 0x2C, 0x2B, 0x31, 0xC0, 0xD7, 0xDA, 0x6A, 0x32,
    0x2C, 0x29, 0x2B, 0x2C, 0x2D, 0x2C, 0x2D, 0x2D, 0x2C, 0x2D, 0x2C, 0x2C, 0x2C, 0x2C, 0x2C, 0x2C,
    0x2C, 0x2C, 0x2C, 0x2C, 0x2D, 0x2C, 0x2C, 0x2C, 0x2C, 0x2C, 0x2C, 0x2D, 0x2C, 0x2C, 0x2C, 0x2D,
    0x2C, 0x2C, 0x2C, 0x2C, 0x2A, 0x2C, 0x33, 0x34, 0x29, 0xCE, 0xCE, 0xDA, 0xDA, 0xD9, 0xD8, 0xD8,
    0xD8, 0xD9, 0xDA, 0xD9, 0xDB, 0xDC, 0xDB, 0xD8, 0x2C, 0x2D, 0x2C, 0x2D, 0x2D, 0x2D, 0x2D, 0x2C,
    0x2C, 0x2D, 0x2C, 0x2C, 0x2B, 0x2D, 0x2D, 0x2C, 0x2B, 0x2C, 0x2B, 0x8F, 0x91, 0xD9, 0xDB, 0xD8,
    0x57, 0x5B, 0x2A, 0x2A, 0x2B, 0x2B, 0x2C, 0x2B, 0x2B, 0x2A, 0x2C, 0x2B, 0x2B, 0x2B, 0x2B, 0x2C,
    0x2D, 0x2D, 0x2B, 0x2B, 0x3C, 0xD8, 0xD9, 0xD9, 0xD5, 0x9F, 0x2B, 0x2A, 0x2C, 0x2D, 0x2C, 0x2C,
    0x2B, 0x2E, 0x2C, 0x2B, 0x2B, 0x2B, 0x2B, 0x2D, 0x2C, 0x2D, 0x2C, 0x32, 0x2C, 0xAB, 0xE1, 0x2A,
    0x23, 0xD8, 0xD7, 0xD6, 0xD7, 0xD8, 0xD8, 0xDB, 0xDA, 0xDA, 0xDA, 0x25, 0x2C, 0x29, 0x2A, 0xB2,
    0x4B, 0x46, 0xDF, 0xCB, 0x2D, 0x2D, 0x2E, 0x2F, 0x2C, 0x2B, 0x39, 0xD9, 0xD8, 0x1D, 0x2E, 0x2C,
    0x2D, 0x2F, 0x2D, 0x2D, 0x2F, 0x2C, 0x3F, 0xAD, 0xD6, 0xD7, 0xD8, 0x1E, 0x2B, 0x27, 0xDA, 0xDA,
    0xD8, 0xCD, 0x2B, 0x2B, 0x2B, 0x2B, 0x2B, 0x2C, 0x2B, 0xD4, 0xD9, 0xD9, 0x2C, 0x2B, 0x2B, 0x2D,
    0x2C, 0x2C, 0x2B, 0x2C, 0x2C, 0x2C, 0x2C, 0x2D, 0x2C, 0x2C, 0x2C, 0x2C, 0x2C, 0x2C, 0x2C, 0x2C,
    0x2C, 0x2E, 0x2E, 0x2E, 0x2B, 0x7F, 0xDA, 0xDA, 0xD9, 0xD9, 0xD8, 0xD9, 0xD9, 0xD9, 0xD9, 0xD9,
    0xD9, 0xD9, 0x1F, 0x2C, 0x2B, 0x2B, 0x2B, 0x2B, 0x2B, 0x2C, 0x2B, 0x2B, 0x2B, 0x24, 0xD9, 0xD8,
    0xD8, 0xC8, 0x2A, 0x2B, 0x2B, 0x2C, 0x2B, 0x2A, 0x2C, 0x7E, 0x96, 0xDA, 0xDA, 0x43, 0x2F, 0x2C,
    0x2A, 0x2B, 0x2B, 0x2B, 0x2C, 0x2C, 0x2D, 0x2C, 0x2D, 0x2C, 0x2C, 0x2C, 0x2C, 0x2D, 0x2C, 0x2C,
    0x2C, 0x2C, 0x2C, 0x2C, 0x2C, 0x2D, 0x2C, 0x2D, 0x2D, 0x2C, 0x2D, 0x2C, 0x2C, 0x2C, 0x2C, 0x2C,
    0x2D, 0x2C, 0x2C, 0x2C, 0x2C, 0x2D, 0x2D, 0x2E, 0x25, 0xDA, 0xDA, 0xDB, 0xDA, 0xD8, 0xDA, 0xD6,
    0xD8, 0xD9, 0xD7, 0xD9, 0xD8, 0x8B, 0x49, 0x42, 0x9B, 0x9B, 0x89, 0x2B, 0x2D, 0x2E, 0x2D, 0x2C,
    0x2D, 0x2D, 0x2C, 0x2C, 0x2C, 0x2E, 0x2C, 0x2B, 0x2D, 0x2C, 0x2E, 0xE4, 0xD9, 0xDA, 0xD9, 0x40,
    0x2B, 0x2C, 0x2C, 0x2B, 0x2C, 0x2B, 0x2B, 0x2C, 0x2B, 0x2B, 0x2B, 0x2B, 0x2C, 0x2B, 0x2B, 0x2C,
    0x2C, 0x2C, 0x2C, 0x2D, 0x2B, 0x59, 0xDB, 0xD7, 0xDB, 0xD9, 0x29, 0x2A, 0x2B, 0x2B, 0x2C, 0x2C,
    0x2C, 0x2C, 0x2D, 0x2C, 0x2D, 0x2D, 0x2D, 0x2D, 0x2A, 0x2C, 0x2E, 0x2C, 0x2C, 0xA8, 0xE2, 0x2B,
    0x23, 0xD8, 0xD8, 0xD9, 0xDA, 0xD8, 0xD9, 0xD7, 0xD8, 0xD9, 0x45, 0x2B, 0x43, 0x9A, 0xA3, 0xD8,
    0x39, 0x2B, 0xDF, 0xCA, 0x2C, 0x2B, 0x2C, 0x2B, 0x2D, 0x2C, 0x38, 0xD9, 0xD7, 0x23, 0x2B, 0x2B,
    0x2A, 0x2C, 0x2A, 0x2A, 0x2B, 0x2B, 0x2C, 0x32, 0x37, 0xDA, 0xD9, 0xB5, 0x9A, 0x26, 0xDA, 0xD9,
    0xD8, 0xCC, 0x2C, 0x29, 0x2C, 0x2C, 0x2A, 0x2B, 0x2C, 0xD4, 0xDA, 0xD7, 0x2D, 0x2C, 0x2B, 0x2B,
    0x2C, 0x2C, 0x2B, 0x2C, 0x2B, 0x2B, 0x2B, 0x2B, 0x2C, 0x2B, 0x2B, 0x2C, 0x2B, 0x2B, 0x2D, 0x2C,
    0x2C, 0x2C, 0x2C, 0x2C, 0x2C, 0x7D, 0xD9, 0xDA, 0xDB, 0x55, 0x54, 0x55, 0x55, 0x55, 0x55, 0x49,
    0xD8, 0xD8, 0x22, 0x2B, 0x2B, 0x2B, 0x2B, 0x2B, 0x2B, 0x2B, 0x2C, 0x2C, 0x4A, 0x87, 0xD9, 0xD9,
    0x52, 0x59, 0xA8, 0x9E, 0x26, 0x2C, 0x2A, 0x2B, 0x7C, 0xD5, 0xD8, 0xD9, 0x4E, 0x29, 0x2C, 0x2B,
    0x2B, 0x2B, 0x2B, 0x2C, 0x2D, 0x2C, 0x2D, 0x2C, 0x2B, 0x2C, 0x2C, 0x2C, 0x2C, 0x2C, 0x2D, 0x2C,
    0x2D, 0x2C, 0x2B, 0x2C, 0x2C, 0x2C, 0x2C, 0x2C, 0x2C, 0x2D, 0x2D, 0x2C, 0x2C, 0x2C, 0x2C, 0x2C,
    0x2C, 0x2C, 0x2B, 0x2C, 0x2E, 0x2C, 0x99, 0x99, 0x99, 0x4F, 0x54, 0xE1, 0xDA, 0xD8, 0xD8, 0xD9,
    0xD8, 0xD9, 0xD8, 0xD9, 0xDA, 0x73, 0x2E, 0x2C, 0xD6, 0xD8, 0xBA, 0x2D, 0x2D, 0x2D, 0x2C, 0x2D,
    0x2C, 0x2C, 0x2D, 0x2D, 0x2B, 0x2D, 0x2C, 0x2C, 0x2C, 0x2D, 0xE2, 0xDB, 0xD8, 0xD9, 0xD7, 0x2C,
    0x2B, 0x2C, 0x2B, 0x2B, 0x2C, 0x2C, 0x2C, 0x2C, 0x2B, 0x2B, 0x2C, 0x2C, 0x2C, 0x2C, 0x2C, 0x2B,
    0x2C, 0x2C, 0x2C, 0x2D, 0x2D, 0x2D, 0xDF, 0xDA, 0xDA, 0xDA, 0xE3, 0x21, 0x2B, 0x2B, 0x2B, 0x2C,
    0x2C, 0x2B, 0x2B, 0x2D, 0x2C, 0x2D, 0x2C, 0x2E, 0x2D, 0x2C, 0x2D, 0x2C, 0x2C, 0xA1, 0xE1, 0x2C,
    0x24, 0xD9, 0xD9, 0xD8, 0xD9, 0xD8, 0xD8, 0xD8, 0xD9, 0xD8, 0xE1, 0xE2, 0xE0, 0xD9, 0xDB, 0xD8,
    0x36, 0x2C, 0xDD, 0xCC, 0x2C, 0x2B, 0x2D, 0x2D, 0x2D, 0x2D, 0x38, 0xDA, 0xDB, 0x27, 0x2D, 0x2B,
    0x2C, 0x2C, 0x2C, 0x2B, 0x2B, 0x2B, 0x2D, 0x2B, 0x21, 0xD9, 0xD9, 0xDA, 0xA9, 0x2A, 0xDB, 0xD8,
    0xDA, 0xCF, 0x2C, 0x2C, 0x2B, 0x2B, 0x2C, 0x2B, 0x2D, 0xD4, 0xDB, 0xD8, 0x2C, 0x2B, 0x2B, 0x2B,
    0x2B, 0x2B, 0x2B, 0x2B, 0x2C, 0x2C, 0x2C, 0x2B, 0x2C, 0x2C, 0x2B, 0x2B, 0x2B, 0x2B, 0x2C, 0x2D,
    0x2C, 0x2D, 0x2C, 0x2C, 0x2C, 0x80, 0xD9, 0xD9, 0xDE, 0x2C, 0x2C, 0x2C, 0x2C, 0x2D, 0x2B, 0x21,
    0xD8, 0xD7, 0x20, 0x2B, 0x2C, 0x2B, 0x2B, 0x2B, 0x2C, 0x2C, 0x2C, 0x2B, 0x61, 0xDC, 0xDB, 0xDB,
    0x34, 0x2B, 0x26, 0xD5, 0xDB, 0x65, 0x2C, 0xE0, 0xD8, 0xD9, 0xC7, 0x24, 0x2C, 0x2B, 0x2C, 0x2C,
    0x2C, 0x2C, 0x2B, 0x2D, 0x2D, 0x2D, 0x2C, 0x2D, 0x2C, 0x2D, 0x2E, 0x2C, 0x2D, 0x2C, 0x2D, 0x2E,
    0x2D, 0x2C, 0x2C, 0x2D, 0x2C, 0x2C, 0x2C, 0x2C, 0x2C, 0x2C, 0x2C, 0x2C, 0x2D, 0x2D, 0x2C, 0x2D,
    0x2C, 0x2D, 0x2C, 0x2D, 0x2D, 0x2F, 0xDE, 0xD6, 0xDE, 0x2D, 0x2C, 0xE1, 0xD9, 0xD8, 0xD7, 0xD9,
    0xD8, 0xD8, 0xD9, 0xDA, 0xD9, 0xDF, 0xE1, 0xDF, 0x25, 0x25, 0x26, 0x2B, 0x2D, 0x2D, 0x2C, 0x2C,
    0x2C, 0x2C, 0x2C, 0x2C, 0x2D, 0x2C, 0x2C, 0x2B, 0x2B, 0x2E, 0xDB, 0xDA, 0xDB, 0xD9, 0xD8, 0x2A,
    0x2B, 0x2B, 0x2B, 0x2B, 0x2B, 0x2B, 0x20, 0xE6, 0xE3, 0xE1, 0xE2, 0xE4, 0xE4, 0xE1, 0x61, 0x2C,
    0x2C, 0x2B, 0x2C, 0x2C, 0x2B, 0x2C, 0xDF, 0xDA, 0xD9, 0xDA, 0xDA, 0x1F, 0x2C, 0x2C, 0x2D, 0x2E,
    0x2D, 0x2C, 0x2D, 0x2D, 0x2D, 0x2C, 0x2D, 0x2D, 0x2C, 0x2D, 0x2B, 0x2B, 0x2D, 0x9F, 0xE1, 0x2D,
    0x24, 0xD9, 0xD8, 0xD8, 0xD9, 0xD8, 0xD8, 0xD8, 0xD8, 0xD8, 0xD7, 0xD7, 0xD7, 0xD7, 0xD8, 0xD7,
    0x37, 0x2C, 0xDD, 0xCC, 0x2C, 0x2B, 0x2B, 0x2C, 0x2C, 0x2D, 0x36, 0xDA, 0xDB, 0x22, 0x2D, 0x2C,
    0x2C, 0x2C, 0x2B, 0x2C, 0x2B, 0x2D, 0x2D, 0x2C, 0x2B, 0x29, 0xD9, 0xD9, 0xDA, 0xE0, 0xD9, 0xD8,
    0xD9, 0xCE, 0x2C, 0x2C, 0x2A, 0x2B, 0x2B, 0x2B, 0x2D, 0xD6, 0xDC, 0xD9, 0x2C, 0x2C, 0x2B, 0x2B,
    0x2B, 0x2C, 0x2B, 0x2B, 0x2B, 0x2C, 0x2B, 0x2B, 0x2C, 0x2B, 0x2B, 0x2B, 0x2D, 0x2C, 0x2C, 0x2D,
    0x2D, 0x2C, 0x2E, 0x2D, 0x2B, 0x81, 0xD8, 0xDA, 0xDE, 0x2D, 0x2C, 0x2C, 0x2C, 0x2D, 0x2B, 0x22,
    0xD9, 0xD9, 0x22, 0x2B, 0x2B, 0x2C, 0x2C, 0x2C, 0x2C, 0x2C, 0x2D, 0x2B, 0x5D, 0xDA, 0xD9, 0x23,
    0x2B, 0x2B, 0x2D, 0x23, 0x22, 0x7C, 0xE2, 0xD8, 0xD8, 0x23, 0x22, 0x2B, 0x2C, 0x2A, 0x2C, 0x2C,
    0x2B, 0x2B, 0x2B, 0x2C, 0x2D, 0x2C, 0x2D, 0x2D, 0x2B, 0x2B, 0x2B, 0x2B, 0x2B, 0x2B, 0x2B, 0x2B,
    0x2C, 0x2C, 0x2C, 0x2C, 0x2C, 0x2C, 0x2C, 0x2C, 0x2D, 0x2C, 0x2D, 0x2C, 0x2C, 0x2D, 0x2C, 0x2C,
    0x2C, 0x2C, 0x2C, 0x2D, 0x2D, 0x2E, 0x25, 0x26, 0x1B, 0xE3, 0xE0, 0xD7, 0xD9, 0xD7, 0xD9, 0xD8,
    0xD8, 0xD8, 0xD8, 0xD9, 0xD9, 0xD7, 0xD8, 0xD8, 0x2C, 0x2D, 0x2D, 0x2B, 0x2C, 0x2C, 0x2D, 0x2D,
    0x2C, 0x2C, 0x2C, 0x2D, 0x2C, 0x2C, 0x2C, 0x2D, 0x2C, 0x30, 0xD9, 0xD9, 0xA9, 0x22, 0x23, 0x2C,
    0x2B, 0x2B, 0x2B, 0x2B, 0x2C, 0x2C, 0x22, 0xDB, 0xD8, 0xD9, 0xD8, 0xD8, 0xD9, 0xD8, 0x5E, 0x2B,
    0x2C, 0x2D, 0x2D, 0x2C, 0x2D, 0x2E, 0x21, 0x20, 0x17, 0xD8, 0xD9, 0x1D, 0x2B, 0x2B, 0x2C, 0x2C,
    0x2C, 0x2A, 0x2B, 0x2B, 0x2C, 0x2D, 0x2C, 0x2C, 0x2C, 0x2D, 0x2D, 0x2C, 0x2D, 0x9F, 0xE0, 0x2A,
    0x27, 0x46, 0x46, 0x46, 0x46, 0x46, 0x45, 0x45, 0x43, 0x42, 0x42, 0x41, 0x40, 0x41, 0x41, 0x41,
    0x2A, 0x2B, 0xDE, 0xCE, 0x2E, 0x2C, 0x2B, 0x2D, 0x2D, 0x2E, 0x38, 0xDA, 0xDA, 0x20, 0x2B, 0x2C,
    0x2B, 0x2C, 0x2C, 0x2E, 0x2C, 0x2D, 0x2C, 0x2C, 0x2D, 0x2E, 0xD8, 0xD9, 0xD8, 0xDA, 0xD9, 0xD9,
    0xD9, 0xCD, 0x2C, 0x2C, 0x2B, 0x2B, 0x2C, 0x2B, 0x2D, 0xD5, 0xDA, 0xD9, 0x2C, 0x2C, 0x2B, 0x2E,
    0x2B, 0x2B, 0x2A, 0x2B, 0x2B, 0x2C, 0x2B, 0x2B, 0x2B, 0x2B, 0x2B, 0x2B, 0x2B, 0x2B, 0x2C, 0x2B,
    0x2C, 0x2C, 0x2C, 0x2C, 0x2B, 0x83, 0xD9, 0xDA, 0xDE, 0x2C, 0x2C, 0x2B, 0x2B, 0x2D, 0x2B, 0x23,
    0xD9, 0xD8, 0x1E, 0x2A, 0x2C, 0x2B, 0x2C, 0x2C, 0x2C, 0x2D, 0x2D, 0x2B, 0x62, 0xDC, 0xDB, 0x29,
    0x2C, 0x2B, 0x2B, 0xCA, 0xC8, 0xCE, 0xD8, 0xDA, 0x1F, 0x29, 0x29, 0x2C, 0x2B, 0x2B, 0x2B, 0x2C,
    0x2B, 0x2D, 0x2B, 0x2C, 0x2C, 0x2B, 0x2B, 0x2B, 0x2B, 0x2B, 0x2B, 0x2B, 0x2B, 0x2C, 0x2B, 0x2B,
    0x2B, 0x2B, 0x2B, 0x2C, 0x2C, 0x2C, 0x2C, 0x2E, 0x2D, 0x2C, 0x2C, 0x2C, 0x2C, 0x2C, 0x2C, 0x2C,
    0x2C, 0x2C, 0x2C, 0x2C, 0x2D, 0x2D, 0x2B, 0x2D, 0x22, 0xDB, 0xDB, 0xD9, 0xD9, 0xD9, 0xD9, 0xD9,
    0xD8, 0xD9, 0xD8, 0xD8, 0xD8, 0x89, 0x2F, 0x2F, 0xD8, 0xDA, 0xBB, 0x2B, 0x2B, 0x2C, 0x2C, 0x2C,
    0x2B, 0x2C, 0x2D, 0x2C, 0x2D, 0x2D, 0x2C, 0x2C, 0x2D, 0x2F, 0xD8, 0xD8, 0xAF, 0x2C, 0x2D, 0x2C,
    0x2B, 0x2B, 0x2C, 0x2C, 0x2C, 0x71, 0xD9, 0xD9, 0xD9, 0xD8, 0xD7, 0xD9, 0xDA, 0xDA, 0xD9, 0xE2,
    0x2B, 0x2C, 0x2E, 0x2C, 0x2D, 0x2E, 0x2B, 0x2C, 0x24, 0xD9, 0xDA, 0xDC, 0xD8, 0xD9, 0xDA, 0xD8,
    0xD7, 0xD7, 0xD8, 0xD9, 0xD9, 0x7F, 0x2B, 0x2B, 0x2D, 0xE3, 0xDC, 0xDA, 0xD8, 0xD8, 0xD9, 0xE0,
    0x2C, 0x2A, 0x2A, 0x2A, 0x2B, 0x2C, 0x2B, 0x2A, 0x2A, 0x2A, 0x2A, 0x2A, 0x2A, 0x2C, 0x2D, 0x2B,
    0x2E, 0x27, 0xD8, 0xD8, 0xD8, 0xDA, 0xDD, 0x2B, 0x2F, 0x2D, 0x38, 0xDA, 0xDA, 0x23, 0x2C, 0x2C,
    0x2C, 0x2C, 0x2D, 0x2B, 0x2C, 0x2B, 0x2C, 0x2C, 0x2B, 0x2D, 0x2D, 0xDE, 0xD9, 0xD9, 0xDA, 0xD8,
    0xDA, 0xCE, 0x2C, 0x2C, 0x2C, 0x2B, 0x2C, 0x2B, 0x2C, 0xD5, 0xDA, 0xDA, 0x2D, 0x2D, 0x2C, 0x23,
    0xD9, 0xDA, 0xD8, 0xD8, 0xD8, 0xD7, 0xD9, 0xDA, 0xD9, 0xDA, 0xD9, 0xD8, 0xD8, 0xD9, 0xD8, 0xD8,
    0x38, 0x26, 0xD9, 0xD8, 0xD9, 0xD9, 0xD9, 0xDA, 0xE0, 0x2D, 0x2C, 0x2C, 0x2C, 0x2D, 0x2C, 0x22,
    0xD9, 0xD8, 0xD7, 0xD9, 0xD7, 0xD9, 0xD7, 0xD8, 0xE0, 0x2D, 0x2B, 0x2E, 0x68, 0xDB, 0x3F, 0x2B,
    0xC2, 0xD9, 0xD7, 0xD8, 0xD9, 0xD9, 0xDB, 0xDA, 0xD9, 0xD9, 0xDA, 0xDA, 0x2B, 0x2D, 0x2C, 0x2C,
    0x2C, 0x2D, 0xDD, 0xD8, 0xD9, 0xD8, 0xD7, 0xD8, 0xD8, 0xD8, 0xD8, 0xD9, 0xD9, 0xD9, 0xD8, 0xD8,
    0xD7, 0xD8, 0xD8, 0x2E, 0x2D, 0x2C, 0x2C, 0x2D, 0x2C, 0x2C, 0x2C, 0x2D, 0x2D, 0x2C, 0x2C, 0x2D,
    0x2C, 0x2D, 0x2D, 0x2C, 0x2D, 0x2D, 0xDD, 0xD9, 0xE0, 0x2D, 0x2B, 0xDF, 0xD7, 0xD9, 0xD9, 0xD9,
    0xD9, 0xD9, 0xD8, 0xD9, 0xD8, 0x86, 0x2F, 0x30, 0xD9, 0xD9, 0xB9, 0x2B, 0x2B, 0x2B, 0x2C, 0x2C,
    0x2C, 0x2C, 0x2D, 0x2C, 0x2D, 0x2D, 0x2D, 0x2C, 0x2D, 0x2F, 0xD8, 0xD8, 0xAD, 0x2D, 0x2B, 0x2D,
    0x2C, 0x2D, 0x2C, 0x2B, 0x2B, 0x72, 0xDA, 0xD9, 0xD9, 0xD9, 0xD8, 0xD8, 0xD9, 0xD8, 0xD8, 0xE0,
    0x2C, 0x2B, 0x2C, 0x2A, 0x2B, 0x2C, 0x2B, 0x2B, 0x23, 0xDA, 0xD9, 0xDB, 0xDA, 0xD9, 0xD9, 0xD8,
    0xD6, 0xD8, 0xD6, 0xD8, 0xD9, 0x79, 0x2A, 0x2C, 0x2B, 0xDE, 0xD9, 0xDB, 0xD9, 0xD8, 0xD8, 0xD9,
    0xD8, 0xD6, 0xD8, 0xD8, 0xD9, 0xD9, 0xD8, 0xD9, 0xD8, 0xD7, 0xD8, 0xD8, 0xD8, 0xDA, 0xDD, 0xDE,
    0xDA, 0xDC, 0xDA, 0xD9, 0xD9, 0xDA, 0xD6, 0xD8, 0xD8, 0x26, 0x38, 0xD9, 0xD9, 0x24, 0x2C, 0x2B,
    0x2C, 0x2C, 0x2C, 0x2C, 0x2B, 0x2A, 0x2B, 0x2B, 0x2B, 0x2B, 0x2C, 0xE1, 0xD9, 0xD8, 0xD9, 0xDA,
    0xD9, 0xCD, 0x2B, 0x2B, 0x2B, 0x2E, 0x2D, 0x2D, 0x2E, 0xD8, 0xDB, 0xD9, 0x2D, 0x2E, 0x96, 0xDB,
    0xD8, 0xD9, 0xD9, 0xD8, 0xD8, 0xD8, 0xD8, 0xD8, 0xD8, 0xD8, 0xD7, 0xD8, 0xD8, 0xD8, 0xD8, 0xD8,
    0xDA, 0xD9, 0xD8, 0xD8, 0xDA, 0xD9, 0xDA, 0xDA, 0xE0, 0x2C, 0x2C, 0x2C, 0x2B, 0x2C, 0x2B, 0x23,
    0xD8, 0xD9, 0xD6, 0xD8, 0xD7, 0xD9, 0xD9, 0xD9, 0xDB, 0x2B, 0x29, 0xDF, 0xDA, 0xD9, 0xDB, 0xD9,
    0xD7, 0xD9, 0xD8, 0xD7, 0xD7, 0xD8, 0xD8, 0xD9, 0xD9, 0xD9, 0xD8, 0xD8, 0xDA, 0x27, 0x2C, 0x2E,
    0x2D, 0xD9, 0xD9, 0xD7, 0xD7, 0xD8, 0xD6, 0xD7, 0xD6, 0xD6, 0xD8, 0xD8, 0xD8, 0xD8, 0xD8, 0xD8,
    0xD8, 0xD8, 0xD8, 0xDE, 0x28, 0x2B, 0x2C, 0x2B, 0x2C, 0x2C, 0x2C, 0x2C, 0x2C, 0x2D, 0x2D, 0x2D,
    0x2E, 0x2D, 0x2C, 0x2C, 0x2C, 0x2D, 0xDE, 0xD8, 0xE0, 0x2A, 0x2C, 0xE2, 0xDA, 0xDA, 0xD9, 0xD9,
    0xD8, 0xD9, 0xDA, 0x2D, 0x2C, 0x60, 0xDC, 0xDC, 0x2C, 0x2B, 0x2B, 0x28, 0x2B, 0x2B, 0x2C, 0x2C,
    0x2C, 0x2C, 0x2D, 0x2C, 0x2E, 0x2D, 0x2D, 0x2C, 0x2C, 0x30, 0xD7, 0xD8, 0xAE, 0x2C, 0x2C, 0x2C,
    0x2B, 0x2C, 0x2B, 0x2B, 0xE1, 0xDA, 0xDA, 0xD8, 0xD9, 0xD9, 0xD9, 0xDA, 0xD8, 0xD8, 0xD7, 0xD8,
    0xD9, 0x2C, 0x2B, 0x2B, 0x2B, 0x2B, 0x2D, 0x2B, 0x22, 0xD8, 0xD8, 0x1E, 0x2A, 0x2C, 0x2B, 0x2B,
    0x2C, 0x2B, 0x2B, 0xD7, 0xD9, 0x7A, 0x2C, 0x2A, 0x2B, 0xDA, 0xDA, 0xD9, 0x2A, 0x2A, 0x2D, 0x2B,
    0x2C, 0x2B, 0x2A, 0x43, 0xD8, 0xD8, 0xD8, 0xD8, 0xD8, 0xD8, 0xDB, 0x1E, 0x29, 0x29, 0x2B, 0x2A,
    0x2B, 0x2D, 0x2A, 0x2A, 0xDE, 0xD8, 0xD9, 0xD9, 0xDA, 0xDB, 0xDC, 0xDA, 0xDA, 0x23, 0x2C, 0x2B,
    0x2C, 0x2C, 0x2C, 0x2B, 0x2B, 0x2B, 0x2C, 0x2C, 0x2C, 0x2D, 0x2B, 0x2A, 0x5A, 0xD9, 0xD8, 0xD9,
    0xD9, 0xCE, 0x2A, 0x2C, 0x2B, 0x2A, 0x2B, 0x2C, 0x2D, 0xD4, 0xDA, 0xD9, 0xDA, 0xDB, 0xDB, 0xD9,
    0xD8, 0xD8, 0x1F, 0x2A, 0x2B, 0x2B, 0x2A, 0x2B, 0x2B, 0x2B, 0x2A, 0x2D, 0x2B, 0x27, 0xD9, 0xDA,
    0xD9, 0xDA, 0xD9, 0xD9, 0x20, 0x2B, 0x2C, 0x2C, 0x2B, 0x2C, 0x2C, 0x2C, 0x2C, 0x2C, 0x2C, 0x2C,
    0x2C, 0x2B, 0x2B, 0x2B, 0x2D, 0x2A, 0xDB, 0xD9, 0xD9, 0xDA, 0xD8, 0xD8, 0xDA, 0xD7, 0xDA, 0xD7,
    0x33, 0x2A, 0x2B, 0x2A, 0x2A, 0x2C, 0x2C, 0x2B, 0xDA, 0xD9, 0xD9, 0xD9, 0xD9, 0xD8, 0xDA, 0xD9,
    0xDB, 0xD8, 0xD9, 0xD8, 0xD8, 0xD7, 0x27, 0x2A, 0x2A, 0x2B, 0x2B, 0x2A, 0x2B, 0x2B, 0x2B, 0x2B,
    0x2B, 0x27, 0xD9, 0xD9, 0xD9, 0xDB, 0xE3, 0x2D, 0x2D, 0x2C, 0x2C, 0x2C, 0x2C, 0x2D, 0x2D, 0x2C,
    0x2D, 0x2D, 0x2D, 0x2C, 0x2D, 0x2C, 0x2B, 0x2B, 0x22, 0xDD, 0xDD, 0x20, 0x30, 0x27, 0xD9, 0xDC,
    0xD9, 0xDA, 0xDA, 0x30, 0x2F, 0x66, 0xDB, 0xDA, 0x2B, 0x2C, 0x2B, 0x2C, 0x2B, 0x2D, 0x2C, 0x2C,
    0x2D, 0x2E, 0x2D, 0x2C, 0x2D, 0x2C, 0x2D, 0x2C, 0x2B, 0x30, 0xD9, 0xD8, 0xAE, 0x2D, 0x2C, 0x2C,
    0x2B, 0x2D, 0x2C, 0x2E, 0xE2, 0xDA, 0xD9, 0xDA, 0xD8, 0xD9, 0xD9, 0xD8, 0xD9, 0xD9, 0xD9, 0xD8,
    0xD9, 0x2C, 0x2D, 0x2C, 0x2C, 0x2C, 0x2C, 0x2B, 0x23, 0xD8, 0xD8, 0x24, 0x2B, 0x2C, 0x2C, 0x2D,
    0x2C, 0x2D, 0x2D, 0xD6, 0xD8, 0x7C, 0x2D, 0x2C, 0x2C, 0xDA, 0xD9, 0xDA, 0x2C, 0x2C, 0x2B, 0x2D,
    0x2C, 0x2D, 0x2C, 0x42, 0xD8, 0xD8, 0xD9, 0xD9, 0xDA, 0xD8, 0x2D, 0x2D, 0x2C, 0x2C, 0x2A, 0x2D,
    0x2C, 0x2C, 0x2B, 0x2B, 0x2C, 0x65, 0xD9, 0xD9, 0xD9, 0xD8, 0xD9, 0xD9, 0xDB, 0x1E, 0x2B, 0x2C,
    0x2B, 0x2C, 0x2B, 0x2B, 0x2B, 0x2B, 0x2B, 0x2B, 0x2B, 0x2D, 0x2D, 0x2C, 0x55, 0xD9, 0xD8, 0xD9,
    0xD8, 0xCF, 0x2D, 0x2D, 0x2B, 0x2C, 0x2C, 0x2B, 0x2C, 0xD7, 0xDA, 0xDA, 0xDA, 0xDB, 0xDA, 0xD9,
    0xD9, 0xD8, 0x22, 0x2C, 0x2D, 0x2C, 0x2D, 0x2C, 0x2D, 0x2D, 0x2C, 0x2D, 0x2D, 0x2A, 0xD9, 0xD6,
    0xD9, 0xD9, 0xD9, 0xD9, 0x23, 0x2C, 0x2C, 0x2D, 0x2C, 0x2A, 0x2D, 0x2D, 0x2D, 0x2D, 0x2D, 0x2D,
    0x2D, 0x2D, 0x2D, 0x2D, 0x2D, 0x2D, 0xDB, 0xDA, 0xD9, 0xD6, 0xD8, 0xD9, 0xD8, 0xDA, 0x2D, 0x2D,
    0x2C, 0x2C, 0x2D, 0x2D, 0x2D, 0x2C, 0x2B, 0x2D, 0x2F, 0xDD, 0xD7, 0xDB, 0xD7, 0xD8, 0xD8, 0xD9,
    0xD9, 0xD7, 0xD8, 0xD8, 0xDC, 0x2B, 0x2C, 0x2B, 0x2C, 0x2C, 0x2D, 0x2D, 0x2C, 0x2D, 0x2D, 0x2C,
    0x2D, 0x28, 0xD9, 0xDA, 0xD8, 0xD9, 0xE0, 0x2C, 0x2D, 0x2D, 0x2C, 0x2C, 0x2D, 0x2D, 0x2C, 0x2D,
    0x2D, 0x2D, 0x2D, 0x2D, 0x2D, 0x2D, 0x2D, 0x2C, 0x23, 0xD7, 0xDC, 0x27, 0x30, 0x2B, 0xD9, 0xD9,
    0xD8, 0xD8, 0xD9, 0xD8, 0xD9, 0x71, 0x2E, 0x2E, 0x2D, 0x2D, 0x2D, 0x2D, 0x2B, 0x2C, 0x2C, 0x2B,
    0x2D, 0x2C, 0x2C, 0x2C, 0x2C, 0x2D, 0x2C, 0x2C, 0x2C, 0x31, 0xD7, 0xD9, 0xAE, 0x2C, 0x2C, 0x2C,
    0x2B, 0x2C, 0x2B, 0x2D, 0xE1, 0xD8, 0xD8, 0xD8, 0xD9, 0xD9, 0xD9, 0xD9, 0xD9, 0xDA, 0xD8, 0xD9,
    0xD9, 0x2C, 0x2C, 0x2C, 0x2C, 0x2C, 0x2C, 0x2A, 0x23, 0xDA, 0xD8, 0x22, 0x2C, 0x2B, 0x2C, 0x2D,
    0x2E, 0x2C, 0x2C, 0xD9, 0xD7, 0xDB, 0xDA, 0xD8, 0xD9, 0xD8, 0xD9, 0xD8, 0x2C, 0x2C, 0x2E, 0x2C,
    0x2D, 0x2D, 0x2C, 0x43, 0xD7, 0xD6, 0xD9, 0x33, 0x2C, 0x2C, 0x2C, 0x2C, 0x2B, 0x2B, 0x2C, 0x2C,
    0x2D, 0x2D, 0x2D, 0x2C, 0x2D, 0x2F, 0x2E, 0x2D, 0xD8, 0xD9, 0xDA, 0xD8, 0xD8, 0x1D, 0x2A, 0x2A,
    0x2B, 0x2B, 0x2B, 0x2C, 0x2B, 0x2C, 0x2B, 0x2C, 0x2D, 0x2D, 0x2D, 0x2C, 0x2E, 0x25, 0xD8, 0xD8,
    0xD8, 0xCD, 0x2C, 0x2B, 0x2B, 0x2B, 0x2B, 0x2B, 0x2D, 0xD7, 0xD8, 0xDA, 0xDA, 0xDA, 0xD9, 0xE2,
    0x2B, 0x2D, 0x2D, 0x2C, 0x2D, 0x2C, 0x2D, 0x2C, 0x2D, 0x2C, 0x2C, 0x2D, 0x2D, 0x2D, 0x2E, 0x2E,
    0xC9, 0xD8, 0xD9, 0xD9, 0x21, 0x2C, 0x2C, 0x2C, 0x2C, 0x2D, 0x2C, 0x2C, 0x2C, 0x2D, 0x2D, 0x2D,
    0x2D, 0x2D, 0x2D, 0x2D, 0x2D, 0x2D, 0xDB, 0xD9, 0xD8, 0xD7, 0xD8, 0x1A, 0x2B, 0x2D, 0x2C, 0x2C,
    0x2C, 0x2D, 0x2D, 0x2D, 0x2C, 0x2C, 0x2C, 0x2C, 0x2C, 0x2E, 0x2C, 0x2C, 0xD7, 0xD7, 0xD7, 0xD6,
    0xD8, 0xD7, 0x1E, 0x2B, 0x2C, 0x2B, 0x2B, 0x2C, 0x2B, 0x2C, 0x2D, 0x2C, 0x2B, 0x2C, 0x2C, 0x2D,
    0x2C, 0x2D, 0x2D, 0x2D, 0xE3, 0xD9, 0xE1, 0x2D, 0x2C, 0x2C, 0x2C, 0x2C, 0x2C, 0x2C, 0x2D, 0x2B,
    0x2C, 0x2B, 0x2C, 0x2B, 0x2C, 0x2D, 0x2D, 0x2B, 0x2C, 0x2C, 0x2F, 0xE2, 0xD8, 0xD8, 0xD8, 0xDA,
    0xD9, 0xD8, 0xD9, 0xDA, 0xD8, 0x73, 0x2B, 0x2B, 0x2B, 0x2B, 0x2C, 0x2C, 0x2C, 0x2D, 0x2C, 0x2C,
    0x2C, 0x2C, 0x2C, 0x2C, 0x2D, 0x2C, 0x2C, 0x2C, 0x2C, 0x30, 0xD8, 0xD8, 0xAD, 0x2D, 0x2C, 0x2B,
    0x2B, 0x2D, 0x2A, 0x2D, 0xE2, 0xD9, 0xD9, 0xD9, 0xD9, 0xD9, 0xD9, 0xD9, 0xD9, 0xD8, 0xD9, 0xD9,
    0xD7, 0x2C, 0x2B, 0x2B, 0x2C, 0x2C, 0x2D, 0x2B, 0x23, 0xDC, 0xDA, 0x21, 0x2C, 0x2B, 0x2C, 0x2C,
    0x2D, 0x2C, 0x2D, 0x28, 0xE1, 0xDB, 0xDB, 0xDB, 0xD9, 0xD9, 0xBA, 0x2B, 0x2C, 0x2B, 0x2D, 0x2D,
    0x2B, 0x2D, 0x2C, 0x3F, 0xD7, 0xD7, 0xD7, 0x29, 0x2B, 0x2B, 0x2B, 0x2C, 0x2A, 0x2B, 0x2C, 0x2E,
    0x2E, 0x2C, 0x2E, 0x2D, 0x2D, 0x2D, 0x2C, 0x2D, 0xD8, 0xD9, 0xD9, 0xD9, 0xD7, 0x1E, 0x2B, 0x2B,
    0x2B, 0x2B, 0x2C, 0x2B, 0x2C, 0x2C, 0x2A, 0x2C, 0x2D, 0x2D, 0x2D, 0x2C, 0x2C, 0x26, 0xDA, 0xD7,
    0xD7, 0xD0, 0x2B, 0x2B, 0x2C, 0x2B, 0x2B, 0x2B, 0x2B, 0xD8, 0xD9, 0xDA, 0xDA, 0xD9, 0x67, 0x2C,
    0x2C, 0x2D, 0x2D, 0x2D, 0x2B, 0x2C, 0x2D, 0x2C, 0x2D, 0x2E, 0x2C, 0x2D, 0x2E, 0x2D, 0x2D, 0x2D,
    0xC7, 0xD8, 0xD8, 0xD9, 0x1F, 0x2D, 0x2D, 0x2D, 0x2C, 0x2D, 0x2D, 0x2C, 0x2C, 0x2B, 0x2B, 0x2A,
    0x2C, 0x2C, 0x2C, 0x2D, 0x2C, 0x2D, 0xDB, 0xD9, 0xDA, 0xD9, 0xDA, 0x21, 0x2C, 0x2C, 0x2C, 0x2C,
    0x2C, 0x2C, 0x2E, 0x2C, 0x2D, 0x2C, 0x2D, 0x2D, 0x2D, 0x2D, 0x2C, 0x2B, 0xD7, 0xD8, 0xD6, 0xD7,
    0xD6, 0xD8, 0x20, 0x2C, 0x2B, 0x2C, 0x2C, 0x2C, 0x2B, 0x2D, 0x2D, 0x2C, 0x2D, 0x2C, 0x2D, 0x2E,
    0x2F, 0x2E, 0x2D, 0x2E, 0xE3, 0xD9, 0xE0, 0x2C, 0x2C, 0x2D, 0x2C, 0x2D, 0x2C, 0x2D, 0x2C, 0x2C,
    0x2C, 0x2C, 0x2C, 0x2C, 0x2C, 0x2B, 0x2C, 0x2C, 0x2C, 0x2E, 0x2B, 0xDE, 0xD9, 0xD9, 0xDA, 0xD9,
    0xD9, 0xD9, 0xDA, 0xDA, 0xD9, 0xD9, 0xDB, 0xD9, 0xD8, 0xD8, 0xB5, 0x2C, 0x2D, 0x2D, 0x2D, 0x2D,
    0x2D, 0x2D, 0x2D, 0x2C, 0x2C, 0x2C, 0x2C, 0x2C, 0x2C, 0x31, 0xD8, 0xD8, 0xAC, 0x2D, 0x2C, 0x2A,
    0x2D, 0x2D, 0x2C, 0x2D, 0xE1, 0xD9, 0xD9, 0xD8, 0xD8, 0xD9, 0xD9, 0xD8, 0xD9, 0xD7, 0xD8, 0xD8,
    0xD9, 0x2B, 0x2C, 0x2C, 0x2C, 0x2C, 0x2C, 0x2B, 0x23, 0xDA, 0xDB, 0xDA, 0xA7, 0x2C, 0x2B, 0x2D,
    0x2C, 0x2C, 0x2D, 0x2C, 0xE3, 0xDA, 0xD9, 0xD9, 0xD8, 0xD9, 0xB8, 0x2C, 0x2B, 0x2D, 0x2C, 0x2C,
    0x2D, 0x2C, 0xE2, 0xD9, 0xD8, 0xD9, 0x26, 0x2D, 0x2C, 0x2C, 0x2C, 0x2B, 0x2D, 0x30, 0xD9, 0xD8,
    0xD8, 0xD3, 0x2D, 0x2C, 0x2B, 0x2B, 0x2C, 0x2C, 0x2C, 0xD6, 0xD9, 0xD9, 0xD9, 0x1F, 0x2B, 0x2B,
    0x2B, 0x2C, 0x2B, 0x2C, 0x27, 0xDB, 0x29, 0x2C, 0x2D, 0x2D, 0x2D, 0x2D, 0x2C, 0x2E, 0x2B, 0xDD,
    0xD7, 0xCF, 0x2B, 0x2C, 0x2B, 0x2B, 0x2A, 0x2D, 0x2B, 0xDA, 0xDA, 0xDB, 0xDA, 0x24, 0x2D, 0x2C,
    0x2D, 0x2D, 0x2D, 0x2D, 0x2D, 0x2C, 0xDC, 0xD9, 0xD9, 0xD7, 0x2C, 0x2B, 0x2D, 0x2D, 0x2D, 0x2C,
    0x2E, 0x2E, 0x2E, 0xD8, 0xD9, 0xD9, 0xD9, 0xD9, 0xDF, 0x2A, 0x2C, 0x2C, 0x2B, 0x2C, 0x2C, 0x25,
    0xDA, 0xD8, 0xDB, 0xD7, 0xD8, 0xD6, 0xD9, 0xD9, 0xD9, 0xD7, 0x2C, 0x2C, 0x2D, 0x2D, 0x2D, 0x2C,
    0x2D, 0x2D, 0xD8, 0xD7, 0xD6, 0x73, 0x2D, 0x2E, 0x2D, 0x2D, 0x2E, 0x2D, 0x2D, 0xDD, 0xDA, 0xDA,
    0xD7, 0x2C, 0x2B, 0x2C, 0x2C, 0x2C, 0x2C, 0x2C, 0x24, 0xD9, 0xD9, 0xD6, 0xD9, 0xE0, 0x2E, 0x2C,
    0x2C, 0x2D, 0x2D, 0x2E, 0xE3, 0xD8, 0xE0, 0x2C, 0x2D, 0x2B, 0x2C, 0x2C, 0x2D, 0x2C, 0x2C, 0x2D,
    0x2C, 0x2C, 0x2B, 0x2B, 0x2C, 0x2D, 0xDC, 0xD9, 0xD9, 0xD7, 0xD8, 0xD9, 0xD9, 0xDA, 0xDA, 0xDB,
    0xD9, 0xD9, 0xDA, 0xDA, 0xD9, 0xDA, 0xD9, 0xD8, 0xDA, 0xDC, 0xB3, 0x2D, 0x2D, 0x2C, 0x2D, 0x2D,
    0x2D, 0x2D, 0x2C, 0x2C, 0x2C, 0x2D, 0x2C, 0x2C, 0x2C, 0x30, 0xD7, 0xD8, 0xAD, 0x2D, 0x2D, 0x2C,
    0x2D, 0x2D, 0x2C, 0x2C, 0xE1, 0xD8, 0xD9, 0xD8, 0xD9, 0xD8, 0xDC, 0xD7, 0xD9, 0xD8, 0xD9, 0xD9,
    0xD9, 0x29, 0x2B, 0x2C, 0x2C, 0x2C, 0x2B, 0x2C, 0x24, 0xDB, 0xDB, 0xD8, 0xAB, 0x2B, 0x2C, 0x2B,
    0x2C, 0x2D, 0x2D, 0x2C, 0xE2, 0xD9, 0xD9, 0xDB, 0xDB, 0xDA, 0xB7, 0x2C, 0x2B, 0x2C, 0x2B, 0x2D,
    0x2D, 0x2C, 0xE0, 0xDA, 0xDA, 0xD8, 0x29, 0x2B, 0x2C, 0x2C, 0x2C, 0x2A, 0x51, 0xD8, 0xD8, 0xD8,
    0xD8, 0xD8, 0xD7, 0x2C, 0x2E, 0x2D, 0x2D, 0x2C, 0x2B, 0xDB, 0xD7, 0xD9, 0xD8, 0x20, 0x2B, 0x2C,
    0x2B, 0x2B, 0x2A, 0x2B, 0x26, 0xDA, 0xDA, 0x4A, 0x2A, 0x2C, 0x2C, 0x2C, 0x2D, 0x2D, 0x2C, 0xDC,
    0xD8, 0xCE, 0x2B, 0x2A, 0x2C, 0x2C, 0x2B, 0x2B, 0x2C, 0xDB, 0xDB, 0xDA, 0xDA, 0x26, 0x2C, 0x2C,
    0x2D, 0x2D, 0x2D, 0x2D, 0x29, 0xDB, 0xD6, 0xD7, 0xD6, 0xD7, 0xD7, 0x2A, 0x2C, 0x2C, 0x2D, 0x2D,
    0x2D, 0x2D, 0x2E, 0xD6, 0xD9, 0xD9, 0xD8, 0xD8, 0xE0, 0x2C, 0x2C, 0x2B, 0x2B, 0x2C, 0x2C, 0x23,
    0xD9, 0xDA, 0xD9, 0xD9, 0xD8, 0xD8, 0xD9, 0xD9, 0xD7, 0xD7, 0x2C, 0x2B, 0x2B, 0x2D, 0x2C, 0x2B,
    0xC4, 0xD5, 0xD8, 0xD8, 0xD7, 0xD8, 0xE2, 0x2D, 0x2C, 0x2D, 0x2C, 0x2D, 0x2D, 0xDF, 0xD8, 0xD8,
    0xD7, 0x2D, 0x2C, 0x2B, 0x2C, 0x2C, 0x29, 0xA8, 0xD6, 0xD8, 0xD8, 0xD7, 0xD8, 0xE2, 0x2E, 0x2C,
    0x2C, 0x2D, 0x2E, 0x2D, 0xE3, 0xD9, 0xE0, 0x2C, 0x2C, 0x2B, 0x2B, 0x2D, 0x2C, 0x2C, 0x2C, 0x2C,
    0x2C, 0x2B, 0x2B, 0x2C, 0x2A, 0x2D, 0xDE, 0xDB, 0xD9, 0xD9, 0xD8, 0xD9, 0xDA, 0xD7, 0xD9, 0xDA,
    0xD6, 0xDB, 0xDA, 0xDA, 0xD9, 0xD9, 0xD8, 0xDA, 0x2D, 0x2C, 0x2C, 0x2B, 0x2C, 0x2D, 0x2D, 0x2D,
    0x2D, 0x2D, 0x2C, 0x2B, 0x2C, 0x2C, 0x2C, 0x2C, 0x2B, 0x30, 0xD8, 0xD8, 0xAE, 0x2D, 0x2D, 0x2B,
    0x2D, 0x2D, 0x2B, 0x2C, 0xE1, 0xD8, 0xD9, 0xD6, 0xD8, 0xD9, 0xD8, 0xDA, 0xD8, 0xD8, 0xD9, 0xD8,
    0xD8, 0x2B, 0x2C, 0x2C, 0x2C, 0x2C, 0x2A, 0x2B, 0x23, 0xD9, 0xD9, 0xD9, 0xAB, 0x2B, 0x2C, 0x2B,
    0x2D, 0x2D, 0x2D, 0x2D, 0xE2, 0xD9, 0xD8, 0xD9, 0xD9, 0xD9, 0xB6, 0x2A, 0x2B, 0x2B, 0x2C, 0x2D,
    0x2D, 0x2B, 0xE1, 0xD9, 0xDD, 0x2B, 0x2C, 0x2B, 0x2C, 0x2C, 0x2A, 0xDE, 0xD8, 0xD8, 0xD8, 0xD6,
    0xD7, 0xD7, 0xD7, 0xD7, 0x23, 0x2D, 0x2D, 0x2D, 0x2D, 0x2E, 0x3B, 0xD8, 0xD9, 0x20, 0x2B, 0x2C,
    0x2B, 0x2B, 0x2B, 0x2A, 0x26, 0xD9, 0xD9, 0xDA, 0xDF, 0x2A, 0x2C, 0x2C, 0x2C, 0x2B, 0x2C, 0x2C,
    0xCB, 0xCE, 0x2B, 0x2A, 0x2A, 0x2B, 0x2A, 0x2B, 0x2C, 0xDA, 0xDA, 0xDD, 0xDA, 0x25, 0x2C, 0x2C,
    0x2C, 0x2D, 0x2B, 0x4D, 0xDB, 0xD8, 0xD8, 0xD7, 0xD6, 0xD5, 0xDA, 0xD9, 0x96, 0x2C, 0x2C, 0x2B,
    0x2D, 0x2C, 0x2F, 0xD8, 0xD9, 0xD9, 0xD8, 0xD8, 0xDC, 0x2B, 0x2B, 0x2B, 0x2B, 0x2C, 0x2D, 0x23,
    0xD8, 0xD9, 0xD9, 0xDA, 0xD9, 0xDA, 0xD8, 0xD8, 0xDE, 0x2B, 0x2D, 0x2B, 0x2B, 0x2B, 0x2E, 0xD9,
    0xD7, 0xD8, 0xD7, 0xD7, 0xD8, 0xD7, 0xDA, 0xD8, 0x2F, 0x2C, 0x2B, 0x2D, 0x2B, 0x2E, 0x90, 0xD9,
    0xD6, 0x2C, 0x2B, 0x2B, 0x2B, 0x2C, 0x2B, 0xAB, 0xD8, 0xD8, 0xD8, 0xD9, 0xD8, 0xD8, 0xD9, 0xD7,
    0xD7, 0xD8, 0xD8, 0xDA, 0xDA, 0xD8, 0xE0, 0x2B, 0x2D, 0x2B, 0x2C, 0x2C, 0x2D, 0x2C, 0x2C, 0x2C,
    0x2C, 0x2B, 0x2B, 0x2B, 0x2A, 0x2B, 0x2C, 0x30, 0x23, 0xD9, 0xDA, 0xD9, 0xD9, 0xD9, 0xDA, 0xDB,
    0xD9, 0xDA, 0xDA, 0xDA, 0xD9, 0xDA, 0xDB, 0xD9, 0x2D, 0x29, 0x26, 0x2B, 0x2D, 0x2C, 0x2C, 0x2C,
    0x2D, 0x2D, 0x2B, 0x2C, 0x2D, 0x2D, 0x2C, 0x2B, 0x2B, 0x31, 0xD9, 0xD9, 0xAE, 0x2D, 0x2D, 0x2D,
    0x2C, 0x2C, 0x2A, 0x2C, 0xE1, 0xD9, 0xD9, 0xD9, 0xD9, 0xD9, 0xD9, 0xD9, 0xD9, 0xD9, 0xDA, 0xD9,
    0xD9, 0x2C, 0x2B, 0x2B, 0x2C, 0x2C, 0x2B, 0x2B, 0x24, 0xD9, 0xD9, 0xD8, 0xD9, 0xDC, 0x2C, 0x2C,
    0x2C, 0x2C, 0x2D, 0x2C, 0xE5, 0xDA, 0xDA, 0xDA, 0xD8, 0xDD, 0xC2, 0x2B, 0x2B, 0x2B, 0x2D, 0x2C,
    0x2F, 0xDA, 0xD9, 0xD9, 0xDD, 0x2B, 0x2C, 0x2C, 0x2B, 0x2B, 0x2D, 0xE3, 0xDD, 0xDC, 0xDC, 0xDC,
    0xDC, 0xDE, 0xDA, 0xDC, 0x21, 0x2C, 0x2D, 0x2C, 0x2D, 0x2D, 0x38, 0xD9, 0xD9, 0x22, 0x2D, 0x2B,
    0x2B, 0x2B, 0x2B, 0x2B, 0x27, 0xD8, 0xDA, 0xD9, 0xDD, 0x25, 0x2C, 0x2C, 0x2C, 0x2B, 0x2B, 0x2B,
    0x2D, 0x2C, 0x2C, 0x2B, 0x2C, 0x2B, 0x2B, 0x2B, 0x2D, 0xDB, 0xDA, 0xDA, 0xDA, 0x26, 0x2C, 0x2C,
    0x2D, 0x2D, 0x2B, 0x4F, 0xD9, 0xD8, 0xD9, 0xD9, 0xD9, 0xD9, 0xD9, 0xD8, 0x9A, 0x2A, 0x2C, 0x2B,
    0x2D, 0x2D, 0x2D, 0xD8, 0xD8, 0xD8, 0xD9, 0xD7, 0xDD, 0x2D, 0x2B, 0x2B, 0x2C, 0x2C, 0x2C, 0x23,
    0xD8, 0xD8, 0xD8, 0xDA, 0xD9, 0xD8, 0xD8, 0xD8, 0xDE, 0x2C, 0x2C, 0x2C, 0x2B, 0x2C, 0x2E, 0xD9,
    0xDA, 0xD9, 0xDA, 0xD9, 0xDA, 0xDA, 0xD8, 0xD7, 0x2E, 0x2C, 0x2B, 0x2D, 0x2C, 0x2D, 0x8B, 0xD9,
    0xD7, 0x2D, 0x2B, 0x2C, 0x2B, 0x2C, 0x2C, 0x2D, 0x2C, 0x2E, 0xDA, 0xDB, 0xDB, 0xDB, 0xD8, 0xD7,
    0xD8, 0xD9, 0xD8, 0xD8, 0xDB, 0xDB, 0xE3, 0x2C, 0x2B, 0x2C, 0x2C, 0x2C, 0x2C, 0x2C, 0x2D, 0x2E,
    0x2B, 0x2D, 0x2B, 0x2D, 0x2C, 0x2B, 0x2A, 0x28, 0x21, 0xDC, 0xDA, 0xDA, 0xDA, 0xDA, 0xDA, 0xD9,
    0xDA, 0xDA, 0xD9, 0xDA, 0xD8, 0x72, 0x2C, 0x29, 0xDD, 0xDB, 0xB3, 0x2C, 0x2D, 0x2C, 0x2C, 0x2C,
    0x2C, 0x2C, 0x2C, 0x2D, 0x2C, 0x2C, 0x2C, 0x2B, 0x2A, 0x2F, 0xD8, 0xD9, 0xAE, 0x2C, 0x2D, 0x2D,
    0x2D, 0x2C, 0x2C, 0x2D, 0xE1, 0xD9, 0xD9, 0xD9, 0xD9, 0xD9, 0xD8, 0xD9, 0xD9, 0xD8, 0xD8, 0xD8,
    0xD9, 0x2C, 0x2C, 0x2B, 0x2B, 0x2A, 0x2B, 0x2D, 0x24, 0xD9, 0xD8, 0xD7, 0xD9, 0xDD, 0x2C, 0x2C,
    0x2B, 0x2D, 0x2C, 0x2C, 0x2C, 0x7A, 0xD5, 0xD8, 0xD7, 0x30, 0x2C, 0x2B, 0x2B, 0x2D, 0x2D, 0x2B,
    0x2D, 0xD9, 0xD9, 0xDA, 0xDD, 0x2C, 0x2C, 0x2C, 0x2C, 0x2C, 0x2C, 0x2C, 0x2C, 0x2C, 0x2D, 0x2C,
    0x2C, 0x2C, 0x2C, 0x2D, 0x2D, 0x2D, 0x2D, 0x2C, 0x2D, 0x2D, 0x38, 0xDA, 0xD8, 0x20, 0x2B, 0x2A,
    0x2B, 0x2B, 0x2B, 0x2B, 0x26, 0xD7, 0xDA, 0xD9, 0xDA, 0xD9, 0x2C, 0x2C, 0x2B, 0x2B, 0x2B, 0x2A,
    0x2C, 0x2C, 0x2C, 0x2C, 0x2C, 0x2B, 0x2B, 0x2B, 0x2C, 0xDC, 0xDB, 0xDB, 0xDC, 0x25, 0x2C, 0x2B,
    0x2D, 0x2D, 0x2B, 0x4E, 0xD8, 0xD9, 0xD8, 0xD9, 0xD8, 0xD9, 0xD9, 0xD8, 0x9B, 0x2C, 0x2C, 0x2B,
    0x2D, 0x2D, 0x2D, 0xD6, 0xD9, 0xD9, 0xD9, 0xD8, 0xDD, 0x2E, 0x2B, 0x2A, 0x2C, 0x2B, 0x2C, 0x23,
    0xD8, 0xD8, 0xD9, 0xDA, 0xD9, 0xD9, 0xD8, 0xD9, 0xDE, 0x2D, 0x2B, 0x2B, 0x2C, 0x2C, 0x2D, 0x2C,
    0x2C, 0x2E, 0x2D, 0x2C, 0x2B, 0x2E, 0x2C, 0x2C, 0x2D, 0x2B, 0x2C, 0x2C, 0x2B, 0x2C, 0x84, 0xD7,
    0xD7, 0x22, 0x2B, 0x2B, 0x2C, 0x2C, 0x2C, 0x2C, 0x2C, 0x2D, 0x2D, 0x2B, 0x2C, 0x25, 0xDC, 0xDD,
    0xD7, 0xD8, 0xD9, 0xD9, 0x28, 0x2D, 0x2C, 0x2B, 0x2A, 0x2C, 0x2C, 0x2C, 0x2C, 0x2C, 0x2D, 0x2C,
    0x2C, 0x2C, 0x2B, 0x2B, 0x2B, 0x2C, 0xDE, 0xD9, 0xE1, 0x2E, 0x2B, 0xE2, 0xD8, 0xDA, 0xD9, 0xD9,
    0xD9, 0xDB, 0xD8, 0xD9, 0xAE, 0xA4, 0x2A, 0x28, 0xD5, 0xD9, 0xAD, 0x2C, 0x2C, 0x2C, 0x2C, 0x2C,
    0x2C, 0x2D, 0x2D, 0x2D, 0x2D, 0x2C, 0x2D, 0x2B, 0x2B, 0x30, 0xD8, 0xD8, 0xB0, 0x2D, 0x2D, 0x2D,
    0x2C, 0x2E, 0x2C, 0x2C, 0xE0, 0xD9, 0xD9, 0xD9, 0xD9, 0xD9, 0xD9, 0xD9, 0xD9, 0xD9, 0xD9, 0xD9,
    0xD9, 0x2C, 0x2C, 0x2C, 0x2C, 0x2B, 0x2D, 0x2C, 0x25, 0xD9, 0xDA, 0xD8, 0xDB, 0xDD, 0x2B, 0x2B,
    0x2D, 0x2C, 0x2D, 0x2D, 0x2C, 0x7A, 0xD7, 0xD8, 0xDA, 0x35, 0x2C, 0x2C, 0x2C, 0x2C, 0x2B, 0x2C,
    0x2C, 0xD8, 0xDA, 0xD9, 0xDD, 0x2C, 0x2C, 0x2C, 0x2C, 0x2B, 0x2A, 0x2D, 0x2F, 0x2C, 0x2D, 0x2C,
    0x2C, 0x2D, 0x2D, 0x2C, 0x2D, 0x2D, 0x2C, 0x2C, 0x2D, 0x2E, 0x38, 0xDA, 0xDA, 0x26, 0x2C, 0x2C,
    0x2C, 0x2B, 0x2B, 0x2B, 0x26, 0xD8, 0xDA, 0xD9, 0xDA, 0xD8, 0x2C, 0x2B, 0x2C, 0x2B, 0x2B, 0x2B,
    0x2C, 0x2C, 0x2C, 0x2D, 0x2D, 0x2D, 0x2C, 0x2A, 0x2C, 0xDA, 0xDB, 0xDC, 0xDB, 0x25, 0x2C, 0x2B,
    0x2D, 0x2D, 0x2C, 0x4F, 0xDA, 0xD9, 0xD9, 0xD9, 0xD9, 0xD8, 0xD9, 0xD8, 0x9D, 0x2B, 0x2C, 0x2C,
    0x2D, 0x2C, 0x2C, 0xD7, 0xDA, 0xD9, 0xD8, 0xD9, 0xDF, 0x2C, 0x2C, 0x2D, 0x2C, 0x2D, 0x2C, 0x22,
    0xD9, 0xD9, 0xD9, 0xD9, 0xD9, 0xD9, 0xD9, 0xD9, 0xDF, 0x2C, 0x2B, 0x2C, 0x2D, 0x2D, 0x2C, 0x2C,
    0x2D, 0x2D, 0x2D, 0x2D, 0x2C, 0x2C, 0x2C, 0x2C, 0x2C, 0x2D, 0x2D, 0x2D, 0x2E, 0x2C, 0x87, 0xD7,
    0xD5, 0xD6, 0x21, 0x2E, 0x2D, 0x2B, 0x2C, 0x2D, 0x2C, 0x2C, 0x2C, 0x2C, 0x2D, 0x2D, 0x2D, 0x2E,
    0xC5, 0xD9, 0xD7, 0xD8, 0xD6, 0x59, 0x2A, 0x2C, 0x2B, 0x2C, 0x2C, 0x2C, 0x2D, 0x2C, 0x2D, 0x2C,
    0x2C, 0x2B, 0x2C, 0x2B, 0x2C, 0x2C, 0xDD, 0xD7, 0xDE, 0x2A, 0xEA, 0x41, 0xD1, 0xDB, 0xD9, 0xDC,
    0xD7, 0xD6, 0xD7, 0x2D, 0x2E, 0x72, 0xD5, 0xD5, 0x2F, 0x2E, 0x2C, 0x2D, 0x2B, 0x2D, 0x2B, 0x2D,
    0x2C, 0x2C, 0x2C, 0x2C, 0x2C, 0x2C, 0x2C, 0x2C, 0x2C, 0x30, 0xD8, 0xDB, 0xAE, 0x2D, 0x2C, 0x2B,
    0x2D, 0x2C, 0x2C, 0x2D, 0xE1, 0xD9, 0xD8, 0xDA, 0xD8, 0xDA, 0xD9, 0xD8, 0xD8, 0xD8, 0xD9, 0xD9,
    0xD8, 0x2C, 0x2A, 0x2B, 0x2A, 0x2B, 0x2D, 0x2C, 0x23, 0xD9, 0xD9, 0xDA, 0xDA, 0xD8, 0xD9, 0x2D,
    0x2D, 0x2B, 0x2D, 0x2C, 0x2D, 0x7A, 0xD9, 0xD8, 0xD8, 0x2D, 0x2C, 0x2B, 0x2C, 0x2C, 0x2D, 0x26,
    0xDA, 0xDA, 0xDB, 0xD9, 0xDE, 0x2D, 0x2C, 0x2C, 0x2B, 0x2B, 0x2B, 0x2D, 0x2C, 0x2B, 0x2C, 0x2C,
    0x2A, 0x2A, 0x2B, 0x2C, 0x2C, 0x2D, 0x2D, 0x2D, 0x2E, 0x2E, 0x39, 0xD9, 0xDA, 0x24, 0x2D, 0x2D,
    0x2D, 0x29, 0x29, 0x2B, 0x27, 0xD8, 0xDB, 0xDB, 0xDA, 0xD9, 0xD9, 0x23, 0x2B, 0x2C, 0x2B, 0x2C,
    0x2C, 0x2C, 0x2D, 0x2C, 0x2C, 0x2D, 0x2B, 0x2C, 0x2A, 0xDB, 0xDB, 0xDB, 0xDB, 0x25, 0x2B, 0x2A,
    0x2C, 0x2C, 0x2C, 0x4F, 0xD9, 0xD9, 0xD9, 0xD9, 0xD9, 0xD9, 0xD8, 0xD8, 0x9E, 0x2B, 0x2C, 0x2C,
    0x2B, 0x2B, 0x2D, 0xD8, 0xD9, 0xDA, 0xD9, 0xD9, 0xE1, 0x2C, 0x2B, 0x2C, 0x2C, 0x2D, 0x2E, 0x22,
    0xD9, 0xD9, 0xD9, 0xD9, 0xD8, 0xD8, 0xD9, 0xDA, 0xDF, 0x2D, 0x2C, 0x2C, 0x2C, 0x2D, 0x2D, 0x2D,
    0x2C, 0x2D, 0x2C, 0x2D, 0x2D, 0x2C, 0x2D, 0x2C, 0x2C, 0x2C, 0x2D, 0x2D, 0x2D, 0x2E, 0x87, 0xD8,
    0xD8, 0xD9, 0xD9, 0xD8, 0xDE, 0x23, 0x26, 0x29, 0x2B, 0x2C, 0x2B, 0x2B, 0x2C, 0x2C, 0x2D, 0x2C,
    0x2D, 0x2C, 0x2F, 0xD7, 0xD9, 0xD8, 0xE0, 0x2C, 0x2B, 0x2B, 0x2C, 0x2D, 0x2C, 0x2C, 0x2B, 0x2C,
    0x2C, 0x2C, 0x2C, 0x2C, 0x2C, 0x2B, 0x2B, 0x2B, 0x23, 0xD7, 0xDF, 0x23, 0x31, 0x29, 0xDC, 0xDA,
    0xD7, 0xD7, 0xD6, 0x21, 0x20, 0x74, 0xDB, 0xE1, 0x30, 0x2C, 0x2D, 0x2D, 0x2D, 0x2C, 0x2D, 0x2C,
    0x2C, 0x2C, 0x2D, 0x2C, 0x2C, 0x2C, 0x2C, 0x29, 0x2B, 0x30, 0xD9, 0xD9, 0xAB, 0x2D, 0x2C, 0x2C,
    0x2D, 0x2B, 0x2D, 0x2A, 0xE9, 0xDF, 0xDF, 0xD9, 0xD9, 0xD9, 0xD8, 0xD9, 0xD8, 0xDA, 0xDE, 0xE1,
    0xE1, 0x2C, 0x2A, 0x2B, 0x2B, 0x2D, 0x2D, 0x2C, 0x24, 0xDA, 0xD8, 0xE5, 0xE1, 0xDA, 0xD9, 0x20,
    0x29, 0x2C, 0x2D, 0x2D, 0x2D, 0x7F, 0xE1, 0xD6, 0xE0, 0x2D, 0x2D, 0x2C, 0x2D, 0x2B, 0x22, 0x1B,
    0xDA, 0xD8, 0xD9, 0xD9, 0xDE, 0x2C, 0x2C, 0x2B, 0x2B, 0x2B, 0x2C, 0x20, 0x20, 0x20, 0x20, 0x20,
    0x1F, 0x21, 0x1F, 0x1F, 0x1F, 0x1E, 0x20, 0x20, 0x1F, 0x20, 0x31, 0xDA, 0xD9, 0x22, 0x2B, 0x2C,
    0x2B, 0x2B, 0x2C, 0x2B, 0x25, 0xD9, 0xDB, 0xDA, 0xDB, 0xDA, 0xDA, 0x17, 0x25, 0x2B, 0x2B, 0x2C,
    0x2D, 0x2D, 0x2D, 0x2C, 0x2C, 0x2E, 0x2B, 0x2D, 0x2C, 0xD9, 0xDB, 0xDB, 0xDA, 0x25, 0x2B, 0x2D,
    0x2D, 0x2B, 0x2B, 0x4F, 0xD9, 0xD9, 0xD8, 0xD9, 0xD8, 0xD9, 0xD7, 0xDB, 0x9E, 0x2B, 0x2C, 0x2C,
    0x2C, 0x2D, 0x2D, 0xD7, 0xD9, 0xD9, 0xD9, 0xD9, 0xDD, 0x2D, 0x2C, 0x2D, 0x2D, 0x2D, 0x2D, 0x22,
    0xD8, 0xD9, 0xD9, 0xD8, 0xD9, 0xD9, 0xD8, 0xD8, 0xDF, 0x2C, 0x2C, 0x2C, 0x2C, 0x2D, 0x2C, 0x22,
    0x20, 0x20, 0x21, 0x20, 0x21, 0x21, 0x21, 0x21, 0x20, 0x20, 0x20, 0x21, 0x21, 0x21, 0x82, 0xD8,
    0xD8, 0xD8, 0xD9, 0xD8, 0xD8, 0xD8, 0xD9, 0x42, 0x21, 0x20, 0x22, 0x21, 0x24, 0x2B, 0x2D, 0x2E,
    0x2C, 0x2E, 0x2D, 0xD2, 0xDA, 0xD9, 0xE1, 0x2B, 0x2C, 0x2C, 0x2C, 0x2C, 0x2C, 0x2C, 0x2C, 0x2C,
    0x2C, 0x2C, 0x2C, 0x2C, 0x2C, 0x2C, 0x2B, 0x2C, 0x21, 0xE1, 0xE0, 0x19, 0x24, 0x21, 0xD9, 0xD9,
    0xD9, 0xD9, 0xD9, 0xDA, 0xDA, 0x81, 0x2A, 0x2B, 0x2C, 0x2D, 0x2D, 0x2D, 0x2D, 0x2C, 0x2D, 0x2D,
    0x2C, 0x2C, 0x2C, 0x2C, 0x2D, 0x2C, 0x2C, 0x2C, 0x2B, 0x30, 0xD9, 0xDA, 0xAA, 0x2C, 0x2C, 0x2B,
    0x2C, 0x2D, 0x2D, 0x2C, 0x2D, 0x2D, 0x23, 0xD9, 0xD8, 0xD9, 0xD8, 0xD9, 0xDA, 0xD9, 0x62, 0x2B,
    0x2D, 0x2C, 0x2A, 0x2B, 0x2C, 0x2C, 0x2D, 0x2C, 0x25, 0xDA, 0xD9, 0x1E, 0x4B, 0xD9, 0xDB, 0xD8,
    0x35, 0x2B, 0x2C, 0x2C, 0x2C, 0x2C, 0x22, 0xE1, 0x2D, 0x2C, 0x2D, 0x2D, 0x2D, 0x2C, 0xAF, 0xD9,
    0xDA, 0xD9, 0xD8, 0xDA, 0xDE, 0x2C, 0x2C, 0x2D, 0x2B, 0x2C, 0x2B, 0xDF, 0xD9, 0xDA, 0xD9, 0xDA,
    0xD8, 0xD9, 0xD9, 0xDA, 0xDA, 0xDB, 0xDA, 0xD9, 0xD9, 0xD9, 0xDA, 0xD8, 0xD8, 0x1F, 0x2D, 0x2A,
    0x2C, 0x2B, 0x2B, 0x2B, 0x27, 0xD9, 0xDA, 0xDA, 0xDA, 0xD9, 0xD8, 0xDB, 0xAD, 0x2C, 0x2D, 0x2D,
    0x2D, 0x2C, 0x2E, 0x2E, 0x2C, 0x2C, 0x2B, 0x2C, 0x2C, 0xDB, 0xDB, 0xDB, 0xDA, 0x26, 0x2B, 0x2B,
    0x2C, 0x2C, 0x2D, 0x4F, 0xD9, 0xDB, 0xD9, 0xD9, 0xD9, 0xD9, 0xD9, 0xDA, 0x9E, 0x2C, 0x2A, 0x2D,
    0x2D, 0x2D, 0x2D, 0xD9, 0xD8, 0xD8, 0xDA, 0xDA, 0xDC, 0x2B, 0x2D, 0x2C, 0x2D, 0x2C, 0x2D, 0x24,
    0xD9, 0xD8, 0xD9, 0xD8, 0xD8, 0xD9, 0xD9, 0xD8, 0xE0, 0x2C, 0x2C, 0x2C, 0x2C, 0x2C, 0x2C, 0xD9,
    0xDB, 0xD9, 0xD9, 0xD9, 0xD9, 0xD9, 0xDA, 0xD8, 0xD9, 0xD9, 0xD9, 0xD9, 0xDA, 0xD9, 0xD9, 0xD9,
    0xD9, 0xD7, 0xD9, 0xD8, 0xD8, 0xD9, 0xD9, 0xD8, 0xD7, 0xD9, 0xD9, 0xDA, 0xAD, 0x24, 0x2D, 0x2C,
    0x2D, 0x2C, 0x2D, 0x2C, 0xE0, 0xD8, 0xE1, 0x2B, 0x2B, 0x2C, 0x2C, 0x2C, 0x2C, 0x2C, 0x2C, 0x2C,
    0x2C, 0x2C, 0x2C, 0x2C, 0x2C, 0x2C, 0x2C, 0x2C, 0x2C, 0x2C, 0x2A, 0xE0, 0xDA, 0xD9, 0xDA, 0xDA,
    0xD8, 0xD8, 0xD8, 0xD9, 0xD8, 0x86, 0x2C, 0x2C, 0x2B, 0x2D, 0x2D, 0x2C, 0x2C, 0x2D, 0x2C, 0x2D,
    0x2C, 0x2D, 0x2C, 0x2D, 0x2D, 0x2D, 0x2B, 0x2C, 0x2B, 0x2F, 0xD8, 0xD9, 0xAC, 0x5C, 0x5B, 0x2C,
    0x2D, 0x2C, 0x2B, 0x2B, 0x2C, 0x2D, 0x26, 0x95, 0xD8, 0xD9, 0xDB, 0xDA, 0xD8, 0x9C, 0x5A, 0x2B,
    0x2C, 0x2E, 0x2D, 0x2D, 0x2C, 0x2C, 0x5D, 0x5C, 0x5A, 0xDA, 0xD8, 0x20, 0x3D, 0xAF, 0xDB, 0xDA,
    0x5D, 0x5C, 0x2B, 0x2B, 0x2C, 0x2C, 0x2C, 0x2B, 0x2B, 0x2D, 0x2C, 0x2C, 0x2D, 0x66, 0xAB, 0xDB,
    0xDA, 0x9F, 0xD7, 0xD9, 0xDC, 0x2B, 0x2B, 0x2B, 0x2C, 0x2C, 0x2D, 0xA3, 0xAE, 0xDA, 0xDA, 0xD8,
    0xD9, 0xD9, 0xD9, 0xDA, 0x94, 0x99, 0x96, 0x96, 0x9A, 0xDC, 0xD8, 0xDA, 0xDA, 0x20, 0x2D, 0x2C,
    0x2B, 0x2B, 0x2B, 0x2B, 0x28, 0xDB, 0xD9, 0xDB, 0xDB, 0xA8, 0xD8, 0xDA, 0xAD, 0x57, 0x2C, 0x2C,
    0x2E, 0x2D, 0x2E, 0x2C, 0x2E, 0x2E, 0x2B, 0x2C, 0x2C, 0xDD, 0xDB, 0xDB, 0xDB, 0x24, 0x2B, 0x2B,
    0x2C, 0x2D, 0x2C, 0x40, 0x9B, 0xD9, 0xD9, 0xD9, 0xDA, 0xD8, 0xDA, 0xA9, 0x85, 0x2B, 0x2C, 0x2C,
    0x2C, 0x2D, 0x2F, 0xD7, 0xD9, 0xD9, 0xD9, 0xD9, 0xDE, 0x2B, 0x2B, 0x2C, 0x2D, 0x2D, 0x2A, 0x24,
    0xD9, 0xD8, 0xD9, 0xD9, 0xD9, 0xD9, 0xD8, 0xD8, 0xE0, 0x2C, 0x2D, 0x2D, 0x2C, 0x2D, 0x2C, 0x9A,
    0xD4, 0xD9, 0xD8, 0xD7, 0xD7, 0xD8, 0xD6, 0xD8, 0x9E, 0x9B, 0x9A, 0x98, 0x99, 0xDB, 0xDB, 0xDB,
    0xD9, 0xA5, 0xA2, 0xA3, 0xA4, 0xA2, 0xA3, 0xCA, 0xD8, 0xD8, 0xD8, 0xD8, 0xD7, 0xE0, 0x2D, 0x2D,
    0x2D, 0x2D, 0x2C, 0x2E, 0xE3, 0xD7, 0xE1, 0x2B, 0x2C, 0x2C, 0x2C, 0x2C, 0x2C, 0x2D, 0x2C, 0x2D,
    0x2C, 0x2C, 0x2C, 0x2C, 0x2C, 0x2C, 0x2B, 0x2C, 0x2C, 0x2C, 0x29, 0xE0, 0xD9, 0xD9, 0xDA, 0xD8,
    0xD8, 0xD8, 0xD8, 0xD9, 0xD8, 0x88, 0x2C, 0x2C, 0x2B, 0x2D, 0x2D, 0x2D, 0x2D, 0x2D, 0x2C, 0x2E,
    0x2C, 0x2C, 0x2D, 0x2C, 0x2C, 0x2B, 0x2C, 0x2C, 0x2C, 0x2E, 0xD9, 0xDA, 0xDB, 0xD8, 0xD7, 0x2C,
    0x2C, 0x2D, 0x2D, 0x2D, 0x2C, 0x2C, 0x2C, 0x2C, 0x97, 0x9A, 0x9E, 0xA0, 0x9E, 0x24, 0x2C, 0x2D,
    0x2D, 0x2C, 0x2C, 0x2D, 0x2C, 0x2C, 0xDD, 0xD8, 0xD8, 0xD8, 0xD8, 0x20, 0x2B, 0x26, 0xD8, 0xDA,
    0xD8, 0xDA, 0x2B, 0x2B, 0x2C, 0x2C, 0x2C, 0x2C, 0x2B, 0x2D, 0x2C, 0x2C, 0x2C, 0xE1, 0xDB, 0xDB,
    0xD9, 0x2D, 0xDD, 0xD8, 0xDC, 0x2C, 0x2C, 0x2C, 0x2B, 0x2C, 0x2C, 0x2A, 0x51, 0x9D, 0xD9, 0xDA,
    0xD8, 0xD7, 0xD9, 0xD8, 0x22, 0x2F, 0x2D, 0x2D, 0x2C, 0xDD, 0xDA, 0xDA, 0xDB, 0x1F, 0x2B, 0x2B,
    0x2B, 0x2B, 0x2C, 0x2B, 0x2A, 0xD8, 0xD9, 0xD8, 0xE0, 0x2D, 0xD9, 0xDA, 0xD9, 0xDC, 0x2B, 0x2C,
    0x2C, 0x2D, 0x2C, 0x2C, 0x2C, 0x2D, 0x2C, 0x2C, 0x2C, 0xDB, 0xDB, 0xDB, 0xDA, 0x23, 0x2D, 0x2D,
    0x2C, 0x2D, 0x2C, 0x2C, 0x2A, 0xAA, 0xD7, 0xD8, 0xD6, 0xD8, 0xB7, 0x23, 0x2B, 0x2B, 0x2B, 0x2C,
    0x2C, 0x2E, 0x2F, 0xD8, 0xD9, 0xD9, 0xD9, 0xD9, 0xDE, 0x2B, 0x2B, 0x2B, 0x2B, 0x2D, 0x2B, 0x24,
    0x95, 0xD8, 0xD9, 0xD9, 0xD9, 0xD8, 0xDA, 0xD9, 0xDF, 0x2B, 0x2B, 0x2C, 0x2D, 0x2D, 0x2C, 0x2B,
    0xA4, 0xAB, 0xD7, 0xD8, 0xD8, 0xD8, 0xD8, 0xD7, 0x2F, 0x2C, 0x2D, 0x2B, 0x2B, 0xE1, 0xDB, 0xDB,
    0xD7, 0x2C, 0x2B, 0x2D, 0x2D, 0x2E, 0x2D, 0xB3, 0xD8, 0xD8, 0xD9, 0xD7, 0xD8, 0xE0, 0x2C, 0x2C,
    0x2D, 0x2D, 0x2D, 0x2E, 0xE4, 0xD9, 0xE1, 0x2B, 0x2C, 0x2C, 0x2C, 0x2C, 0x2C, 0x2C, 0x2D, 0x2C,
    0x2B, 0x2C, 0x2C, 0x2B, 0x2B, 0x2C, 0x2C, 0x2D, 0x2C, 0x2E, 0x2D, 0xE1, 0xD8, 0xD9, 0xD7, 0xD8,
    0xD9, 0xD9, 0xDD, 0xDA, 0xD9, 0x92, 0x3D, 0x3B, 0x2C, 0x2D, 0x2D, 0x2D, 0x2D, 0x2D, 0x2C, 0x2D,
    0x2D, 0x2C, 0x2C, 0x2E, 0x2C, 0x2B, 0x2C, 0x2C, 0x2B, 0x2E, 0xC0, 0xD9, 0xD9, 0xDB, 0xD7, 0x2B,
    0x2C, 0x2D, 0x2D, 0x2D, 0x2D, 0x2C, 0x2C, 0x2C, 0x2C, 0x2C, 0x2C, 0x2D, 0x2D, 0x2C, 0x2D, 0x2C,
    0x2D, 0x2C, 0x2C, 0x2C, 0x2D, 0x2E, 0xDF, 0xD9, 0xDB, 0xD8, 0xB7, 0x24, 0x2C, 0x27, 0xBE, 0xDB,
    0xD8, 0xD8, 0x2C, 0x2C, 0x2C, 0x2C, 0x2C, 0x2C, 0x2C, 0x2B, 0x2C, 0x2C, 0x2D, 0xE1, 0xDB, 0xDA,
    0xAE, 0x2C, 0xDB, 0xD9, 0xDB, 0x39, 0x2C, 0x2C, 0x2B, 0x2E, 0x2B, 0x2A, 0x2B, 0x25, 0xBF, 0xBA,
    0xB8, 0xB6, 0xB5, 0xB3, 0x22, 0x2D, 0x2D, 0x2D, 0x2C, 0xDB, 0xDA, 0xDB, 0xDA, 0x20, 0x2B, 0x2B,
    0x2D, 0x2B, 0x2C, 0x2C, 0x29, 0xDA, 0xDB, 0xD9, 0xE0, 0x2F, 0xC1, 0xD8, 0xD8, 0xDD, 0x33, 0x2B,
    0x2C, 0x2C, 0x2C, 0x2C, 0x2C, 0x2C, 0x2C, 0x2C, 0x2D, 0xDC, 0xDA, 0xDC, 0xDA, 0x39, 0x32, 0x2A,
    0x2D, 0x2C, 0x2D, 0x2C, 0x2D, 0x2C, 0xBF, 0xBD, 0xBC, 0xB9, 0x2C, 0x2B, 0x2B, 0x2C, 0x2C, 0x2C,
    0x2B, 0x2D, 0x3B, 0xD9, 0xD9, 0xD9, 0xD9, 0xDA, 0xDE, 0x2C, 0x2C, 0x2C, 0x2B, 0x2D, 0x2B, 0x2B,
    0x2C, 0xBE, 0xBC, 0xBB, 0xB9, 0xB9, 0xDA, 0xD9, 0xDF, 0x41, 0x2D, 0x2D, 0x2E, 0x2E, 0x2E, 0x2C,
    0x2C, 0x2A, 0xC1, 0xBD, 0xB8, 0xB5, 0xB4, 0xB4, 0x2D, 0x2C, 0x2B, 0x2C, 0x2D, 0xE3, 0xDA, 0xD9,
    0xD9, 0x2D, 0x2C, 0x2A, 0x2C, 0x2D, 0x2C, 0x94, 0xB7, 0xB6, 0xB9, 0xBB, 0xB8, 0xBF, 0x2C, 0x2C,
    0x2D, 0x2D, 0x2D, 0x2D, 0xE1, 0xD7, 0xE2, 0x2B, 0x2C, 0x2C, 0x2B, 0x2C, 0x2D, 0x2C, 0x2C, 0x2C,
    0x2C, 0x2B, 0x2C, 0x2B, 0x2D, 0x2C, 0x2C, 0x2C, 0x2C, 0x43, 0x45, 0xE0, 0xD9, 0xDB, 0xDA, 0xD9,
    0xD8, 0xDA, 0xD9, 0xD9, 0xDB, 0xD9, 0xD9, 0xD8, 0x2E, 0x2C, 0x2B, 0x2C, 0x2C, 0x2C, 0x2D, 0x2C,
    0x2D, 0x2D, 0x2D, 0x2D, 0x2C, 0x2B, 0x2C, 0x2B, 0x2C, 0x2B, 0x2E, 0xD8, 0xD9, 0xD8, 0xDA, 0xCD,
    0x38, 0x2B, 0x2C, 0x2C, 0x2C, 0x2C, 0x2D, 0x2C, 0x2C, 0x2C, 0x2C, 0x2C, 0x2E, 0x2D, 0x2C, 0x2D,
    0x2C, 0x2C, 0x2D, 0x2C, 0x27, 0xC9, 0xDA, 0xDC, 0xD9, 0xD8, 0x2D, 0x2C, 0x2D, 0x2C, 0x2B, 0xDB,
    0xD8, 0xD8, 0xD0, 0x2B, 0x2C, 0x2C, 0x2C, 0x2C, 0x2B, 0x2C, 0x2C, 0x2C, 0xD1, 0xDB, 0xDA, 0xE3,
    0x2C, 0x2E, 0xDD, 0xD8, 0xDA, 0xD8, 0xC7, 0x3F, 0x2B, 0x2C, 0x2D, 0x2C, 0x2C, 0x2D, 0x2E, 0x2D,
    0x2D, 0x2C, 0x2C, 0x2B, 0x2B, 0x2A, 0x2A, 0x2D, 0x2D, 0xDB, 0xD8, 0xD9, 0xDB, 0x21, 0x2C, 0x2C,
    0x2A, 0x2B, 0x2C, 0x2C, 0x2A, 0xD8, 0xD4, 0xDB, 0xDE, 0x2B, 0x2E, 0xDD, 0xD8, 0xD8, 0xD9, 0x2C,
    0x2A, 0x2A, 0x2C, 0x2C, 0x2B, 0x2C, 0x2C, 0x2B, 0x2B, 0xD7, 0xD6, 0xD6, 0xD8, 0xDA, 0x6D, 0x2E,
    0x2D, 0x2D, 0x2B, 0x2C, 0x2D, 0x2D, 0x2C, 0x2C, 0x2C, 0x2D, 0x2A, 0x2A, 0x2B, 0x2A, 0x2B, 0x2B,
    0x2D, 0x28, 0xD7, 0xDC, 0xDA, 0xD8, 0xD9, 0xDA, 0xDD, 0x2C, 0x2B, 0x2D, 0x2B, 0x2C, 0x2C, 0x2E,
    0x2D, 0x2D, 0x2D, 0x2D, 0x2D, 0x2F, 0xDC, 0xDA, 0xD6, 0xD9, 0x2E, 0x2D, 0x2D, 0x2C, 0x2D, 0x2C,
    0x2E, 0x2B, 0x2C, 0x2C, 0x2D, 0x2D, 0x2D, 0x2E, 0x2B, 0x2C, 0x2D, 0x2B, 0x31, 0xE0, 0xD9, 0xD8,
    0xD6, 0x2A, 0x2B, 0x2C, 0x2A, 0x2C, 0x2C, 0x2D, 0x2F, 0x2D, 0x2D, 0x2B, 0x2A, 0x2C, 0x2D, 0x2D,
    0x2D, 0x2D, 0x2C, 0x2E, 0xE1, 0xD8, 0xE0, 0x2B, 0x2C, 0x2B, 0x2C, 0x2E, 0x2E, 0x2D, 0x2C, 0x30,
    0x2B, 0x2D, 0x2A, 0x2C, 0x2C, 0x2B, 0x2A, 0x2C, 0x23, 0xDA, 0xD5, 0xD6, 0xD5, 0xD9, 0xDB, 0xD9,
    0xD8, 0xDB, 0xDA, 0x41, 0x41, 0x42, 0x42, 0x40, 0x2C, 0x2B, 0x2B, 0x2C, 0x2C, 0x2C, 0x2D, 0x2C,
    0x2C, 0x2C, 0x2D, 0x2C, 0x2C, 0x2C, 0x2C, 0x2A, 0x2B, 0x2B, 0x2B, 0x42, 0x5A, 0xDA, 0xD8, 0xDA,
    0xBE, 0xC4, 0x2D, 0x2D, 0x2C, 0x2D, 0x2C, 0x2D, 0x2C, 0x2D, 0x2D, 0x2D, 0x2C, 0x2D, 0x2C, 0x2D,
    0x2C, 0x2D, 0x2D, 0x3D, 0xA1, 0xD8, 0xD9, 0xD9, 0xE1, 0x45, 0x2E, 0x2C, 0x2C, 0x2D, 0x2D, 0xDC,
    0xD9, 0xD9, 0xD9, 0x2B, 0x2C, 0x2B, 0x2C, 0x2C, 0x2C, 0x2B, 0x2C, 0x2C, 0xD8, 0xD6, 0xD7, 0xE0,
    0x2B, 0x2B, 0x37, 0x51, 0xD8, 0xD8, 0xD5, 0x48, 0x2B, 0x2D, 0x2C, 0x2A, 0x2B, 0x2B, 0x2C, 0x2D,
    0x2D, 0x2F, 0x2A, 0x2E, 0x2B, 0x2A, 0x1D, 0xBC, 0xBE, 0xD9, 0xDB, 0xD8, 0xDA, 0x21, 0x2B, 0x2B,
    0x2B, 0x2B, 0x2C, 0x2B, 0x24, 0xDA, 0xD9, 0xD8, 0xE2, 0x2C, 0x2C, 0x47, 0x67, 0xDA, 0xD9, 0xC1,
    0x30, 0x2C, 0x2D, 0x2B, 0x2A, 0x2B, 0x2B, 0x2C, 0x2A, 0xDA, 0xD8, 0xDA, 0xD9, 0xD8, 0xC8, 0xBD,
    0x2D, 0x2C, 0x2C, 0x2C, 0x2D, 0x2C, 0x2C, 0x2C, 0x2E, 0x2B, 0x2B, 0x2B, 0x2B, 0x2B, 0x28, 0x2A,
    0xB8, 0xC7, 0xDB, 0xDA, 0x40, 0x85, 0xD9, 0xD9, 0xD7, 0xC4, 0x9A, 0x2C, 0x2B, 0x2B, 0x2C, 0x2D,
    0x2C, 0x2D, 0x2D, 0x2D, 0x2D, 0x2C, 0xDB, 0xD9, 0xD9, 0xD7, 0xC0, 0x21, 0x2C, 0x2D, 0x2C, 0x2D,
    0x2D, 0x2B, 0x2C, 0x2A, 0x2C, 0x2D, 0x2C, 0x30, 0x2E, 0x2E, 0x43, 0xC2, 0xC6, 0xDA, 0xD9, 0xD9,
    0xD5, 0xCB, 0x25, 0x2B, 0x2C, 0x2E, 0x2D, 0x2D, 0x2E, 0x2D, 0x2D, 0x2C, 0x2D, 0x2B, 0x2C, 0x2D,
    0x2D, 0x34, 0xB5, 0xBC, 0xD8, 0xD9, 0xE1, 0x2C, 0x2C, 0x2C, 0x2B, 0x2C, 0x2C, 0x2C, 0x2C, 0x2C,
    0x2A, 0x2B, 0x2A, 0x2B, 0x2B, 0x2D, 0x2C, 0x2C, 0x29, 0x45, 0x47, 0x46, 0x43, 0x3F, 0xDA, 0xD8,
    0xDA, 0xDB, 0xDA, 0x2B, 0x2C, 0x2D, 0x2C, 0x2D, 0x2B, 0x2B, 0x2B, 0x2B, 0x2D, 0x2C, 0x2D, 0x2C,
    0x2C, 0x2C, 0x2C, 0x2C, 0x2C, 0x2C, 0x2B, 0x2C, 0x2B, 0x2B, 0x2B, 0x2A, 0x2C, 0x37, 0xD9, 0xDA,
    0xD9, 0xD3, 0x85, 0x83, 0x27, 0x2D, 0x2C, 0x2D, 0x2B, 0x2D, 0x2D, 0x2D, 0x2C, 0x2C, 0x2C, 0x2C,
    0x2D, 0x88, 0x86, 0x94, 0xD9, 0xD9, 0xD8, 0x57, 0x49, 0x2B, 0x2D, 0x2B, 0x2C, 0x2B, 0x2B, 0x3C,
    0xCB, 0xD9, 0xD9, 0x2B, 0x2C, 0x2B, 0x2C, 0x2C, 0x2B, 0x2C, 0x2C, 0x2B, 0xD9, 0xD7, 0x77, 0x43,
    0x2B, 0x2B, 0x2B, 0x2C, 0x43, 0xD9, 0xD8, 0xA9, 0x9A, 0x99, 0x2D, 0x2C, 0x2B, 0x2C, 0x2C, 0x2C,
    0x2D, 0x2C, 0x2C, 0x2C, 0x2C, 0x27, 0x20, 0xD8, 0xDA, 0xD9, 0xD8, 0xD9, 0xD8, 0x1C, 0x2C, 0x2B,
    0x2C, 0x2B, 0x2B, 0x2B, 0x24, 0xD8, 0xD9, 0xD8, 0xE3, 0x2D, 0x2A, 0x2B, 0x52, 0xDA, 0xDB, 0xD9,
    0x33, 0x2C, 0x2B, 0x2B, 0x2A, 0x2A, 0x2A, 0x2B, 0x2A, 0xD6, 0xD9, 0xDA, 0xDD, 0xDD, 0xD8, 0xDC,
    0x9C, 0x9A, 0x23, 0x2B, 0x2C, 0x2C, 0x2C, 0x2C, 0x2D, 0x2C, 0x2C, 0x2C, 0x29, 0x1F, 0x84, 0x88,
    0xD0, 0xD8, 0xD8, 0xD6, 0x26, 0x72, 0xD8, 0xD9, 0xD8, 0xD8, 0xCA, 0x8B, 0x2B, 0x2B, 0x2B, 0x2C,
    0x2C, 0x2D, 0x2C, 0x2D, 0x2C, 0x2D, 0xDC, 0xD8, 0xD7, 0xD8, 0xD8, 0x9B, 0x9D, 0x9E, 0x2C, 0x2C,
    0x2C, 0x2C, 0x2C, 0x2E, 0x2B, 0x2C, 0x2D, 0x2D, 0x2E, 0x2C, 0x43, 0xD9, 0xD9, 0xD9, 0xD8, 0xD8,
    0xD8, 0xD9, 0x4B, 0x29, 0x2B, 0x2E, 0x2C, 0x2D, 0x2C, 0x2D, 0x2C, 0x2C, 0x2D, 0x2D, 0x2D, 0x2C,
    0x2D, 0x2D, 0xD9, 0xD9, 0xDA, 0xD9, 0xE2, 0x2B, 0x2C, 0x2B, 0x2C, 0x2B, 0x2C, 0x2C, 0x2C, 0x2D,
    0x2B, 0x2B, 0x2B, 0x2B, 0x2B, 0x2B, 0x2B, 0x2C, 0x2C, 0x2D, 0x2D, 0x2C, 0x2E, 0x28, 0xD9, 0xD9,
    0xD8, 0xD8, 0xD7, 0xE0, 0xE1, 0xE0, 0xE1, 0xE0, 0x2D, 0x2B, 0x2B, 0x2B, 0x2C, 0x2D, 0x2C, 0x2C,
    0x2C, 0x2C, 0x2D, 0x2C, 0x2C, 0x2C, 0x2B, 0x2B, 0x2C, 0x2D, 0x2C, 0x2B, 0x2C, 0x28, 0x24, 0xDC,
    0xD7, 0xD8, 0xD8, 0xD8, 0xE1, 0xE2, 0xE1, 0xE1, 0xE1, 0xE0, 0xE1, 0xE1, 0xE1, 0xE2, 0xE1, 0xE2,
    0xE1, 0xD9, 0xD9, 0xD9, 0xDA, 0xD7, 0x1E, 0x2A, 0x2C, 0x2C, 0x2C, 0x2D, 0x2D, 0x2D, 0x2C, 0x2D,
    0xCB, 0xD9, 0xD9, 0xE0, 0xE3, 0xE2, 0xE2, 0xE2, 0xE1, 0xE2, 0xE1, 0xE2, 0xDA, 0xDA, 0x6F, 0x2C,
    0x2C, 0x2C, 0x2C, 0x2C, 0x2B, 0x24, 0xDE, 0xD7, 0xD7, 0xD7, 0xE1, 0xE2, 0xE2, 0xE2, 0xE2, 0xE1,
    0xE2, 0xE3, 0xE2, 0xE3, 0xE2, 0xE3, 0xE0, 0xD8, 0xD8, 0x23, 0x3E, 0xD8, 0xD8, 0xE1, 0xE3, 0xE3,
    0xE3, 0xE1, 0xE2, 0xE0, 0xE1, 0xDA, 0xDB, 0xD9, 0xE2, 0x2D, 0x2D, 0x2C, 0x29, 0x1E, 0xDA, 0xDC,
    0xE5, 0xE3, 0xE2, 0xE2, 0xE2, 0xE2, 0xE0, 0xE2, 0xE2, 0xDC, 0xDB, 0xDB, 0x29, 0x28, 0x8C, 0xD7,
    0xD8, 0xD5, 0xDE, 0xE4, 0xE4, 0xE2, 0xE3, 0xE3, 0xE2, 0xE2, 0xE2, 0xE2, 0xE2, 0xE0, 0xD8, 0xD7,
    0xD6, 0xD8, 0xD5, 0x25, 0x2C, 0x2A, 0x20, 0xD8, 0xD8, 0xD8, 0xD9, 0xD7, 0xE2, 0xE2, 0xE2, 0xE0,
    0xDE, 0xE0, 0xE0, 0xE1, 0xE2, 0xE1, 0xD8, 0xDA, 0xDF, 0x21, 0xD8, 0xD9, 0xD9, 0xD8, 0xE3, 0xE3,
    0xE3, 0xE4, 0xE1, 0xE3, 0xE2, 0xE1, 0xE1, 0xE3, 0xE2, 0xE3, 0xE1, 0xD9, 0xDA, 0xD9, 0xD9, 0xD9,
    0xD8, 0xD9, 0xD7, 0xE3, 0xE5, 0xE5, 0xE3, 0xE1, 0xE2, 0xE1, 0xE3, 0xE3, 0xE2, 0xE3, 0xE2, 0xE2,
    0xE2, 0xE0, 0xDB, 0xD8, 0x1D, 0x27, 0x23, 0x2B, 0x2C, 0x2B, 0x2C, 0x2B, 0x2C, 0x2C, 0x2C, 0x2C,
    0x2B, 0x2B, 0x2B, 0x2C, 0x2B, 0x2D, 0x2D, 0x2B, 0x23, 0xE2, 0xE0, 0xE1, 0xDF, 0xDF, 0xD8, 0xD6,
    0xD8, 0xD8, 0xD5, 0xD6, 0xDA, 0xD8, 0xD7, 0xD8, 0x2D, 0x2C, 0x2B, 0x2B, 0x2B, 0x2B, 0x2C, 0x2C,
    0x2C, 0x2C, 0x2C, 0x2D, 0x2C, 0x2C, 0x2D, 0x2C, 0x2C, 0x2C, 0x2C, 0x2B, 0x2C, 0x2C, 0x2D, 0x22,
    0x23, 0x35, 0xD8, 0xD7, 0xD6, 0xD6, 0xD7, 0xD8, 0xD8, 0xD8, 0xD7, 0xD8, 0xD8, 0xD7, 0xD8, 0xD8,
    0xD8, 0xD8, 0xD8, 0xC1, 0x23, 0x23, 0x2C, 0x2D, 0x2A, 0x2C, 0x2C, 0x2C, 0x2C, 0x2B, 0x2D, 0x2C,
    0xC7, 0xD9, 0xD7, 0xD9, 0xD8, 0xD9, 0xD9, 0xD9, 0xD9, 0xD9, 0xD9, 0xD9, 0xDA, 0xDA, 0x6F, 0x2B,
    0x2C, 0x2C, 0x2C, 0x2C, 0x2B, 0x2B, 0x24, 0xB2, 0xD8, 0xD8, 0xD8, 0xD8, 0xD9, 0xD9, 0xD8, 0xD8,
    0xD9, 0xD8, 0xD8, 0xD8, 0xD9, 0xD9, 0xD8, 0xD7, 0x25, 0x2B, 0x38, 0xD8, 0xD9, 0xD8, 0xD9, 0xD9,
    0xD9, 0xD8, 0xD8, 0xD9, 0xD8, 0xD9, 0xD9, 0xD8, 0xDF, 0x2B, 0x2C, 0x2C, 0x2D, 0x26, 0xD9, 0xDA,
    0xD9, 0xD9, 0xD9, 0xD7, 0xD7, 0xD9, 0xD5, 0xD7, 0xDA, 0xDA, 0xD9, 0xDC, 0x31, 0x2E, 0x26, 0x1D,
    0xD6, 0xD8, 0xD9, 0xD9, 0xD8, 0xDA, 0xD8, 0xD7, 0xD8, 0xD8, 0xD8, 0xD8, 0xD8, 0xD8, 0xD9, 0xD6,
    0x2A, 0x23, 0x24, 0x2B, 0x2C, 0x2D, 0x2D, 0x25, 0xD8, 0xD9, 0xD8, 0xD9, 0xD9, 0xD8, 0xD9, 0xD9,
    0xD9, 0xD8, 0xD8, 0xDA, 0xD9, 0xD8, 0xD7, 0xD8, 0xE0, 0x2C, 0x23, 0xE1, 0xD9, 0xD8, 0xD9, 0xD9,
    0xD9, 0xD9, 0xD9, 0xD9, 0xD8, 0xD8, 0xD8, 0xD8, 0xD9, 0xD8, 0xD8, 0xD8, 0xD9, 0xD8, 0xD9, 0xD8,
    0xD9, 0xD9, 0xD9, 0xD9, 0xD8, 0xD8, 0xD8, 0xD8, 0xD9, 0xD9, 0xDA, 0xD7, 0xD9, 0xD9, 0xD8, 0xD9,
    0xD7, 0xD8, 0xD9, 0xD8, 0x22, 0x2F, 0x2D, 0x2B, 0x2B, 0x2B, 0x2B, 0x2B, 0x2B, 0x2B, 0x2A, 0x2B,
    0x2B, 0x2A, 0x2B, 0x2B, 0x2B, 0x2C, 0x2B, 0x2B, 0x25, 0xDA, 0xD9, 0xD8, 0xD7, 0xD9, 0xD8, 0xD9,
    0xD7, 0xD8, 0xD9, 0x22, 0x23, 0x23, 0x22, 0x22, 0xE0, 0xE0, 0xC3, 0x2B, 0x2B, 0x2B, 0x2C, 0x2C,
    0x2C, 0x2C, 0x2C, 0x2D, 0x2C, 0x2D, 0x2D, 0x2C, 0x2C, 0x2C, 0x2C, 0x2C, 0x2C, 0x2C, 0x2C, 0x2D,
    0x2C, 0x2A, 0x23, 0xD8, 0xD7, 0xD7, 0xD7, 0xD8, 0xD8, 0xD7, 0xD6, 0xD7, 0xD7, 0xD7, 0xD8, 0xD7,
    0xD7, 0xD7, 0xD7, 0xB7, 0x2C, 0x2B, 0x2D, 0x2C, 0x2C, 0x2C, 0x2D, 0x2C, 0x2E, 0x2C, 0x2D, 0x2C,
    0x26, 0x24, 0x20, 0xD9, 0xD8, 0xD8, 0xD9, 0xD8, 0xD9, 0xD9, 0xD9, 0xD9, 0x21, 0x23, 0x27, 0x2B,
    0x2C, 0x2A, 0x2B, 0x2C, 0x2B, 0x2C, 0x2B, 0x28, 0x2A, 0x25, 0xD8, 0xDA, 0xD9, 0xD8, 0xDA, 0xD8,
    0xD7, 0xD8, 0xD9, 0xD7, 0xD9, 0xD7, 0xE0, 0x28, 0x2C, 0x2A, 0x27, 0x1D, 0x25, 0xE2, 0xD9, 0xDA,
    0xD9, 0xD9, 0xDA, 0xDA, 0xDA, 0xD8, 0x19, 0x1B, 0x1D, 0x2B, 0x2C, 0x2B, 0x2C, 0x2E, 0x28, 0x28,
    0xCC, 0xD7, 0xD7, 0xD7, 0xD7, 0xD6, 0xD8, 0xD8, 0xD8, 0xD8, 0xC3, 0x23, 0x2C, 0x2C, 0x2B, 0x27,
    0x25, 0x2B, 0xE4, 0xD9, 0xD7, 0xD7, 0xD9, 0xD7, 0xD8, 0xD8, 0xD8, 0xD9, 0xDA, 0xDD, 0x25, 0x21,
    0x29, 0x2B, 0x2C, 0x2B, 0x2B, 0x2B, 0x2B, 0x2C, 0x24, 0xE0, 0xD8, 0xD9, 0xD8, 0xD8, 0xD8, 0xD8,
    0xD8, 0xD8, 0xD8, 0xD8, 0xD9, 0xD9, 0x1B, 0x21, 0x21, 0x2C, 0x2C, 0x22, 0x23, 0x1D, 0xD9, 0xD9,
    0xD9, 0xD9, 0xDA, 0xD9, 0xD9, 0xD9, 0xD9, 0xD9, 0xD8, 0xD9, 0xD9, 0xD9, 0xD9, 0xD9, 0xDA, 0xD9,
    0xD8, 0xD9, 0xD9, 0xD9, 0xDA, 0xD9, 0xD9, 0xD9, 0xD9, 0xD9, 0xD9, 0xD9, 0xD8, 0xD8, 0xD7, 0xD8,
    0xD7, 0xD7, 0xD6, 0xD8, 0xE0, 0xE1, 0xEA, 0x2C, 0x2B, 0x2B, 0x2B, 0x2B, 0x2C, 0x2C, 0x2B, 0x2B,
    0x2C, 0x2C, 0x2C, 0x2C, 0x2B, 0x2C, 0xE6, 0xE1, 0xE7, 0x20, 0x22, 0x23, 0x22, 0x1E, 0xD7, 0xD7,
    0xDA, 0xD9, 0xDB, 0x2E, 0x2D, 0x2E, 0x2D, 0x2D, 0xD7, 0xD7, 0xB8, 0x2C, 0x2B, 0x2C, 0x2C, 0x2C,
    0x2D, 0x2B, 0x2C, 0x2C, 0x2C, 0x2D, 0x2C, 0x2C, 0x2C, 0x2C, 0x2D, 0x2C, 0x2C, 0x2D, 0x2D, 0x2C,
    0x2D, 0x2C, 0x2B, 0x2E, 0x2C, 0x2C, 0x2D, 0x2D, 0x2E, 0x2D, 0x2E, 0x2E, 0x2E, 0x2F, 0x2E, 0x2E,
    0x2E, 0x2E, 0x2E, 0x2D, 0x2C, 0x2C, 0x2C, 0x2D, 0x2B, 0x2C, 0x2D, 0x2B, 0x2B, 0x2C, 0x2C, 0x2C,
    0x2C, 0x2B, 0x2A, 0x2E, 0x2D, 0x2D, 0x2D, 0x2E, 0x2E, 0x2C, 0x2C, 0x2F, 0x2C, 0x2B, 0x2C, 0x2C,
    0x2C, 0x2B, 0x2C, 0x2B, 0x2C, 0x2C, 0x2B, 0x2C, 0x2C, 0x2B, 0x2E, 0x2C, 0x2E, 0x2D, 0x2D, 0x2E,
    0x2C, 0x2B, 0x2E, 0x2E, 0x30, 0x2F, 0x30, 0x2C, 0x2B, 0x2B, 0x2C, 0x2C, 0x2C, 0x2E, 0x2C, 0x2A,
    0x27, 0x28, 0x2E, 0x34, 0x36, 0x30, 0x2B, 0x2C, 0x2C, 0x2C, 0x2C, 0x2C, 0x2C, 0x2C, 0x2B, 0x2B,
    0x29, 0x2E, 0x29, 0x26, 0x27, 0x2E, 0x35, 0x32, 0x32, 0x34, 0x30, 0x2B, 0x2C, 0x2C, 0x2B, 0x2B,
    0x2B, 0x2C, 0x30, 0x2C, 0x2A, 0x2A, 0x27, 0x29, 0x2A, 0x30, 0x34, 0x33, 0x33, 0x33, 0x2D, 0x2C,
    0x2B, 0x2C, 0x2B, 0x2C, 0x2A, 0x2C, 0x2C, 0x2B, 0x2D, 0x2F, 0x2D, 0x2D, 0x2D, 0x2E, 0x2D, 0x2E,
    0x2C, 0x2D, 0x2E, 0x2E, 0x2D, 0x2D, 0x2C, 0x2C, 0x2C, 0x2B, 0x2C, 0x2C, 0x2A, 0x26, 0xD8, 0xD9,
    0xD9, 0xDA, 0xD9, 0xD9, 0xD9, 0xD7, 0xD8, 0xD8, 0xD9, 0xD9, 0xD9, 0xD8, 0xDA, 0xD9, 0xD9, 0xD9,
    0xD8, 0xDA, 0xD9, 0xDA, 0xD9, 0xD8, 0xD9, 0xD9, 0xD9, 0xD8, 0xD8, 0xD7, 0xD8, 0xD7, 0xD7, 0xD8,
    0xD8, 0xD7, 0xD7, 0xD8, 0xD9, 0xD9, 0xE1, 0x2B, 0x2B, 0x2B, 0x2B, 0x2B, 0x2C, 0x2A, 0x2C, 0x2B,
    0x2C, 0x2B, 0x2C, 0x2C, 0x2B, 0x2D, 0xDF, 0xD7, 0xDF, 0x2C, 0x2C, 0x2B, 0x2D, 0x2B, 0xD7, 0xD9,
    0xDB, 0xD8, 0xD9, 0xD8, 0xDB, 0xDA, 0xD8, 0xD9, 0x2E, 0x2E, 0x2B, 0x2B, 0x2C, 0x2C, 0x2C, 0x2C,
    0x2D, 0x2C, 0x2C, 0x2C, 0x2C, 0x2C, 0x2C, 0x2C, 0x2C, 0x2C, 0x2C, 0x2C, 0x2D, 0x2C, 0x2C, 0x2C,
    0x2C, 0x2C, 0x2C, 0x2C, 0x2B, 0x2B, 0x2B, 0x2B, 0x2B, 0x2C, 0x2C, 0x2C, 0x2B, 0x2C, 0x2B, 0x2B,
    0x2B, 0x2B, 0x2B, 0x2D, 0x2C, 0x2C, 0x2C, 0x2C, 0x2C, 0x2A, 0x2B, 0x2C, 0x2B, 0x2C, 0x2C, 0x2C,
    0x2C, 0x2C, 0x2D, 0x2C, 0x2C, 0x2B, 0x2B, 0x2B, 0x2B, 0x2B, 0x2B, 0x2D, 0x2C, 0x2C, 0x2C, 0x2C,
    0x2C, 0x2C, 0x2D, 0x2D, 0x2C, 0x2C, 0x2C, 0x2B, 0x2A, 0x2B, 0x2C, 0x2A, 0x2B, 0x2B, 0x2B, 0x2B,
    0x2B, 0x2B, 0x2C, 0x2B, 0x2B, 0x2C, 0x2B, 0x2D, 0x2C, 0x2C, 0x2D, 0x2B, 0x2A, 0x2B, 0x2A, 0x29,
    0x2C, 0x2A, 0x2A, 0x2B, 0x2B, 0x2B, 0x2B, 0x2B, 0x2C, 0x2C, 0x2C, 0x2C, 0x2C, 0x2C, 0x2B, 0x2C,
    0x2B, 0x2B, 0x2A, 0x2B, 0x2A, 0x2C, 0x2C, 0x2C, 0x2B, 0x2C, 0x2B, 0x2B, 0x2C, 0x2B, 0x2A, 0x2C,
    0x2B, 0x2A, 0x2A, 0x2B, 0x2C, 0x2B, 0x2B, 0x2B, 0x2C, 0x2B, 0x2B, 0x2B, 0x2B, 0x2C, 0x2B, 0x2C,
    0x2A, 0x2B, 0x2C, 0x2A, 0x2B, 0x2C, 0x2A, 0x2B, 0x2B, 0x2B, 0x2B, 0x2C, 0x2B, 0x2B, 0x2B, 0x2B,
    0x2C, 0x2B, 0x2C, 0x2B, 0x2B, 0x2B, 0x2C, 0x2C, 0x2C, 0x2B, 0x2B, 0x2B, 0x2C, 0x26, 0xD9, 0xD9,
    0xD8, 0xD9, 0xD9, 0xD9, 0xD9, 0xD7, 0xD7, 0xD8, 0xD7, 0xD8, 0xD8, 0xD7, 0xD9, 0xD6, 0xD9, 0xD9,
    0xD9, 0xD9, 0xD9, 0xDA, 0xD9, 0xD9, 0xD9, 0xD9, 0xD7, 0xD8, 0xD8, 0xD8, 0xD8, 0xD7, 0xD9, 0xD8,
    0xD8, 0xD8, 0xD8, 0xD8, 0xD8, 0xD9, 0xE0, 0x2B, 0x2B, 0x2B, 0x2B, 0x2B, 0x2A, 0x2B, 0x2C, 0x2B,
    0x2C, 0x2B, 0x2B, 0x2B, 0x2A, 0x2C, 0x2C, 0x29, 0x27, 0xDC, 0xDB, 0xD9, 0xD5, 0xDA, 0xD9, 0xD9,
    0xD9, 0xD9, 0xD8, 0xDA, 0xDA, 0xDA, 0xD7, 0xD7, 0x2D, 0x2C, 0x2B, 0x2C, 0x2B, 0x2C, 0x2C, 0x2D,
    0x2D, 0x2C, 0x2C, 0x2D, 0x2C, 0x2C, 0x2D, 0x2C, 0x2C, 0x2C, 0x2C, 0x2C, 0x2C, 0x2C, 0x2C, 0x2C,
    0x2C, 0x2C, 0x2C, 0x2C, 0x2D, 0x2C, 0x2B, 0x2B, 0x2C, 0x2C, 0x2C, 0x2C, 0x2C, 0x2C, 0x2C, 0x2C,
    0x2C, 0x2B, 0x2C, 0x2C, 0x2D, 0x2C, 0x2C, 0x2C, 0x2C, 0x2B, 0x2C, 0x2D, 0x2C, 0x2C, 0x2C, 0x2C,
    0x2D, 0x2B, 0x2B, 0x2B, 0x2A, 0x2C, 0x2C, 0x2C, 0x2C, 0x2C, 0x2C, 0x2C, 0x2C, 0x2D, 0x2C, 0x2C,
    0x2C, 0x2C, 0x2C, 0x2C, 0x2C, 0x2C, 0x2C, 0x2C, 0x2C, 0x2D, 0x2C, 0x2C, 0x2D, 0x2B, 0x2C, 0x2C,
    0x2C, 0x2C, 0x2A, 0x2C, 0x2B, 0x2C, 0x2C, 0x2C, 0x2B, 0x2A, 0x2B, 0x2B, 0x2D, 0x2C, 0x2D, 0x2D,
    0x2D, 0x2C, 0x2C, 0x2C, 0x2C, 0x2C, 0x2C, 0x2C, 0x2B, 0x2C, 0x2C, 0x2C, 0x2C, 0x2C, 0x2C, 0x2D,
    0x2B, 0x2C, 0x2C, 0x2C, 0x2C, 0x2C, 0x2C, 0x2C, 0x2C, 0x2D, 0x2C, 0x2D, 0x2C, 0x2C, 0x2C, 0x2B,
    0x2C, 0x2C, 0x2C, 0x2C, 0x29, 0x2C, 0x2C, 0x2C, 0x2B, 0x2B, 0x2B, 0x2B, 0x2C, 0x2C, 0x2C, 0x2C,
    0x2B, 0x2C, 0x2C, 0x2C, 0x2B, 0x2D, 0x2B, 0x2C, 0x2C, 0x2C, 0x2C, 0x2B, 0x2C, 0x2C, 0x2C, 0x2C,
    0x2C, 0x2C, 0x2A, 0x2C, 0x2C, 0x2C, 0x2C, 0x2C, 0x2C, 0x2C, 0x2C, 0x2D, 0x2B, 0x25, 0xDA, 0xD8,
    0xD9, 0xD9, 0xD8, 0x28, 0x2A, 0x2B, 0x2B, 0x2B, 0x2B, 0x2B, 0x2B, 0x2B, 0x2C, 0xDF, 0xD9, 0xD8,
    0xD8, 0xD9, 0xDA, 0xD9, 0xD8, 0xD9, 0xD9, 0x43, 0x2A, 0x2A, 0x2B, 0x2B, 0x2B, 0x2B, 0x2D, 0x2C,
    0x2B, 0x2D, 0xD8, 0xD9, 0xD8, 0xD8, 0xE1, 0x2C, 0x2B, 0x2B, 0x2B, 0x2B, 0x2C, 0x2B, 0x2C, 0x2B,
    0x2C, 0x2B, 0x2B, 0x2C, 0x2B, 0x2C, 0x2A, 0x2B, 0x22, 0xD9, 0xD8, 0xD9, 0xD9, 0xD9, 0xD9, 0xD7,
    0xD8, 0xD8, 0xD8, 0xDA, 0xD9, 0x83, 0x2D, 0x2D, 0xD8, 0xD9, 0xBF, 0x2B, 0x2C, 0x2B, 0x2B, 0x2B,
    0x2C, 0x2C, 0x2C, 0x2C, 0x2C, 0x2D, 0x2C, 0x2C, 0x2C, 0x2D, 0x2C, 0x2C, 0x2D, 0x2C, 0x2C, 0x2D,
    0x2C, 0x2D, 0x2D, 0x2B, 0x2C, 0x2B, 0x2B, 0x2C, 0x2C, 0x2C, 0x2C, 0x2C, 0x2B, 0x2B, 0x2A, 0x2B,
    0x2B, 0x2C, 0x2B, 0x2C, 0x2C, 0x2B, 0x2C, 0x2B, 0x2B, 0x2B, 0x2B, 0x2C, 0x2B, 0x2C, 0x2C, 0x2B,
    0x2C, 0x2B, 0x2D, 0x2C, 0x2C, 0x2C, 0x2C, 0x2C, 0x2D, 0x2D, 0x2C, 0x2C, 0x2C, 0x2C, 0x2D, 0x2D,
    0x2D, 0x2C, 0x2C, 0x2C, 0x2C, 0x2C, 0x2C, 0x2C, 0x2C, 0x2C, 0x2C, 0x2C, 0x2C, 0x2C, 0x2C, 0x2D,
    0x2D, 0x2D, 0x2C, 0x2D, 0x2C, 0x2C, 0x2C, 0x2C, 0x2C, 0x2D, 0x2C, 0x2C, 0x2D, 0x2C, 0x2C, 0x2C,
    0x2B, 0x2C, 0x2C, 0x2D, 0x2D, 0x2C, 0x2D, 0x2C, 0x2C, 0x2C, 0x2C, 0x2C, 0x2C, 0x2C, 0x2C, 0x2C,
    0x2C, 0x2C, 0x2C, 0x2B, 0x2C, 0x2C, 0x2D, 0x2B, 0x2D, 0x2C, 0x2C, 0x2C, 0x2C, 0x2C, 0x2C, 0x2C,
    0x2C, 0x2C, 0x2D, 0x2C, 0x2C, 0x2C, 0x2C, 0x2C, 0x2B, 0x2B, 0x2C, 0x2D, 0x2C, 0x2C, 0x2C, 0x2C,
    0x2C, 0x2D, 0x2C, 0x2C, 0x2C, 0x2C, 0x2C, 0x2C, 0x2C, 0x2C, 0x2C, 0x2C, 0x2C, 0x2B, 0x2B, 0x2B,
    0x2B, 0x2B, 0x2B, 0x2B, 0x2C, 0x2C, 0x2D, 0x2D, 0x2C, 0x2D, 0x2C, 0x2B, 0x2B, 0x26, 0xDA, 0xD9,
    0xD9, 0xD9, 0xD9, 0x2C, 0x2C, 0x2B, 0x2D, 0x2C, 0x2C, 0x2D, 0x2E, 0x2D, 0x2D, 0x2C, 0x2D, 0x23,
    0xD9, 0xD9, 0xD8, 0xD8, 0xDA, 0xD9, 0x25, 0x2D, 0x2C, 0x2B, 0x2D, 0x2D, 0x2B, 0x2D, 0x2E, 0x2D,
    0x31, 0x2B, 0xD8, 0xDA, 0xD8, 0xD9, 0xE1, 0x2C, 0x2B, 0x2C, 0x2C, 0x2B, 0x2B, 0x2C, 0x2C, 0x2C,
    0x2C, 0x2B, 0x2C, 0x2B, 0x2D, 0x2B, 0xDC, 0xD7, 0xE1, 0x29, 0x2A, 0xDF, 0xD8, 0xD8, 0xD9, 0xD9,
    0xD8, 0xD8, 0xD9, 0xDA, 0xDB, 0x7F, 0x2C, 0x2F, 0xD7, 0xD8, 0xB7, 0x2B, 0x2C, 0x2C, 0x2B, 0x2B,
    0x2C, 0x2C, 0x2C, 0x2C, 0x2C, 0x2C, 0x2B, 0x2B, 0x2C, 0x2C, 0x2C, 0x2C, 0x2C, 0x2D, 0x2C, 0x2C,
    0x2C, 0x2C, 0x2B, 0x2B, 0x2C, 0x2C, 0x2B, 0x2B, 0x2B, 0x2C, 0x2B, 0x2B, 0x2B, 0x2C, 0x2B, 0x2B,
    0x2C, 0x2A, 0x2C, 0x2C, 0x2B, 0x2B, 0x2C, 0x2A, 0x2B, 0x2B, 0x2B, 0x2C, 0x2C, 0x2C, 0x2C, 0x2C,
    0x2B, 0x2B, 0x2D, 0x2C, 0x2C, 0x2C, 0x2D, 0x2D, 0x2C, 0x2D, 0x2C, 0x2C, 0x2D, 0x2C, 0x2C, 0x2D,
    0x2C, 0x2C, 0x2C, 0x2C, 0x2C, 0x2C, 0x2C, 0x2C, 0x2C, 0x2C, 0x2C, 0x2C, 0x2D, 0x2C, 0x2B, 0x2C,
    0x2C, 0x2C, 0x2C, 0x2D, 0x2C, 0x2C, 0x2C, 0x2C, 0x2C, 0x2C, 0x2C, 0x2C, 0x2C, 0x2C, 0x2C, 0x2C,
    0x2C, 0x2D, 0x2C, 0x2D, 0x2D, 0x2C, 0x2C, 0x2D, 0x2C, 0x2C, 0x2C, 0x2C, 0x2C, 0x2D, 0x2D, 0x2C,
    0x2C, 0x2C, 0x2C, 0x2C, 0x2B, 0x2A, 0x2B, 0x2B, 0x2C, 0x2D, 0x2C, 0x2D, 0x2C, 0x2C, 0x2C, 0x2D,
    0x2C, 0x2C, 0x2D, 0x2D, 0x2E, 0x2C, 0x2C, 0x2C, 0x2B, 0x2B, 0x2B, 0x2C, 0x2C, 0x2C, 0x2C, 0x2C,
    0x2C, 0x2C, 0x2C, 0x2C, 0x2C, 0x2C, 0x2C, 0x2C, 0x2D, 0x2C, 0x2C, 0x2C, 0x2B, 0x2B, 0x2B, 0x2C,
    0x2B, 0x2B, 0x2B, 0x2C, 0x2C, 0x2C, 0x2C, 0x2C, 0x2D, 0x2D, 0x2C, 0x2D, 0x2B, 0x25, 0xD9, 0xD7,
    0xD8, 0xD9, 0xD8, 0x2C, 0x2D, 0x2D, 0x2C, 0x2C, 0x2D, 0x2C, 0x2B, 0x2B, 0x2C, 0x2C, 0x2D, 0x2C,
    0x2D, 0xD8, 0xD8, 0xD8, 0xDC, 0x2C, 0x2A, 0x2C, 0x2D, 0x2D, 0x2C, 0x2D, 0x2B, 0x2D, 0x2E, 0x2E,
    0x30, 0x2B, 0xD9, 0xD9, 0xD8, 0xD7, 0xE1, 0x2C, 0x2B, 0x2C, 0x2B, 0x2B, 0x2C, 0x2C, 0x2B, 0x2B,
    0x2B, 0x2C, 0x2C, 0x2B, 0x2D, 0x2C, 0xDE, 0xD8, 0xE0, 0x29, 0x2B, 0xE3, 0xD9, 0xDC, 0xD9, 0xD9,
    0xD9, 0xD9, 0xDB, 0x2E, 0x2C, 0x64, 0xD9, 0xD9, 0x2E, 0x2D, 0x2C, 0x2A, 0x2B, 0x2A, 0x2B, 0x2C,
    0x2E, 0x2C, 0x2D, 0x2E, 0x2C, 0x2C, 0x2E, 0x2D, 0x2C, 0x2C, 0x2C, 0x2C, 0x2C, 0x2C, 0x2C, 0x2C,
    0x2C, 0x2B, 0x2C, 0x2B, 0x2C, 0x2B, 0x2B, 0x2B, 0x2C, 0x2C, 0x2B, 0x2B, 0x2B, 0x2C, 0x2B, 0x2A,
    0x2C, 0x2C, 0x2B, 0x2C, 0x2D, 0x2D, 0x2C, 0x2B, 0x2D, 0x2B, 0x2D, 0x2C, 0x2C, 0x2C, 0x2C, 0x2B,
    0x2C, 0x2C, 0x2C, 0x2C, 0x2D, 0x2C, 0x2C, 0x2C, 0x2C, 0x2D, 0x2D, 0x2C, 0x2D, 0x2D, 0x2D, 0x2C,
    0x2C, 0x2C, 0x2C, 0x2C, 0x2C, 0x2C, 0x2C, 0x2C, 0x2D, 0x2C, 0x2C, 0x2C, 0x2C, 0x2D, 0x2D, 0x2D,
    0x2C, 0x2C, 0x2C, 0x2D, 0x2D, 0x2C, 0x2C, 0x2C, 0x2C, 0x2C, 0x2D, 0x2C, 0x2C, 0x2C, 0x2E, 0x2E,
    0x2C, 0x2D, 0x2D, 0x2E, 0x2E, 0x2D, 0x2C, 0x2C, 0x2D, 0x2C, 0x2C, 0x2C, 0x2C, 0x2C, 0x2C, 0x2C,
    0x2E, 0x2D, 0x2D, 0x2E, 0x2C, 0x2C, 0x2D, 0x2E, 0x2C, 0x2C, 0x2C, 0x2E, 0x2C, 0x2C, 0x2C, 0x2C,
    0x2D, 0x2C, 0x2D, 0x2D, 0x2E, 0x2C, 0x2D, 0x2C, 0x2C, 0x2D, 0x2C, 0x2C, 0x2C, 0x2C, 0x2C, 0x2C,
    0x2C, 0x2D, 0x2C, 0x2D, 0x2D, 0x2C, 0x2D, 0x2D, 0x2C, 0x2C, 0x2E, 0x2D, 0x2C, 0x2D, 0x2C, 0x2B,
    0x2B, 0x2B, 0x2B, 0x2B, 0x2D, 0x2D, 0x2D, 0x2E, 0x2C, 0x2C, 0x2C, 0x2E, 0x2B, 0x25, 0xD9, 0xD9,
    0xD9, 0xD9, 0xD9, 0x2B, 0x2D, 0x2D, 0x24, 0xD8, 0xD5, 0xD6, 0xD8, 0xD8, 0xD5, 0x26, 0x2C, 0x2C,
    0x2C, 0x30, 0xD9, 0xD8, 0xDC, 0x2A, 0x2A, 0x29, 0x22, 0xD9, 0xDA, 0xD7, 0xD7, 0xD9, 0xD8, 0xD8,
    0xD8, 0xD8, 0xD8, 0xD8, 0xD8, 0xD8, 0xE1, 0x2D, 0x2B, 0x2C, 0x2C, 0x2B, 0x2C, 0x2B, 0x2B, 0x2C,
    0x2B, 0x2C, 0x2D, 0x2B, 0x2D, 0x2D, 0x2B, 0x2C, 0x23, 0xDD, 0xDB, 0x1F, 0x2E, 0x2A, 0xDA, 0xD9,
    0xD9, 0xD9, 0xDA, 0x2D, 0x2C, 0x69, 0xDA, 0xD9, 0x2C, 0x2D, 0x2C, 0x2B, 0x2B, 0x2B, 0x2C, 0x2C,
    0x2C, 0x2C, 0x2D, 0x2C, 0x2C, 0x2D, 0x2C, 0x2E, 0x2C, 0x2D, 0x2C, 0x2C, 0x2C, 0x2C, 0x2C, 0x2C,
    0x2B, 0x2C, 0x2B, 0x2D, 0x2D, 0x2C, 0x2B, 0x2B, 0x2B, 0x2C, 0x2B, 0x2B, 0x2B, 0x2B, 0x2B, 0x2B,
    0x2C, 0x2C, 0x2B, 0x2C, 0x2B, 0x2B, 0x2C, 0x2C, 0x2C, 0x2C, 0x2B, 0x2D, 0x2D, 0x2C, 0x2B, 0x2B,
    0x2B, 0x2C, 0x2B, 0x2D, 0x2C, 0x2D, 0x2C, 0x2D, 0x2C, 0x2D, 0x2D, 0x2D, 0x2D, 0x2D, 0x2C, 0x2D,
    0x2C, 0x2C, 0x2C, 0x2C, 0x2C, 0x2C, 0x2C, 0x2C, 0x2C, 0x2D, 0x2C, 0x2D, 0x2D, 0x2C, 0x2C, 0x2D,
    0x2D, 0x2C, 0x2D, 0x2C, 0x2D, 0x2C, 0x2C, 0x2C, 0x2C, 0x2C, 0x2B, 0x2D, 0x2C, 0x2B, 0x2D, 0x2C,
    0x2D, 0x2C, 0x2C, 0x2D, 0x2C, 0x2C, 0x2C, 0x2C, 0x2C, 0x2C, 0x2C, 0x2D, 0x2C, 0x2D, 0x2C, 0x2C,
    0x2F, 0x2D, 0x2E, 0x2C, 0x2D, 0x2B, 0x2C, 0x2C, 0x2C, 0x2C, 0x2C, 0x2C, 0x2C, 0x2C, 0x2C, 0x2C,
    0x2C, 0x2D, 0x2C, 0x2C, 0x2D, 0x2D, 0x2C, 0x2C, 0x2C, 0x2C, 0x2D, 0x2C, 0x2C, 0x2C, 0x2C, 0x2C,
    0x2C, 0x2C, 0x2C, 0x2D, 0x2D, 0x2D, 0x2D, 0x2D, 0x2D, 0x2D, 0x2C, 0x2C, 0x2C, 0x2C, 0x2B, 0x2B,
    0x2B, 0x2B, 0x2C, 0x2C, 0x2C, 0x2D, 0x2C, 0x2D, 0x2C, 0x2D, 0x2C, 0x2D, 0x2C, 0x25, 0xD8, 0xD9,
    0xD8, 0xD9, 0xD8, 0x2B, 0x2D, 0x2D, 0x24, 0xD8, 0xD9, 0xDA, 0xD8, 0xD8, 0xD9, 0x26, 0x2C, 0x2B,
    0x2C, 0x2F, 0xD6, 0xDB, 0xDE, 0x2A, 0x2B, 0x2C, 0x22, 0xDA, 0xD8, 0xD8, 0xD8, 0xD7, 0xD8, 0xD9,
    0xD8, 0xD8, 0xD9, 0xD8, 0xD8, 0xD8, 0xE1, 0x2B, 0x2C, 0x2C, 0x2B, 0x2C, 0x2B, 0x2C, 0x2D, 0x2C,
    0x2D, 0x2C, 0x2D, 0x2B, 0x2D, 0x2C, 0x2B, 0x2C, 0x23, 0xD9, 0xDA, 0x1D, 0x2E, 0x2B, 0xD9, 0xD8,
    0xD9, 0xD8, 0xD9, 0xD9, 0xD9, 0x7B, 0x2C, 0x2B, 0xD9, 0xD9, 0xB3, 0x2B, 0x2C, 0x2C, 0x2C, 0x2D,
    0x2D, 0x2D, 0x2C, 0x2C, 0x2C, 0x2C, 0x2B, 0x2C, 0x2C, 0x2C, 0x2C, 0x2C, 0x2C, 0x2C, 0x2C, 0x2C,
    0x2B, 0x2C, 0x2B, 0x2D, 0x2D, 0x2B, 0x2B, 0x2C, 0x2A, 0x2B, 0x2B, 0x2D, 0x2B, 0x2C, 0x2B, 0x2C,
    0x2C, 0x2C, 0x2B, 0x2D, 0x2C, 0x2C, 0x2D, 0x2B, 0x2D, 0x2B, 0x2B, 0x2C, 0x2C, 0x2B, 0x2C, 0x2C,
    0x2C, 0x2C, 0x2B, 0x2C, 0x2C, 0x2C, 0x2C, 0x2C, 0x2D, 0x2C, 0x2C, 0x2C, 0x2C, 0x2C, 0x2D, 0x2C,
    0x2C, 0x2C, 0x2C, 0x2C, 0x2C, 0x2C, 0x2C, 0x2C, 0x2D, 0x2C, 0x2C, 0x2D, 0x2D, 0x2D, 0x2C, 0x2C,
    0x2C, 0x2C, 0x2C, 0x2C, 0x2C, 0x2C, 0x2C, 0x2C, 0x2C, 0x2C, 0x2C, 0x2C, 0x2D, 0x2C, 0x2D, 0x2C,
    0x2D, 0x2C, 0x2C, 0x2C, 0x2D, 0x2C, 0x2C, 0x2C, 0x2B, 0x2B, 0x2B, 0x2B, 0x2B, 0x2B, 0x2C, 0x2C,
    0x2D, 0x2C, 0x2D, 0x2C, 0x2C, 0x2A, 0x2C, 0x2D, 0x2C, 0x2C, 0x2C, 0x2D, 0x2C, 0x2C, 0x2C, 0x2C,
    0x2C, 0x2C, 0x2D, 0x2D, 0x2D, 0x2E, 0x2D, 0x2C, 0x2C, 0x2C, 0x2D, 0x2C, 0x2C, 0x2C, 0x2D, 0x2D,
    0x2C, 0x2C, 0x2D, 0x2D, 0x2C, 0x2D, 0x2C, 0x2C, 0x2C, 0x2C, 0x2E, 0x2D, 0x2C, 0x2B, 0x2B, 0x2B,
    0x2B, 0x2B, 0x2B, 0x2C, 0x2B, 0x2D, 0x2D, 0x2E, 0x2B, 0x2D, 0x2B, 0x2D, 0x2B, 0x26, 0xD9, 0xD8,
    0xD9, 0xD9, 0xD8, 0x2C, 0x2D, 0x2A, 0x24, 0xD8, 0xD9, 0xD8, 0xD9, 0xD9, 0xD9, 0xDA, 0x57, 0x2D,
    0x2B, 0x2D, 0xD3, 0xDB, 0xDD, 0x2A, 0x2A, 0x2C, 0x2D, 0x2D, 0xDB, 0xD9, 0xD8, 0xD7, 0xD7, 0xD9,
    0xD9, 0xD8, 0xD8, 0xD7, 0xD8, 0xD8, 0xE1, 0x2B, 0x2C, 0x2C, 0x2C, 0x2C, 0x2C, 0x2C, 0x2D, 0x2C,
    0x2E, 0x2D, 0x2A, 0x2B, 0x2B, 0x2C, 0xE0, 0xDA, 0xE2, 0x29, 0x26, 0xE0, 0xD9, 0xDA, 0xD8, 0xD8,
    0xD9, 0xD8, 0xD9, 0xD9, 0xD8, 0x79, 0x2E, 0x2B, 0xD8, 0xD8, 0xA9, 0x2B, 0x2D, 0x2D, 0x2C, 0x2D,
    0x2C, 0x2D, 0x2E, 0x2D, 0x2D, 0x2D, 0x2D, 0x2C, 0x2C, 0x2C, 0x2C, 0x2C, 0x2C, 0x2C, 0x2C, 0x2C,
    0x2C, 0x2D, 0x2C, 0x2D, 0x2D, 0x2D, 0x2D, 0x2E, 0x2D, 0x2D, 0x2C, 0x2C, 0x2C, 0x2D, 0x2C, 0x2C,
    0x2C, 0x2C, 0x2C, 0x2D, 0x2C, 0x2C, 0x2C, 0x2D, 0x2D, 0x2D, 0x2C, 0x2C, 0x2C, 0x2C, 0x2C, 0x2D,
    0x2B, 0x2A, 0x2B, 0x2C, 0x2B, 0x2C, 0x2C, 0x2E, 0x2C, 0x2C, 0x2D, 0x2D, 0x2C, 0x2D, 0x2D, 0x2C,
    0x2C, 0x2C, 0x2C, 0x2C, 0x2C, 0x2C, 0x2C, 0x2C, 0x2D, 0x2E, 0x2D, 0x2D, 0x2D, 0x2D, 0x2D, 0x2D,
    0x2C, 0x2C, 0x2C, 0x2C, 0x2C, 0x2C, 0x2C, 0x2C, 0x2C, 0x2D, 0x2C, 0x2D, 0x2E, 0x2E, 0x2D, 0x2D,
    0x2C, 0x2C, 0x2C, 0x2C, 0x2B, 0x2B, 0x2B, 0x2B, 0x2B, 0x2B, 0x2A, 0x2C, 0x2E, 0x2D, 0x2E, 0x2E,
    0x2D, 0x2D, 0x2E, 0x2D, 0x2E, 0x2C, 0x2C, 0x2C, 0x2C, 0x2B, 0x2C, 0x2B, 0x2C, 0x2C, 0x2D, 0x2C,
    0x2D, 0x2D, 0x2E, 0x2E, 0x2E, 0x2C, 0x2D, 0x2C, 0x2C, 0x2C, 0x2D, 0x2C, 0x2C, 0x2D, 0x2C, 0x2C,
    0x2C, 0x2C, 0x2D, 0x2D, 0x2D, 0x2D, 0x2D, 0x2D, 0x2C, 0x2E, 0x2C, 0x2C, 0x2B, 0x2B, 0x2C, 0x2B,
    0x2B, 0x2B, 0x2C, 0x2C, 0x2C, 0x2B, 0x2D, 0x2C, 0x2C, 0x2C, 0x2C, 0x2C, 0x2C, 0x26, 0xD9, 0xD8,
    0xD9, 0xD8, 0xD8, 0x2D, 0x2C, 0x2D, 0x24, 0xDA, 0xDA, 0xDA, 0xDA, 0xDA, 0xDA, 0xDA, 0x56, 0x2B,
    0x2A, 0x2D, 0xDA, 0xDC, 0xDD, 0x2A, 0x2A, 0x2A, 0x2A, 0x2C, 0x2C, 0x2E, 0x2E, 0x2C, 0x2D, 0xDC,
    0xD8, 0xD8, 0xD8, 0xD9, 0xD9, 0xD8, 0xE1, 0x2A, 0x2B, 0x2C, 0x2C, 0x2C, 0x2C, 0x2D, 0x2E, 0x2D,
    0x2C, 0x2C, 0x2C, 0x2B, 0x2C, 0x2C, 0xE1, 0xD9, 0xE3, 0x24, 0x29, 0xE2, 0xD9, 0xD9, 0xDA, 0xD8,
    0xD9, 0xD8, 0xD9, 0x2D, 0x2C, 0x76, 0xD7, 0xD6, 0x2B, 0x2C, 0x2B, 0x2C, 0x2D, 0x2D, 0x2C, 0x2E,
    0x2C, 0x2C, 0x2D, 0x2C, 0x2C, 0x2C, 0x2C, 0x2C, 0x2C, 0x2C, 0x2C, 0x2C, 0x2C, 0x2B, 0x2C, 0x2B,
    0x2B, 0x2B, 0x2C, 0x2C, 0x2B, 0x2C, 0x2C, 0x2C, 0x2C, 0x2C, 0x2C, 0x2C, 0x2C, 0x2C, 0x2C, 0x2C,
    0x2C, 0x2C, 0x2C, 0x2D, 0x2C, 0x2C, 0x2C, 0x2C, 0x2C, 0x2C, 0x2C, 0x2C, 0x2C, 0x2C, 0x2C, 0x2B,
    0x2C, 0x2C, 0x2C, 0x2C, 0x2C, 0x2C, 0x2B, 0x2C, 0x2B, 0x2B, 0x2B, 0x2C, 0x2C, 0x2C, 0x2C, 0x2D,
    0x2C, 0x2C, 0x2C, 0x2C, 0x2C, 0x2C, 0x2D, 0x2C, 0x2C, 0x2C, 0x2C, 0x2C, 0x2C, 0x2C, 0x2C, 0x2C,
    0x2C, 0x2D, 0x2C, 0x2C, 0x2B, 0x2C, 0x2C, 0x2D, 0x2C, 0x2C, 0x2D, 0x2D, 0x2E, 0x2B, 0x2B, 0x2B,
    0x2A, 0x2B, 0x2C, 0x2D, 0x2C, 0x2C, 0x2D, 0x2B, 0x29, 0x2B, 0x28, 0xE3, 0xDA, 0xDC, 0xD8, 0xD9,
    0xD7, 0xD8, 0xD6, 0xD9, 0xDB, 0xDC, 0xDA, 0xD7, 0x2E, 0x2C, 0x2D, 0x2C, 0x2C, 0x2B, 0x2C, 0x2C,
    0x2C, 0x2C, 0x2C, 0x2C, 0x2C, 0x2A, 0x2C, 0x2E, 0x2C, 0x2C, 0x2C, 0x2C, 0x2C, 0x2C, 0x2C, 0x2C,
    0x2C, 0x2C, 0x2D, 0x2B, 0x2C, 0x2C, 0x2C, 0x2C, 0x2C, 0x2C, 0x2C, 0x2D, 0x2B, 0x2C, 0x2B, 0x2C,
    0x2C, 0x2C, 0x2C, 0x2C, 0x2B, 0x2B, 0x2B, 0x2C, 0x2B, 0x2B, 0x2B, 0x2D, 0x2B, 0x25, 0xD7, 0xD9,
    0xD8, 0xD9, 0xDA, 0x2C, 0x2D, 0x2E, 0x23, 0xD9, 0xDA, 0xD9, 0xD9, 0xD9, 0xD9, 0xD9, 0x58, 0x2B,
    0x2D, 0x2E, 0xDB, 0xDB, 0xD9, 0xD8, 0x25, 0x2A, 0x2A, 0x2D, 0x2C, 0x2B, 0x2B, 0x2D, 0x2E, 0x2D,
    0xCD, 0xDB, 0xD9, 0xD8, 0xD9, 0xD8, 0xE1, 0x2B, 0x2C, 0x2C, 0x2B, 0x2B, 0x2D, 0x2B, 0x2C, 0x2C,
    0x2C, 0x2C, 0x2C, 0x2A, 0x2C, 0x2C, 0x2B, 0x2C, 0x24, 0xD9, 0xD8, 0x21, 0x30, 0x2A, 0xDA, 0xD8,
    0xD9, 0xD9, 0xD9, 0x2C, 0x2D, 0x76, 0xD8, 0xD7, 0x2E, 0x2B, 0x2C, 0x2C, 0x2D, 0x2C, 0x2C, 0x2C,
    0x2C, 0x2C, 0x2C, 0x2C, 0x2C, 0x2C, 0x2C, 0x2C, 0x2C, 0x2C, 0x2C, 0x2C, 0x2D, 0x2C, 0x2C, 0x2B,
    0x2B, 0x2B, 0x2B, 0x2B, 0x2C, 0x2C, 0x2C, 0x2C, 0x2C, 0x2C, 0x2C, 0x2C, 0x2C, 0x2C, 0x2C, 0x2C,
    0x2C, 0x2D, 0x2C, 0x2D, 0x2C, 0x2C, 0x2C, 0x2C, 0x2C, 0x2C, 0x2C, 0x2C, 0x2C, 0x2C, 0x2C, 0x2B,
    0x2B, 0x2C, 0x2C, 0x2C, 0x2B, 0x2B, 0x2B, 0x2B, 0x2B, 0x2B, 0x2B, 0x2B, 0x2C, 0x2C, 0x2D, 0x2C,
    0x2C, 0x2C, 0x2C, 0x2C, 0x2C, 0x2C, 0x2C, 0x2D, 0x2C, 0x2C, 0x2C, 0x2C, 0x2C, 0x2C, 0x2C, 0x2C,
    0x2C, 0x2C, 0x2E, 0x2C, 0x2C, 0x2C, 0x2C, 0x2E, 0x2E, 0x2C, 0x2E, 0x2F, 0x2E, 0x2E, 0x2B, 0x2A,
    0x2A, 0x2B, 0x29, 0x29, 0x2F, 0x33, 0x32, 0x2F, 0x2A, 0x26, 0x22, 0xE0, 0xD6, 0xDC, 0xDD, 0xD9,
    0xD6, 0xD5, 0xD7, 0xDA, 0xD9, 0xDB, 0xDB, 0xDA, 0x34, 0x2E, 0x27, 0x28, 0x27, 0x2B, 0x2C, 0x2B,
    0x2D, 0x2D, 0x2D, 0x2C, 0x2C, 0x2B, 0x2B, 0x2C, 0x2C, 0x2D, 0x2D, 0x2B, 0x2C, 0x2C, 0x2C, 0x2B,
    0x2C, 0x2C, 0x2D, 0x2C, 0x2C, 0x2C, 0x2C, 0x2C, 0x2C, 0x2C, 0x2C, 0x2C, 0x2D, 0x2C, 0x2C, 0x2C,
    0x2C, 0x2B, 0x2C, 0x2C, 0x2C, 0x2C, 0x2C, 0x2C, 0x2B, 0x2C, 0x2A, 0x2C, 0x2B, 0x25, 0xD8, 0xD8,
    0xD8, 0xD9, 0xD8, 0x2D, 0x2C, 0x2E, 0x23, 0xD9, 0xD9, 0xD8, 0xD9, 0xD9, 0xDA, 0xD9, 0x5A, 0x2C,
    0x2B, 0x2C, 0xD5, 0xD9, 0xD9, 0xD8, 0xD8, 0xD9, 0xE2, 0x28, 0x2B, 0x2B, 0x2A, 0x2B, 0x2C, 0x2D,
    0x2E, 0x2A, 0xD8, 0xD9, 0xD9, 0xD9, 0xE1, 0x2B, 0x2C, 0x2C, 0x2B, 0x2C, 0x2D, 0x2D, 0x2C, 0x2C,
    0x2C, 0x2C, 0x2C, 0x2B, 0x2C, 0x2C, 0x2B, 0x29, 0x24, 0xDB, 0xDA, 0x20, 0x2D, 0x2C, 0xDB, 0xD8,
    0xD8, 0xD8, 0xD9, 0xD9, 0xDA, 0x7E, 0x2A, 0x2D, 0xD9, 0xDA, 0xBD, 0x2C, 0x2D, 0x2C, 0x2D, 0x2C,
    0x2C, 0x2C, 0x2C, 0x2D, 0x2D, 0x2D, 0x2C, 0x2C, 0x2C, 0x2C, 0x2C, 0x2D, 0x2B, 0x2C, 0x2B, 0x2B,
    0x2B, 0x2B, 0x2C, 0x2B, 0x2C, 0x2C, 0x2C, 0x2C, 0x2D, 0x2C, 0x2D, 0x2C, 0x2C, 0x2D, 0x2C, 0x2C,
    0x2C, 0x2D, 0x2C, 0x2C, 0x2C, 0x2C, 0x2C, 0x2C, 0x2C, 0x2C, 0x2D, 0x2C, 0x2D, 0x2D, 0x2C, 0x2B,
    0x2C, 0x2C, 0x2A, 0x2C, 0x2C, 0x2C, 0x2B, 0x2B, 0x2B, 0x2B, 0x2B, 0x2B, 0x2D, 0x2D, 0x2D, 0x2C,
    0x2C, 0x2D, 0x2D, 0x2D, 0x2C, 0x2C, 0x2C, 0x2B, 0x2C, 0x2C, 0x2C, 0x2C, 0x2D, 0x2C, 0x2D, 0x2C,
    0x2D, 0x2D, 0x2C, 0x2C, 0x2C, 0x2C, 0x2C, 0x2B, 0x2B, 0x2E, 0x2C, 0x2F, 0x2D, 0x2F, 0xA3, 0xDA,
    0xD9, 0xD8, 0xD4, 0xD8, 0xD6, 0xD7, 0xD8, 0xD8, 0xD8, 0xD8, 0xD8, 0x1A, 0x2A, 0x2C, 0x2E, 0x2E,
    0x2D, 0x2D, 0x2D, 0x31, 0x30, 0x31, 0x2F, 0x2B, 0xD6, 0xD7, 0xD6, 0xD8, 0xDA, 0x26, 0x2B, 0x2B,
    0x2B, 0x2C, 0x2D, 0x2E, 0x2C, 0x2C, 0x2B, 0x2D, 0x2D, 0x2C, 0x2C, 0x2C, 0x2C, 0x2C, 0x2C, 0x2C,
    0x2C, 0x2C, 0x2C, 0x2C, 0x2C, 0x2D, 0x2C, 0x2C, 0x2D, 0x2C, 0x2D, 0x2D, 0x2C, 0x2D, 0x2B, 0x2C,
    0x2B, 0x2C, 0x2B, 0x2B, 0x2C, 0x2C, 0x2D, 0x2C, 0x2C, 0x2B, 0x2C, 0x2B, 0x2B, 0x25, 0xD9, 0xD8,
    0xDA, 0xDA, 0xD8, 0x2C, 0x2D, 0x2E, 0x23, 0xD8, 0xD9, 0xD8, 0xD9, 0xD8, 0xDB, 0xD9, 0x57, 0x2B,
    0x2C, 0x2C, 0xD5, 0xD9, 0xD9, 0xD9, 0xD9, 0xDA, 0xD8, 0xD9, 0xDA, 0xD8, 0xD7, 0xE0, 0x2C, 0x2E,
    0x2D, 0x2A, 0xD8, 0xD9, 0xD9, 0xD9, 0xE0, 0x2C, 0x2B, 0x2C, 0x2C, 0x2C, 0x2C, 0x2C, 0x2C, 0x2C,
    0x2C, 0x2C, 0x2C, 0x2C, 0x2C, 0x2C, 0xDD, 0xDA, 0xE2, 0x29, 0x2A, 0xE0, 0xDA, 0xDA, 0xD8, 0xDA,
    0xD8, 0xD8, 0xD9, 0xE0, 0xE2, 0x79, 0x24, 0x23, 0xE3, 0xDF, 0xC7, 0x2D, 0x2C, 0x2C, 0x2C, 0x2C,
    0x2C, 0x2C, 0x2C, 0x2D, 0x2C, 0x2D, 0x2D, 0x2C, 0x2C, 0x2C, 0x2C, 0x2C, 0x2C, 0x2C, 0x2D, 0x2B,
    0x2C, 0x2C, 0x2C, 0x2C, 0x2C, 0x2D, 0x2C, 0x2C, 0x2C, 0x2C, 0x2C, 0x2D, 0x2D, 0x2C, 0x2C, 0x2D,
    0x2C, 0x2C, 0x2C, 0x2C, 0x2C, 0x2C, 0x2A, 0x2B, 0x2C, 0x2C, 0x2C, 0x2C, 0x2C, 0x2C, 0x2C, 0x2C,
    0x2C, 0x2C, 0x2C, 0x2B, 0x2B, 0x2B, 0x2B, 0x2B, 0x2B, 0x2D, 0x2B, 0x2D, 0x2C, 0x2C, 0x2C, 0x2D,
    0x2D, 0x2C, 0x2C, 0x2C, 0x2C, 0x2C, 0x2C, 0x2C, 0x2C, 0x2C, 0x2C, 0x2D, 0x2D, 0x2C, 0x2C, 0x2C,
    0x2C, 0x2C, 0x2C, 0x2C, 0x2C, 0x2E, 0x2C, 0x2C, 0x2D, 0x2C, 0x2C, 0x2E, 0x26, 0x25, 0x90, 0xE9,
    0xE6, 0xE4, 0xDA, 0xD7, 0xD8, 0xD9, 0xDC, 0xE1, 0xE2, 0xE3, 0xE4, 0x1F, 0x2D, 0x2D, 0x23, 0x26,
    0x2F, 0x2B, 0x2C, 0x29, 0x23, 0x21, 0x2C, 0x2B, 0xE4, 0xE3, 0xE6, 0xE6, 0xE1, 0x1A, 0x1F, 0x1D,
    0x2B, 0x2D, 0x2D, 0x2D, 0x2D, 0x2C, 0x2D, 0x2D, 0x2C, 0x2C, 0x2C, 0x2C, 0x2C, 0x2D, 0x2C, 0x2C,
    0x2D, 0x2C, 0x2C, 0x2C, 0x2C, 0x2C, 0x2D, 0x2C, 0x2C, 0x2C, 0x2C, 0x2C, 0x2C, 0x2C, 0x2B, 0x2B,
    0x2C, 0x2B, 0x2C, 0x2C, 0x2B, 0x2C, 0x2C, 0x2C, 0x2C, 0x2D, 0x2C, 0x2C, 0x2B, 0x25, 0xD8, 0xD9,
    0xD8, 0xD9, 0xD8, 0x2C, 0x2C, 0x2C, 0x23, 0xD9, 0xD8, 0xD7, 0xDA, 0xD8, 0xD9, 0x24, 0x2C, 0x2C,
    0x2D, 0x2D, 0xD6, 0xDB, 0xD9, 0xD8, 0xD9, 0xD9, 0xD9, 0xD8, 0xD7, 0xD9, 0xDA, 0xDE, 0x2B, 0x2D,
    0x2D, 0x2A, 0xD8, 0xD9, 0xD9, 0xD9, 0xE0, 0x2C, 0x2B, 0x2B, 0x2C, 0x2C, 0x2C, 0x2C, 0x2D, 0x2C,
    0x2C, 0x2C, 0x2C, 0x2C, 0x2D, 0x2C, 0xE6, 0xE0, 0xEA, 0x22, 0x22, 0xEB, 0xE1, 0xE3, 0xDA, 0xD9,
    0xD8, 0xD9, 0xD8, 0x2C, 0x2D, 0x6C, 0xD9, 0xDB, 0x2D, 0x2D, 0x2D, 0x2B, 0x2D, 0x2C, 0x2C, 0x2C,
    0x2C, 0x2C, 0x2C, 0x2C, 0x2C, 0x2B, 0x2C, 0x2C, 0x2C, 0x2C, 0x2C, 0x2C, 0x2C, 0x2C, 0x2C, 0x2C,
    0x2C, 0x2C, 0x2C, 0x2C, 0x2C, 0x2D, 0x2C, 0x2C, 0x2D, 0x2C, 0x2C, 0x2C, 0x2C, 0x2C, 0x2C, 0x2C,
    0x2D, 0x2D, 0x2C, 0x2C, 0x2C, 0x2B, 0x2B, 0x2B, 0x2C, 0x2C, 0x2C, 0x2C, 0x2C, 0x2C, 0x2C, 0x2B,
    0x2C, 0x2C, 0x2C, 0x2C, 0x2B, 0x2B, 0x2B, 0x2B, 0x2C, 0x2B, 0x2C, 0x2C, 0x2C, 0x2C, 0x2C, 0x2C,
    0x2C, 0x2C, 0x2C, 0x2C, 0x2D, 0x2C, 0x2C, 0x2C, 0x2C, 0x2C, 0x2C, 0x2C, 0x2D, 0x2C, 0x2D, 0x2C,
    0x2C, 0x2C, 0x2D, 0x2C, 0x2C, 0x2C, 0x2D, 0x2C, 0x2D, 0x2D, 0x2D, 0x2B, 0xD6, 0xD9, 0x64, 0x2E,
    0x2C, 0x2D, 0x2E, 0x2C, 0x2D, 0x2B, 0x29, 0x2D, 0x31, 0x30, 0x2D, 0x2C, 0x2D, 0x25, 0xD6, 0xD8,
    0xD7, 0xDB, 0xD9, 0xD9, 0xD8, 0x82, 0x2C, 0x2C, 0x2D, 0x2E, 0x2E, 0x2E, 0x2C, 0xD5, 0xD4, 0xDA,
    0x2B, 0x2D, 0x2F, 0x2E, 0x2D, 0x2C, 0x2D, 0x2C, 0x2C, 0x2C, 0x2B, 0x2C, 0x2D, 0x2C, 0x2D, 0x2C,
    0x2C, 0x2C, 0x2C, 0x2C, 0x2B, 0x2C, 0x2C, 0x2C, 0x2C, 0x2C, 0x2C, 0x2C, 0x2C, 0x2C, 0x2A, 0x2B,
    0x2C, 0x2D, 0x2C, 0x2C, 0x2C, 0x2C, 0x2C, 0x2D, 0x2D, 0x2C, 0x2B, 0x2B, 0x2B, 0x25, 0xD8, 0xD9,
    0xD9, 0xD9, 0xD9, 0x2C, 0x2D, 0x2D, 0x21, 0xE1, 0xE0, 0xE0, 0xDE, 0xDF, 0xE3, 0x23, 0x2B, 0x2B,
    0x2C, 0x21, 0xD6, 0xD9, 0xD9, 0xDF, 0xE1, 0xE2, 0xE1, 0xE2, 0xE1, 0xE2, 0xE1, 0xE5, 0x2B, 0x2D,
    0x2D, 0x27, 0xD9, 0xD9, 0xD9, 0xD8, 0xE1, 0x2C, 0x2B, 0x2B, 0x2C, 0x2C, 0x2C, 0x2C, 0x2C, 0x2C,
    0x2C, 0x2C, 0x2C, 0x2C, 0x2C, 0x2D, 0x2C, 0x2D, 0x23, 0xD9, 0xD9, 0x21, 0x2C, 0x26, 0xD9, 0xDA,
    0xD9, 0xD8, 0xD8, 0x24, 0x26, 0x6A, 0xE2, 0xDF, 0x24, 0x24, 0x23, 0x2D, 0x2D, 0x2C, 0x2C, 0x2C,
    0x2C, 0x2C, 0x2C, 0x2C, 0x2C, 0x2C, 0x2C, 0x2C, 0x2C, 0x2C, 0x2C, 0x2C, 0x2C, 0x2C, 0x2C, 0x2C,
    0x2C, 0x2C, 0x2C, 0x2C, 0x2C, 0x2D, 0x2D, 0x2C, 0x2C, 0x2D, 0x2C, 0x2C, 0x2C, 0x2D, 0x2C, 0x2C,
    0x2C, 0x2C, 0x2C, 0x2C, 0x2C, 0x2D, 0x2C, 0x2C, 0x2C, 0x2C, 0x2C, 0x2D, 0x2C, 0x2C, 0x2C, 0x2C,
    0x2A, 0x2C, 0x2C, 0x2C, 0x2A, 0x2C, 0x2C, 0x2C, 0x2D, 0x2C, 0x2C, 0x2C, 0x2C, 0x2C, 0x2C, 0x2D,
    0x2C, 0x2C, 0x2C, 0x2C, 0x2C, 0x2C, 0x2C, 0x2C, 0x2C, 0x2C, 0x2C, 0x2C, 0x2C, 0x2C, 0x2C, 0x2C,
    0x2C, 0x2C, 0x2D, 0x2C, 0x2B, 0x2C, 0x2E, 0x20, 0x21, 0x1F, 0x1F, 0x1F, 0xDA, 0xDB, 0x59, 0x2B,
    0x2D, 0x27, 0x28, 0x28, 0x23, 0x21, 0x29, 0x2B, 0x2A, 0x21, 0x28, 0x28, 0x26, 0x24, 0xD7, 0xD8,
    0xD7, 0xD6, 0xD8, 0xD8, 0xD9, 0x7D, 0x26, 0x28, 0x27, 0x27, 0x20, 0x2C, 0x2B, 0xE0, 0xDE, 0xE7,
    0x29, 0x2D, 0x2B, 0x2C, 0x27, 0x26, 0x20, 0x25, 0x2C, 0x2C, 0x2D, 0x2C, 0x2D, 0x2D, 0x2C, 0x2C,
    0x2C, 0x2C, 0x2C, 0x2C, 0x2C, 0x2C, 0x2C, 0x2C, 0x2C, 0x2C, 0x2C, 0x2C, 0x2C, 0x2D, 0x2C, 0x2C,
    0x2C, 0x2C, 0x2C, 0x2C, 0x2C, 0x2C, 0x2B, 0x2D, 0x2E, 0x2C, 0x2C, 0x2C, 0x2C, 0x25, 0xD9, 0xD9,
    0xDA, 0xD9, 0xD7, 0x2C, 0x2C, 0x2D, 0x2D, 0x2C, 0x2D, 0x2C, 0x2B, 0x2B, 0x2C, 0x2C, 0x2C, 0x2E,
    0x25, 0xD9, 0xD9, 0xDA, 0xDC, 0x2C, 0x2A, 0x2B, 0x2C, 0x2C, 0x2C, 0x2D, 0x2B, 0x2C, 0x2D, 0x2D,
    0x23, 0x26, 0xD9, 0xD9, 0xD8, 0xDA, 0xE2, 0x2C, 0x2C, 0x2B, 0x2C, 0x2C, 0x2C, 0x2C, 0x2C, 0x2C,
    0x2D, 0x2C, 0x2C, 0x2C, 0x2C, 0x2C, 0x24, 0x25, 0x1A, 0xE1, 0xE1, 0x16, 0x26, 0x23, 0xDA, 0xDB,
    0xD8, 0xD8, 0xD8, 0xD9, 0xDA, 0x7C, 0x2E, 0x2E, 0xD8, 0xD6, 0xBB, 0x2C, 0x2C, 0x2D, 0x2D, 0x2C,
    0x2D, 0x2D, 0x2C, 0x2C, 0x2C, 0x2C, 0x2C, 0x2D, 0x2C, 0x2C, 0x2C, 0x2D, 0x2C, 0x2C, 0x2C, 0x2C,
    0x2C, 0x2C, 0x2C, 0x2C, 0x2C, 0x2C, 0x2C, 0x2C, 0x2C, 0x2C, 0x2C, 0x2C, 0x2C, 0x2C, 0x2D, 0x2C,
    0x2C, 0x2C, 0x2C, 0x2C, 0x2C, 0x2D, 0x2C, 0x2C, 0x2C, 0x2C, 0x2C, 0x2C, 0x2C, 0x2D, 0x2D, 0x2D,
    0x2C, 0x2C, 0x2C, 0x2C, 0x2C, 0x2C, 0x2C, 0x2B, 0x2C, 0x2C, 0x2C, 0x2C, 0x2C, 0x2D, 0x2C, 0x2D,
    0x2C, 0x2C, 0x2D, 0x2D, 0x2D, 0x2C, 0x2C, 0x2D, 0x2C, 0x2C, 0x2C, 0x2C, 0x2C, 0x2C, 0x2C, 0x2C,
    0x2C, 0x2C, 0x2C, 0x2C, 0x2C, 0x2C, 0x28, 0xDB, 0xD8, 0xD7, 0xD6, 0xD4, 0x2C, 0x2D, 0x2C, 0x2B,
    0x2D, 0xD9, 0xDB, 0xDA, 0xDD, 0xD8, 0x2C, 0x2C, 0x20, 0xD5, 0xD9, 0xD8, 0xD9, 0xD9, 0xD8, 0xD9,
    0xD8, 0xD8, 0xD9, 0xD9, 0xDB, 0xD8, 0xD9, 0xD9, 0xD8, 0xD6, 0xC6, 0x29, 0x2C, 0x2E, 0x2B, 0x27,
    0xDE, 0xDA, 0xD9, 0xD8, 0xD8, 0xD7, 0xD6, 0x48, 0x2C, 0x2F, 0x2D, 0x2D, 0x2D, 0x2D, 0x2D, 0x2D,
    0x2D, 0x2C, 0x2C, 0x2C, 0x2C, 0x2C, 0x2C, 0x2C, 0x2C, 0x2C, 0x2C, 0x2C, 0x2C, 0x2C, 0x2C, 0x2C,
    0x2C, 0x2C, 0x2C, 0x2C, 0x2C, 0x2C, 0x2C, 0x2C, 0x2D, 0x2D, 0x2C, 0x2C, 0x2C, 0x25, 0xD8, 0xD9,
    0xD8, 0xD9, 0xDA, 0x2E, 0x2D, 0x2D, 0x2C, 0x2B, 0x2C, 0x2D, 0x2B, 0x2D, 0x2D, 0x68, 0x63, 0x64,
    0xD9, 0xDA, 0xD9, 0xDA, 0xDD, 0x2C, 0x2A, 0x2D, 0x2C, 0x2C, 0x2C, 0x2C, 0x2D, 0x2D, 0x2D, 0x77,
    0xCB, 0xD8, 0xD8, 0xD8, 0xD9, 0xD9, 0xE1, 0x2C, 0x2C, 0x2C, 0x2C, 0x2C, 0x2C, 0x2C, 0x2C, 0x2C,
    0x2C, 0x2C, 0x2C, 0x2C, 0x2C, 0x2C, 0xE0, 0xD9, 0xE2, 0x2B, 0x2A, 0xE0, 0xDA, 0xDA, 0xDB, 0xD9,
    0xD8, 0xD9, 0xD8, 0xA1, 0x9D, 0x71, 0x57, 0x55, 0xA3, 0xA5, 0x91, 0x2D, 0x2D, 0x2D, 0x2D, 0x2D,
    0x2C, 0x2D, 0x2C, 0x2C, 0x2C, 0x2C, 0x2C, 0x2C, 0x2C, 0x2C, 0x2C, 0x2C, 0x2C, 0x2D, 0x2C, 0x2C,
    0x2D, 0x2C, 0x2C, 0x2C, 0x2C, 0x2C, 0x2C, 0x2C, 0x2C, 0x2C, 0x2C, 0x2D, 0x2C, 0x2C, 0x2C, 0x2C,
    0x2C, 0x2C, 0x2C, 0x2C, 0x2C, 0x2C, 0x2C, 0x2C, 0x2D, 0x2C, 0x2D, 0x2C, 0x2C, 0x2C, 0x2C, 0x2D,
    0x2C, 0x2C, 0x2C, 0x2C, 0x2C, 0x2C, 0x2C, 0x2C, 0x2D, 0x2D, 0x2C, 0x2D, 0x2B, 0x2C, 0x2D, 0x2D,
    0x2C, 0x2C, 0x2C, 0x2D, 0x2C, 0x2C, 0x2D, 0x2C, 0x2D, 0x2C, 0x2C, 0x2D, 0x2C, 0x2C, 0x2C, 0x2C,
    0x2C, 0x2B, 0x2D, 0x2A, 0x4F, 0x4C, 0x4C, 0xAC, 0xB5, 0xB7, 0xB6, 0xB5, 0x2C, 0x2D, 0x47, 0x4F,
    0x50, 0xD6, 0xD9, 0xDB, 0xDB, 0xD9, 0x52, 0x52, 0x44, 0xD8, 0xD8, 0xD8, 0xD9, 0xD9, 0xDA, 0xD8,
    0xD9, 0xD7, 0xD9, 0xD8, 0xD9, 0xD9, 0xD9, 0xD8, 0xD8, 0xD8, 0xCA, 0x48, 0x4B, 0x2A, 0x2D, 0x29,
    0xB5, 0xB8, 0xB2, 0xA7, 0xA7, 0xA9, 0xA5, 0x64, 0x56, 0x59, 0x2E, 0x2D, 0x2C, 0x2D, 0x2C, 0x2C,
    0x2D, 0x2C, 0x2C, 0x2D, 0x2D, 0x2C, 0x2C, 0x2C, 0x2C, 0x2C, 0x2C, 0x2C, 0x2C, 0x2C, 0x2E, 0x2C,
    0x2C, 0x2C, 0x2C, 0x2C, 0x2C, 0x2C, 0x2D, 0x2C, 0x2D, 0x2D, 0x2A, 0x2C, 0x2C, 0x27, 0xD9, 0xD9,
    0xD8, 0xD9, 0xDA, 0x54, 0x52, 0x54, 0x54, 0x57, 0x57, 0x57, 0x55, 0x54, 0x55, 0xDB, 0xD9, 0xD9,
    0xD9, 0xD9, 0xD9, 0xD9, 0xDB, 0x5B, 0x59, 0x57, 0x59, 0x5C, 0x5B, 0x5B, 0x5B, 0x59, 0x57, 0xDC,
    0xD9, 0xD8, 0xD8, 0xD8, 0xD8, 0xD9, 0xE0, 0x2C, 0x2C, 0x2C, 0x2D, 0x2D, 0x2D, 0x2C, 0x2D, 0x2C,
    0x2C, 0x2C, 0x2C, 0x2C, 0x2D, 0x2D, 0xA9, 0xA3, 0xA1, 0x57, 0x4D, 0xA5, 0x9A, 0x9C, 0xD9, 0xD9,
    0xD8, 0xD9, 0xDA, 0x2C, 0x2D, 0x66, 0xD7, 0xD9, 0x2F, 0x2B, 0x2C, 0x2C, 0x2D, 0x2D, 0x2D, 0x2B,
    0x2C, 0x2C, 0x2C, 0x2C, 0x2C, 0x2C, 0x2B, 0x2C, 0x2C, 0x2D, 0x2C, 0x2D, 0x2C, 0x2C, 0x2C, 0x2C,
    0x2C, 0x2C, 0x2C, 0x2C, 0x2C, 0x2C, 0x2C, 0x2C, 0x2C, 0x2D, 0x2C, 0x2D, 0x2D, 0x2D, 0x2C, 0x2C,
    0x2C, 0x2C, 0x2C, 0x2C, 0x2C, 0x2C, 0x2C, 0x2C, 0x2C, 0x2C, 0x2C, 0x2C, 0x2D, 0x2C, 0x2D, 0x2D,
    0x2D, 0x2C, 0x2C, 0x2C, 0x2C, 0x2C, 0x2C, 0x2D, 0x2C, 0x2C, 0x2C, 0x2D, 0x2D, 0x2C, 0x2C, 0x2D,
    0x2D, 0x2C, 0x2C, 0x2D, 0x2D, 0x2C, 0x2C, 0x2C, 0x2C, 0x2C, 0x2C, 0x2C, 0x2B, 0x2D, 0x2C, 0x2C,
    0x2C, 0x2D, 0x2B, 0x2D, 0xDC, 0xD3, 0xDB, 0x2D, 0x2B, 0x2C, 0x2D, 0x2C, 0x2E, 0x2D, 0x9B, 0xD6,
    0xD3, 0xD7, 0xD8, 0xD9, 0xDA, 0xDB, 0xD9, 0xD6, 0xD8, 0xD9, 0xD8, 0xDA, 0xD9, 0xD9, 0xD9, 0xD6,
    0xD9, 0xDA, 0xDA, 0xDA, 0xDC, 0xD9, 0xDA, 0xDB, 0xDA, 0xD9, 0xD9, 0xD8, 0xDA, 0x28, 0x2C, 0x2C,
    0x2B, 0x2D, 0x2C, 0x2D, 0x2D, 0x2E, 0x2B, 0xAF, 0xDB, 0xDA, 0x2D, 0x2D, 0x2C, 0x2D, 0x2C, 0x2D,
    0x2C, 0x2D, 0x2C, 0x2C, 0x2C, 0x2C, 0x2C, 0x2C, 0x2D, 0x2C, 0x2B, 0x2C, 0x2C, 0x2C, 0x2B, 0x2C,
    0x2C, 0x2C, 0x2C, 0x2C, 0x2D, 0x2C, 0x2C, 0x2C, 0x2C, 0x2D, 0x2C, 0x2B, 0x2B, 0x25, 0xD9, 0xD8,
    0xD9, 0xD7, 0xD7, 0xD7, 0xD5, 0xD8, 0xD7, 0xD8, 0xD6, 0xD8, 0xD9, 0xD8, 0xD8, 0xDA, 0xD8, 0xD7,
    0xDA, 0xD9, 0xDA, 0xDB, 0xDA, 0xDA, 0xDA, 0xD5, 0xD3, 0xD5, 0xD6, 0xD5, 0xD8, 0xD7, 0xD8, 0xD8,
    0xD9, 0xD9, 0xDA, 0xDA, 0xD8, 0xD7, 0xE1, 0x2C, 0x2C, 0x2D, 0x2C, 0x2C, 0x2C, 0x2C, 0x2C, 0x2D,
    0x2C, 0x2C, 0x2C, 0x2E, 0x2D, 0x2D, 0x2D, 0x2C, 0x25, 0xD8, 0xD9, 0x20, 0x2B, 0x27, 0xDB, 0xDC,
    0xD9, 0xDA, 0xD9, 0x2C, 0x2D, 0x69, 0xD8, 0xD8, 0x2F, 0x2E, 0x2C, 0x2B, 0x2C, 0x2C, 0x2D, 0x2C,
    0x2C, 0x2C, 0x2B, 0x2D, 0x2D, 0x2D, 0x2D, 0x2C, 0x2D, 0x2D, 0x2D, 0x2C, 0x2C, 0x2C, 0x2C, 0x2C,
    0x2C, 0x2C, 0x2C, 0x2C, 0x2C, 0x2C, 0x2D, 0x2D, 0x2D, 0x2D, 0x2D, 0x2D, 0x2D, 0x2C, 0x2C, 0x2C,
    0x2C, 0x2C, 0x2C, 0x2C, 0x2C, 0x2D, 0x2B, 0x2D, 0x2D, 0x2C, 0x2C, 0x2D, 0x2D, 0x2D, 0x2D, 0x2D,
    0x2C, 0x2D, 0x2C, 0x2C, 0x2B, 0x2C, 0x2D, 0x2C, 0x2D, 0x2D, 0x2D, 0x2D, 0x2D, 0x2C, 0x2E, 0x2D,
    0x2E, 0x2E, 0x2C, 0x2C, 0x2C, 0x2C, 0x2C, 0x2C, 0x2C, 0x2C, 0x2C, 0x2D, 0x2D, 0x2F, 0x2D, 0x2B,
    0x2D, 0x33, 0xCC, 0xD1, 0x2D, 0x32, 0x31, 0x2A, 0x2C, 0xD3, 0xCE, 0xD1, 0x32, 0x2F, 0x9D, 0xD9,
    0xDA, 0xD8, 0xD9, 0xD8, 0xD9, 0xDB, 0xD7, 0xDA, 0xD9, 0xD8, 0xD9, 0xD8, 0xD9, 0xD9, 0xD8, 0xD9,
    0xD9, 0xD8, 0xDA, 0xD8, 0xDB, 0xD9, 0xDB, 0xD8, 0xD9, 0xD8, 0xD9, 0xDA, 0xDA, 0x2E, 0x31, 0x23,
    0xCA, 0xC6, 0xC7, 0xC8, 0xCD, 0x2D, 0x2D, 0x36, 0x38, 0x3E, 0xCD, 0xCC, 0x89, 0x2D, 0x2C, 0x2C,
    0x2D, 0x2C, 0x2C, 0x2C, 0x2C, 0x2D, 0x2E, 0x2D, 0x2C, 0x2D, 0x2C, 0x2D, 0x2D, 0x2D, 0x2C, 0x2C,
    0x2C, 0x2C, 0x2C, 0x2C, 0x2C, 0x2C, 0x2C, 0x2C, 0x2D, 0x2C, 0x2B, 0x2C, 0x2C, 0x30, 0x3D, 0x37,
    0xCA, 0xD8, 0xD7, 0xD8, 0xD7, 0xD7, 0xD8, 0xD7, 0xD7, 0xD8, 0xD8, 0xD9, 0xD9, 0xD8, 0xD8, 0xD9,
    0xD7, 0xD8, 0xD9, 0xD9, 0xD9, 0xD8, 0xD8, 0xD8, 0xD7, 0xD8, 0xD6, 0xD8, 0xD9, 0xD8, 0xD8, 0xD9,
    0xD8, 0xD8, 0xDA, 0xD7, 0x35, 0x37, 0x35, 0x2C, 0x2C, 0x2D, 0x2C, 0x2C, 0x2D, 0x2C, 0x2C, 0x2D,
    0x2D, 0x2D, 0x2D, 0x2D, 0x2D, 0x2C, 0x2D, 0x2C, 0x22, 0xD6, 0xD7, 0x1D, 0x2D, 0x29, 0xDB, 0xDA,
    0xDA, 0xDA, 0xDA, 0x2C, 0x2C, 0x6A, 0xD7, 0xD8, 0x2D, 0x2D, 0x2D, 0x2C, 0x2D, 0x2D, 0x2C, 0x2C,
    0x2C, 0x2C, 0x2D, 0x2D, 0x2C, 0x2C, 0x2C, 0x2D, 0x2C, 0x2C, 0x2D, 0x2C, 0x2C, 0x2D, 0x2C, 0x2C,
    0x2C, 0x2C, 0x2C, 0x2C, 0x2D, 0x2C, 0x2E, 0x2E, 0x2D, 0x2C, 0x2E, 0x2E, 0x2D, 0x2C, 0x2C, 0x2D,
    0x2C, 0x2C, 0x2C, 0x2C, 0x2C, 0x2C, 0x2C, 0x2D, 0x2E, 0x2D, 0x2C, 0x2D, 0x2C, 0x2C, 0x2D, 0x2C,
    0x2C, 0x2C, 0x2C, 0x2C, 0x2C, 0x2C, 0x2C, 0x2C, 0x2C, 0x2D, 0x2C, 0x2C, 0x2D, 0x2C, 0x2C, 0x2C,
    0x2C, 0x2C, 0x2C, 0x2C, 0x2E, 0x2C, 0x2C, 0x2C, 0x2C, 0x2C, 0x2C, 0x2D, 0x2D, 0x2E, 0x2C, 0x2C,
    0x2B, 0x36, 0xDB, 0xDB, 0x25, 0x2E, 0x2D, 0x2D, 0x2A, 0xD1, 0xD9, 0xDD, 0x33, 0x30, 0x98, 0xDB,
    0xDB, 0xD9, 0xD9, 0xD7, 0xD9, 0xD8, 0xD9, 0xD9, 0xD9, 0xD9, 0xD9, 0xD8, 0xDA, 0xD9, 0xD9, 0xD9,
    0xDA, 0xD8, 0xD8, 0xD8, 0xD9, 0xD9, 0xD8, 0xD9, 0xD8, 0xD9, 0xDB, 0xDA, 0xDB, 0x28, 0x2D, 0x25,
    0xDA, 0xD8, 0xD8, 0xD9, 0xDB, 0x33, 0x2D, 0x2E, 0x30, 0x30, 0xD7, 0xD5, 0x95, 0x2A, 0x2B, 0x2B,
    0x2C, 0x2D, 0x2D, 0x2D, 0x2E, 0x2C, 0x2C, 0x2D, 0x2C, 0x2C, 0x2C, 0x2D, 0x2C, 0x2C, 0x2C, 0x2C,
    0x2D, 0x2C, 0x2C, 0x2C, 0x2D, 0x2C, 0x2D, 0x2E, 0x2C, 0x2C, 0x2B, 0x2C, 0x2C, 0x2F, 0x2F, 0x2C,
    0xCB, 0xD8, 0xD7, 0xD5, 0xD8, 0xD8, 0xD7, 0xD8, 0xD7, 0xD7, 0xD7, 0xD8, 0xD8, 0xD8, 0xD8, 0xD8,
    0xD8, 0xD8, 0xD8, 0xD8, 0xD8, 0xD8, 0xD8, 0xD7, 0xD8, 0xD7, 0xD7, 0xD8, 0xD8, 0xD8, 0xD6, 0xD8,
    0xD6, 0xD8, 0xD7, 0xD7, 0x26, 0x2C, 0x2B, 0x2B, 0x2C, 0x2B, 0x2C, 0x2D, 0x2C, 0x2C, 0x2D, 0x2C,
    0x2C, 0x2D, 0x2C, 0x2C, 0x2D, 0x2C, 0x2B, 0x2C, 0x24, 0xD7, 0xD8, 0x20, 0x2C, 0x29, 0xDA, 0xDB,
    0xD9, 0xDB, 0xDA, 0xA9, 0xA5, 0x6F, 0x46, 0x44, 0x9D, 0x9D, 0x8C, 0x2D, 0x2D, 0x2D, 0x2C, 0x2C,
    0x2C, 0x2D, 0x2D, 0x2F, 0x2C, 0x2D, 0x2D, 0x2C, 0x2D, 0x2C, 0x2C, 0x2C, 0x2C, 0x2C, 0x2C, 0x2C,
    0x2C, 0x2C, 0x2C, 0x2D, 0x2D, 0x2C, 0x2D, 0x2D, 0x2C, 0x2D, 0x2C, 0x2C, 0x2C, 0x2D, 0x2C, 0x2C,
    0x2C, 0x2D, 0x2C, 0x2C, 0x2B, 0x2C, 0x2C, 0x2C, 0x2D, 0x2D, 0x2E, 0x2D, 0x2D, 0x2C, 0x2C, 0x2C,
    0x2C, 0x2C, 0x2C, 0x2C, 0x2C, 0x2C, 0x2C, 0x2D, 0x2C, 0x2C, 0x2D, 0x2D, 0x2D, 0x2D, 0x2C, 0x2C,
    0x2D, 0x2C, 0x2D, 0x2C, 0x2C, 0x2C, 0x2C, 0x2C, 0x2F, 0x2C, 0x2D, 0x2D, 0x2D, 0x2D, 0x2D, 0x2D,
    0x2C, 0x33, 0xDA, 0xDA, 0x25, 0x2F, 0x28, 0x90, 0x92, 0xCF, 0xD9, 0xDC, 0xAE, 0xA9, 0xC6, 0xDB,
    0xDC, 0xDA, 0xD8, 0xD8, 0xD9, 0xDA, 0xD9, 0xD9, 0xD8, 0xD9, 0xD9, 0xD9, 0xD9, 0xD8, 0xD8, 0xD9,
    0xDA, 0xD8, 0xD8, 0xDA, 0xD8, 0xD8, 0xD9, 0xD9, 0xDA, 0xDA, 0xD9, 0xD9, 0xD8, 0x97, 0x95, 0x9D,
    0xD8, 0xD6, 0xD6, 0xD9, 0xDD, 0xA0, 0xA0, 0x37, 0x2E, 0x29, 0x4C, 0x4F, 0x6A, 0x90, 0x8C, 0x2C,
    0x2C, 0x2D, 0x2C, 0x2D, 0x2D, 0x2D, 0x2D, 0x2D, 0x2D, 0x2C, 0x2E, 0x2C, 0x2C, 0x2C, 0x2C, 0x2C,
    0x2C, 0x2C, 0x2C, 0x2C, 0x2D, 0x2D, 0x2B, 0x2D, 0x2C, 0x2B, 0x2D, 0x2C, 0x2B, 0x2D, 0x2D, 0x2B,
    0x44, 0x45, 0x47, 0x46, 0x46, 0x46, 0x46, 0x46, 0x46, 0x46, 0x46, 0x46, 0x44, 0x46, 0x45, 0x47,
    0x45, 0x46, 0x45, 0x46, 0x45, 0x45, 0x46, 0x47, 0x47, 0x47, 0x47, 0x46, 0x46, 0x46, 0x46, 0x44,
    0x45, 0x46, 0x47, 0x43, 0x28, 0x2A, 0x2C, 0x2B, 0x2A, 0x2C, 0x2C, 0x2D, 0x2E, 0x2D, 0x2E, 0x2D,
    0x2C, 0x2D, 0x2D, 0x2D, 0x2C, 0x2D, 0xA4, 0xA4, 0xA2, 0x4A, 0x4A, 0xAF, 0xA1, 0xA2, 0xDA, 0xDC,
    0xD8, 0xD8, 0xD8, 0xD9, 0xDB, 0x7C, 0x2D, 0x2C, 0xD6, 0xD7, 0xBD, 0x2C, 0x2C, 0x2C, 0x2C, 0x2C,
    0x2C, 0x2C, 0x2C, 0x2C, 0x2D, 0x2C, 0x2C, 0x2C, 0x2C, 0x2C, 0x2C, 0x2C, 0x2D, 0x2D, 0x2C, 0x2C,
    0x2C, 0x2C, 0x2C, 0x2C, 0x2C, 0x2B, 0x2B, 0x2B, 0x2C, 0x2C, 0x2C, 0x2C, 0x2D, 0x2C, 0x2C, 0x2C,
    0x2C, 0x2D, 0x2C, 0x2C, 0x2C, 0x2C, 0x2C, 0x2C, 0x2C, 0x2C, 0x2B, 0x2B, 0x2C, 0x2B, 0x2D, 0x2C,
    0x2D, 0x2C, 0x2C, 0x2D, 0x2B, 0x2B, 0x2B, 0x2B, 0x2C, 0x2C, 0x2C, 0x2D, 0x2B, 0x2C, 0x2C, 0x2C,
    0x2C, 0x2C, 0x2C, 0x2C, 0x2C, 0x2C, 0x2C, 0x2C, 0x2C, 0x2B, 0x2D, 0x2C, 0x2C, 0x2C, 0x2B, 0x2C,
    0x2C, 0x2F, 0xD6, 0xD7, 0x25, 0x2F, 0x27, 0xDA, 0xD7, 0xD6, 0xD7, 0xDA, 0xDA, 0xD7, 0xD8, 0xD9,
    0xD7, 0xD9, 0xDB, 0xD8, 0xD9, 0xD9, 0xD9, 0xD9, 0xD9, 0xD9, 0xD9, 0xD9, 0xD9, 0xD9, 0xD8, 0xD8,
    0xD9, 0xD9, 0xD8, 0xD9, 0xD8, 0xDA, 0xD8, 0xD9, 0xD9, 0xD9, 0xD9, 0xD9, 0xD5, 0xD6, 0xD8, 0xD6,
    0xD9, 0xD9, 0xD8, 0xDA, 0xD9, 0xDA, 0xDB, 0x39, 0x2D, 0x2E, 0x2B, 0x2C, 0x5F, 0xDB, 0xDA, 0x2E,
    0x2D, 0x2C, 0x2C, 0x2C, 0x2C, 0x2C, 0x2C, 0x2D, 0x2C, 0x2C, 0x2C, 0x2C, 0x2C, 0x2C, 0x2C, 0x2D,
    0x2D, 0x2C, 0x2C, 0x2C, 0x2C, 0x2C, 0x2C, 0x2C, 0x2C, 0x2A, 0x2C, 0x2A, 0x2D, 0x2D, 0x2B, 0x2A,
    0x2C, 0x2C, 0x2C, 0x2B, 0x2C, 0x2C, 0x2C, 0x2C, 0x2C, 0x2C, 0x2B, 0x2B, 0x2C, 0x2C, 0x2B, 0x2C,
    0x2C, 0x2B, 0x2C, 0x2C, 0x2C, 0x2B, 0x2C, 0x2C, 0x2C, 0x2B, 0x2C, 0x2B, 0x2B, 0x2C, 0x2B, 0x2C,
    0x2C, 0x2C, 0x2D, 0x2B, 0x2C, 0x2C, 0x2B, 0x2C, 0x2C, 0x2C, 0x2C, 0x2C, 0x2C, 0x2C, 0x2C, 0x2C,
    0x2C, 0x2C, 0x2C, 0x2C, 0x2D, 0x2C, 0xDE, 0xD9, 0xE1, 0x29, 0x2A, 0xE1, 0xD8, 0xD9, 0xDA, 0xD6,
    0xD9, 0xD8, 0xD9, 0x22, 0x1F, 0x6C, 0xE0, 0xDE, 0x25, 0x24, 0x25, 0x2B, 0x2B, 0x2C, 0x2C, 0x2C,
    0x2C, 0x2C, 0x2C, 0x2C, 0x2C, 0x2C, 0x2C, 0x2C, 0x2C, 0x2C, 0x2C, 0x2C, 0x2C, 0x2C, 0x2C, 0x2C,
    0x2C, 0x2C, 0x2C, 0x2C, 0x2C, 0x2C, 0x2D, 0x2C, 0x2C, 0x2C, 0x2C, 0x2C, 0x2C, 0x2D, 0x2C, 0x2C,
    0x2C, 0x2D, 0x2C, 0x2D, 0x2C, 0x2D, 0x2D, 0x2C, 0x2C, 0x2C, 0x2C, 0x2C, 0x2B, 0x2C, 0x2C, 0x2B,
    0x2B, 0x2C, 0x2C, 0x2C, 0x2C, 0x2D, 0x2B, 0x2C, 0x2C, 0x2D, 0x2C, 0x2D, 0x2D, 0x2C, 0x2C, 0x2C,
    0x2C, 0x2C, 0x2D, 0x2C, 0x2C, 0x2C, 0x2C, 0x2C, 0x2C, 0x2C, 0x2C, 0x2C, 0x2D, 0x2C, 0x2A, 0xDD,
    0xDD, 0xD8, 0x1E, 0x1D, 0xEB, 0xE4, 0xE5, 0xD9, 0xD9, 0xD4, 0xD8, 0xD8, 0xD9, 0xD8, 0xD8, 0xD8,
    0xDA, 0xDB, 0xDA, 0xDA, 0xD9, 0xD9, 0xD9, 0xD9, 0xD9, 0xD9, 0xD9, 0xD9, 0xD8, 0xD8, 0xD9, 0xD8,
    0xD8, 0xD9, 0xD8, 0xDC, 0xDA, 0xD9, 0xDA, 0xD9, 0xD9, 0xD8, 0xD9, 0xD9, 0xD9, 0xD9, 0xD8, 0xD9,
    0xD8, 0xD9, 0xD9, 0xD8, 0xDB, 0xDB, 0xD8, 0xDC, 0xDF, 0xDD, 0x2B, 0x2C, 0x60, 0xDD, 0xDC, 0x2C,
    0x2D, 0x2C, 0x2D, 0x2D, 0x2D, 0x2D, 0x2D, 0x2D, 0x2C, 0x2C, 0x2C, 0x2C, 0x2C, 0x2C, 0x2C, 0x2C,
    0x2C, 0x2C, 0x2C, 0x2D, 0x2C, 0x2C, 0x2C, 0x2C, 0x2D, 0x2D, 0x2C, 0x2D, 0x2C, 0x2D, 0x2C, 0x2C,
    0x2B, 0x2C, 0x2C, 0x2C, 0x2C, 0x2C, 0x2C, 0x2C, 0x2C, 0x2C, 0x2C, 0x2C, 0x2C, 0x2C, 0x2C, 0x2C,
    0x2B, 0x2C, 0x2B, 0x2C, 0x2C, 0x2D, 0x2B, 0x2D, 0x2C, 0x2C, 0x2C, 0x2B, 0x2C, 0x2C, 0x2B, 0x2B,
    0x2B, 0x2C, 0x2A, 0x2B, 0x2B, 0x2B, 0x2B, 0x2C, 0x2D, 0x2C, 0x2C, 0x2C, 0x2C, 0x2C, 0x2C, 0x2C,
    0x2C, 0x2D, 0x2C, 0x2C, 0x2D, 0x2C, 0x21, 0x25, 0x19, 0xE3, 0xE5, 0x18, 0x22, 0x22, 0xD8, 0xD7,
    0xD9, 0xD9, 0xD8, 0x2E, 0x2C, 0x6C, 0xD6, 0xD6, 0x2D, 0x2D, 0x2D, 0x2B, 0x2B, 0x2B, 0x2B, 0x2C,
    0x2C, 0x2D, 0x2C, 0x2C, 0x2C, 0x2C, 0x2C, 0x2C, 0x2C, 0x2C, 0x2C, 0x2D, 0x2D, 0x2C, 0x2C, 0x2C,
    0x2C, 0x2D, 0x2C, 0x2C, 0x2C, 0x2C, 0x2C, 0x2C, 0x2D, 0x2C, 0x2C, 0x2D, 0x2D, 0x2C, 0x2C, 0x2C,
    0x2C, 0x2C, 0x2C, 0x2D, 0x2C, 0x2D, 0x2D, 0x2C, 0x2C, 0x2C, 0x2B, 0x2A, 0x2C, 0x2C, 0x2C, 0x2C,
    0x2B, 0x2C, 0x2C, 0x2C, 0x2B, 0x2C, 0x2C, 0x2C, 0x2E, 0x2C, 0x2C, 0x2C, 0x2C, 0x2C, 0x2C, 0x2C,
    0x2C, 0x2C, 0x2D, 0x2C, 0x2C, 0x2C, 0x2C, 0x2C, 0x2C, 0x2C, 0x2C, 0x2C, 0x2E, 0x2C, 0x2B, 0xD4,
    0xD3, 0xD1, 0x28, 0x29, 0xDF, 0xDA, 0xDA, 0xDA, 0xDB, 0xD8, 0xD7, 0xD6, 0xD7, 0xD7, 0xD7, 0xD8,
    0xDA, 0xDB, 0xDC, 0xDA, 0xD9, 0xDA, 0xD9, 0xD8, 0xD9, 0xD9, 0xD9, 0xD9, 0xD9, 0xD9, 0xD9, 0xD9,
    0xD9, 0xD7, 0xD9, 0xD9, 0xDA, 0xD9, 0xD9, 0xD9, 0xD8, 0xD9, 0xDA, 0xD9, 0xD9, 0xD9, 0xDA, 0xDB,
    0xD9, 0xD9, 0xD9, 0xDA, 0xD9, 0xD6, 0xD7, 0xD5, 0xD4, 0xD7, 0x31, 0x31, 0x60, 0xD8, 0xD9, 0x2A,
    0x2B, 0x2C, 0x2D, 0x2D, 0x2C, 0x2C, 0x2C, 0x2C, 0x2C, 0x2C, 0x2C, 0x2C, 0x2C, 0x2C, 0x2C, 0x2C,
    0x2C, 0x2E, 0x2D, 0x2D, 0x2C, 0x2C, 0x2B, 0x2C, 0x2C, 0x2C, 0x2C, 0x2D, 0x2C, 0x2C, 0x2D, 0x2A,
    0x2B, 0x2C, 0x2C, 0x2C, 0x2C, 0x2C, 0x2C, 0x2C, 0x2C, 0x2B, 0x2B, 0x2C, 0x2C, 0x2B, 0x2C, 0x2D,
    0x2B, 0x2C, 0x2B, 0x2B, 0x2C, 0x2C, 0x2D, 0x2C, 0x2B, 0x2C, 0x2C, 0x2C, 0x2C, 0x2C, 0x2B, 0x2B,
    0x2C, 0x2C, 0x2B, 0x2B, 0x2B, 0x2B, 0x2C, 0x2C, 0x2C, 0x2C, 0x2C, 0x2C, 0x2C, 0x2C, 0x2C, 0x2C,
    0x2C, 0x2C, 0x2C, 0x2C, 0x2D, 0x2D, 0x2B, 0x2C, 0x22, 0xDB, 0xD9, 0x22, 0x2C, 0x29, 0xD9, 0xD8,
    0xD9, 0xD8, 0xD9, 0xDA, 0xD9, 0x7C, 0x2E, 0x2D, 0xDA, 0xD8, 0xB9, 0x2B, 0x2B, 0x2B, 0x2B, 0x2B,
    0x2C, 0x2C, 0x2D, 0x2C, 0x2D, 0x2C, 0x2C, 0x2C, 0x2C, 0x2C, 0x2D, 0x2C, 0x2C, 0x2D, 0x2D, 0x2C,
    0x2C, 0x2C, 0x2D, 0x2C, 0x2D, 0x2C, 0x2C, 0x2C, 0x2C, 0x2C, 0x2C, 0x2C, 0x2C, 0x2C, 0x2C, 0x2C,
    0x2C, 0x2C, 0x2D, 0x2D, 0x2C, 0x2C, 0x2D, 0x2C, 0x2B, 0x2C, 0x2D, 0x2A, 0x2A, 0x2B, 0x2C, 0x2B,
    0x2C, 0x2B, 0x2C, 0x2C, 0x2B, 0x2B, 0x2C, 0x2C, 0x2C, 0x2C, 0x2C, 0x2C, 0x2C, 0x2C, 0x2C, 0x2C,
    0x2C, 0x2C, 0x2C, 0x2C, 0x2D, 0x2C, 0x2D, 0x2C, 0x2D, 0x2D, 0x2C, 0x2C, 0x2C, 0x2B, 0x2E, 0xD7,
    0xD4, 0xD2, 0x29, 0x29, 0xDA, 0xD6, 0xD8, 0xDB, 0xD9, 0xDB, 0xD8, 0xD6, 0xD5, 0xDA, 0xD8, 0xD9,
    0xD8, 0x35, 0x32, 0x4B, 0xD8, 0xD9, 0xD9, 0xD9, 0xD9, 0xD9, 0xD9, 0xD9, 0xD9, 0xDA, 0xD9, 0xD8,
    0xD9, 0xD8, 0xD8, 0xD7, 0xD9, 0xD9, 0xD8, 0xD7, 0xD5, 0xD6, 0xD9, 0xD9, 0xD9, 0xD9, 0xD9, 0xD9,
    0xD9, 0xD9, 0xD9, 0xD8, 0xD7, 0xD8, 0xD8, 0xD6, 0xD5, 0xDC, 0xDB, 0xDC, 0xB2, 0x2E, 0x2B, 0xD5,
    0xD4, 0xD1, 0x2D, 0x2C, 0x2C, 0x2C, 0x2C, 0x2B, 0x2C, 0x2C, 0x2C, 0x2C, 0x2C, 0x2C, 0x2C, 0x2C,
    0x2C, 0x2C, 0x2D, 0x2C, 0x2C, 0x2C, 0x2B, 0x2C, 0x2C, 0x2C, 0x2D, 0x2C, 0x2C, 0x2C, 0x2C, 0x2C,
    0x2B, 0x2C, 0x2C, 0x2B, 0x2B, 0x2C, 0x2C, 0x2C, 0x2C, 0x2D, 0x2B, 0x2B, 0x2B, 0x2B, 0x2C, 0x2C,
    0x2C, 0x2C, 0x2C, 0x2D, 0x2C, 0x2C, 0x2C, 0x2C, 0x2C, 0x2A, 0x2B, 0x2B, 0x2D, 0x2B, 0x2C, 0x2C,
    0x2B, 0x2B, 0x2B, 0x2B, 0x2C, 0x2C, 0x2C, 0x2C, 0x2D, 0x2C, 0x2C, 0x2C, 0x2D, 0x2C, 0x2C, 0x2C,
    0x2D, 0x2C, 0x2C, 0x2C, 0x2C, 0x2D, 0xDD, 0xD9, 0xE0, 0x2A, 0x2B, 0xE1, 0xDB, 0xDB, 0xD9, 0xD8,
    0xD9, 0xD9, 0xDA, 0xD8, 0xD8, 0x7D, 0x2D, 0x2E, 0xD8, 0xD9, 0xB7, 0x2B, 0x2B, 0x2B, 0x2B, 0x2A,
    0x2B, 0x2C, 0x2C, 0x2D, 0x2B, 0x2B, 0x2D, 0x2C, 0x2C, 0x2C, 0x2C, 0x2C, 0x2C, 0x2C, 0x2C, 0x2C,
    0x2D, 0x2C, 0x2C, 0x2C, 0x2C, 0x2C, 0x2D, 0x2C, 0x2C, 0x2C, 0x2C, 0x2C, 0x2C, 0x2C, 0x2C, 0x2C,
    0x2C, 0x2C, 0x2C, 0x2D, 0x2C, 0x2C, 0x2C, 0x2C, 0x2C, 0x2C, 0x2B, 0x2B, 0x2B, 0x2D, 0x2A, 0x2B,
    0x2C, 0x2C, 0x2C, 0x2C, 0x2C, 0x2C, 0x2C, 0x2B, 0x2C, 0x2C, 0x2C, 0x2C, 0x2C, 0x2C, 0x2C, 0x2C,
    0x2C, 0x2C, 0x2C, 0x2C, 0x2C, 0x2D, 0x2C, 0x2C, 0x2C, 0x2C, 0x2C, 0x2C, 0x2B, 0x2B, 0x2E, 0xDB,
    0xDB, 0xD2, 0x2A, 0x28, 0xDC, 0xD6, 0xD7, 0xD9, 0xDC, 0xDB, 0xD7, 0xD9, 0xDA, 0xDB, 0xD9, 0xD9,
    0xD8, 0x30, 0x29, 0x45, 0xD8, 0xD8, 0xD8, 0xD9, 0xD9, 0xD9, 0xDA, 0xDA, 0xDA, 0xDA, 0xD9, 0xD9,
    0xD9, 0xD8, 0xD8, 0xD9, 0xD8, 0xD8, 0xD8, 0xD9, 0xD8, 0xD6, 0xD8, 0xD8, 0xDA, 0xDA, 0xD9, 0xDA,
    0xD9, 0xD9, 0xD9, 0xDB, 0xD7, 0xD8, 0xD7, 0xD8, 0xDA, 0xD9, 0xD8, 0xD7, 0xA8, 0x2D, 0x2C, 0xDA,
    0xD6, 0xCF, 0x2C, 0x2D, 0x2C, 0x2C, 0x2C, 0x2C, 0x2C, 0x2B, 0x2C, 0x2C, 0x2C, 0x2C, 0x2C, 0x2C,
    0x2C, 0x2C, 0x2B, 0x2C, 0x2C, 0x2C, 0x2C, 0x2B, 0x2C, 0x2C, 0x2C, 0x2C, 0x2C, 0x2C, 0x2C, 0x2C,
    0x2C, 0x2D, 0x2D, 0x2C, 0x2B, 0x2B, 0x2B, 0x2B, 0x2B, 0x2C, 0x2B, 0x2C, 0x2C, 0x2B, 0x2D, 0x2C,
    0x2B, 0x2C, 0x2A, 0x2D, 0x2C, 0x2D, 0x2D, 0x2C, 0x2D, 0x2C, 0x2C, 0x2C, 0x2B, 0x2A, 0x2A, 0x2C,
    0x2C, 0x2A, 0x2C, 0x2C, 0x2B, 0x2C, 0x2C, 0x2B, 0x2C, 0x2C, 0x2C, 0x2C, 0x2C, 0x2C, 0x2C, 0x2C,
    0x2C, 0x2C, 0x2C, 0x2D, 0x2B, 0x2C, 0xDE, 0xD8, 0xE2, 0x2A, 0x28, 0xE0, 0xD9, 0xDB, 0xD9, 0xD9,
    0xD9, 0xD9, 0xD6, 0x2C, 0x2C, 0x62, 0xDC, 0xDC, 0x2D, 0x2B, 0x2A, 0x2B, 0x2B, 0x2B, 0x2C, 0x2B,
    0x2C, 0x2C, 0x2B, 0x2D, 0x2B, 0x2C, 0x2D, 0x2D, 0x2C, 0x2C, 0x2C, 0x2C, 0x2C, 0x2C, 0x2C, 0x2D,
    0x2C, 0x2C, 0x2C, 0x2D, 0x2C, 0x2C, 0x2D, 0x2C, 0x2D, 0x2C, 0x2C, 0x2C, 0x2C, 0x2C, 0x2C, 0x2C,
    0x2C, 0x2C, 0x2C, 0x2C, 0x2C, 0x2C, 0x2C, 0x2D, 0x2D, 0x2C, 0x2C, 0x2C, 0x2E, 0x2D, 0x2C, 0x2C,
    0x2C, 0x2C, 0x2C, 0x2D, 0x2B, 0x2D, 0x2B, 0x2A, 0x2D, 0x2C, 0x2D, 0x2C, 0x2C, 0x2B, 0x2C, 0x2C,
    0x2C, 0x2D, 0x2C, 0x2D, 0x2D, 0x2C, 0x2C, 0x2D, 0x2C, 0x2C, 0x2D, 0x2B, 0x57, 0xDD, 0xE0, 0xDA,
    0xD9, 0xDB, 0x2F, 0x2B, 0xE0, 0xD6, 0xD6, 0xD8, 0xD8, 0x2D, 0x2F, 0x2F, 0xD8, 0xDB, 0xDA, 0xDA,
    0xDB, 0x2B, 0x2B, 0x41, 0xD9, 0xD9, 0xD9, 0xDA, 0xD8, 0xD9, 0xD9, 0xD9, 0xD9, 0xDA, 0xD9, 0xD9,
    0xD8, 0xD8, 0xD8, 0x2D, 0x31, 0x8C, 0xD9, 0xD9, 0xD9, 0xD9, 0xD8, 0xD8, 0xD6, 0x20, 0x2C, 0x29,
    0xD9, 0xD9, 0xD9, 0xD8, 0xD9, 0xD8, 0xD9, 0x47, 0x32, 0x34, 0xD8, 0xD7, 0xA9, 0x2E, 0x2C, 0xD7,
    0xD7, 0xD7, 0x2C, 0x2D, 0x2D, 0x2D, 0x2C, 0x2C, 0x2C, 0x2D, 0x2C, 0x2D, 0x2C, 0x2C, 0x2C, 0x2C,
    0x2C, 0x2C, 0x2C, 0x2C, 0x2B, 0x2B, 0x2C, 0x2B, 0x2C, 0x2C, 0x2C, 0x2C, 0x2C, 0x2D, 0x2C, 0x2C,
    0x2C, 0x2C, 0x2C, 0x2C, 0x2C, 0x2C, 0x2C, 0x2C, 0x2C, 0x2C, 0x2C, 0x2C, 0x2D, 0x2C, 0x2C, 0x2C,
    0x2C, 0x2C, 0x2B, 0x2C, 0x2C, 0x2C, 0x2C, 0x2C, 0x2C, 0x2C, 0x2B, 0x2B, 0x2B, 0x2B, 0x2B, 0x2A,
    0x2B, 0x2C, 0x2D, 0x2C, 0x2C, 0x2C, 0x2C, 0x2C, 0x2C, 0x2C, 0x2C, 0x2C, 0x2C, 0x2C, 0x2D, 0x2C,
    0x2C, 0x2C, 0x2C, 0x2D, 0x2B, 0x2D, 0x2C, 0x29, 0x21, 0xDD, 0xDA, 0x1D, 0x2C, 0x28, 0xD9, 0xDA,
    0xD7, 0xD9, 0xD8, 0x2E, 0x2C, 0x68, 0xDB, 0xD8, 0x2C, 0x2C, 0x2C, 0x2B, 0x2B, 0x2B, 0x2B, 0x2B,
    0x2C, 0x2C, 0x2D, 0x2D, 0x2C, 0x2D, 0x2D, 0x2C, 0x2C, 0x2C, 0x2C, 0x2B, 0x2C, 0x2C, 0x2D, 0x2C,
    0x2C, 0x2B, 0x2C, 0x2D, 0x2D, 0x2C, 0x2C, 0x2C, 0x2C, 0x2C, 0x2D, 0x2C, 0x2C, 0x2C, 0x2C, 0x2C,
    0x2C, 0x2C, 0x2B, 0x2C, 0x2D, 0x2C, 0x2C, 0x2C, 0x2C, 0x2D, 0x2C, 0x2C, 0x2C, 0x2C, 0x2C, 0x2C,
    0x2D, 0x2C, 0x2C, 0x2C, 0x2C, 0x2C, 0x2B, 0x2C, 0x2C, 0x2C, 0x2B, 0x2D, 0x2D, 0x2C, 0x2C, 0x2C,
    0x2C, 0x2C, 0x2C, 0x2E, 0x2C, 0x2E, 0x2C, 0x2B, 0x2C, 0x2B, 0x2D, 0x28, 0x53, 0xD6, 0xDA, 0xDB,
    0xD8, 0xDB, 0x32, 0x32, 0xE1, 0xD4, 0xD7, 0xD4, 0xDB, 0x2C, 0x32, 0x2D, 0xD5, 0xD9, 0xDB, 0xDA,
    0xDB, 0x33, 0x2A, 0x3F, 0xDB, 0xD9, 0xD8, 0xD9, 0xD9, 0xD8, 0xD8, 0xD9, 0xDA, 0xD8, 0xD9, 0xD8,
    0xD8, 0xDB, 0xDB, 0x26, 0x2B, 0x86, 0xD9, 0xD9, 0xD9, 0xD8, 0xD9, 0xD6, 0xD7, 0x1A, 0x26, 0x20,
    0xD7, 0xD9, 0xD9, 0xDD, 0xDC, 0xDB, 0xD9, 0x41, 0x30, 0x30, 0xD8, 0xD9, 0xA6, 0x29, 0x2D, 0xDC,
    0xD9, 0xDB, 0x30, 0x2E, 0x2C, 0x2B, 0x2C, 0x2D, 0x2C, 0x2C, 0x2D, 0x2C, 0x2C, 0x2C, 0x2C, 0x2C,
    0x2C, 0x2C, 0x2C, 0x2C, 0x2B, 0x2C, 0x2B, 0x2C, 0x2D, 0x2D, 0x2C, 0x2C, 0x2C, 0x2C, 0x2C, 0x2C,
    0x2C, 0x2C, 0x2C, 0x2C, 0x2C, 0x2D, 0x2B, 0x2C, 0x2C, 0x2C, 0x2C, 0x2C, 0x2C, 0x2C, 0x2C, 0x2D,
    0x2B, 0x2B, 0x2B, 0x2B, 0x2C, 0x2C, 0x2C, 0x2C, 0x2C, 0x2B, 0x2A, 0x2C, 0x2A, 0x2A, 0x2C, 0x2B,
    0x2B, 0x2B, 0x2C, 0x2C, 0x2C, 0x2C, 0x2C, 0x2C, 0x2C, 0x2C, 0x2E, 0x2C, 0x2C, 0x2C, 0x2C, 0x2D,
    0x2C, 0x2C, 0x2C, 0x2D, 0x2B, 0x2D, 0x2B, 0x2B, 0x22, 0xD7, 0xD7, 0x20, 0x2D, 0x27, 0xDA, 0xD8,
    0xDA, 0xD9, 0xD8, 0xD8, 0xDA, 0x72, 0x2F, 0x2A, 0xD9, 0xD7, 0xB4, 0x2C, 0x2B, 0x2B, 0x2C, 0x2B,
    0x2E, 0x2D, 0x2E, 0x2D, 0x2D, 0x2C, 0x2E, 0x2C, 0x2C, 0x2C, 0x2C, 0x2C, 0x2C, 0x2C, 0x2C, 0x2B,
    0x2D, 0x2B, 0x2D, 0x2A, 0x2C, 0x2C, 0x2B, 0x2B, 0x2C, 0x2D, 0x2C, 0x2C, 0x2C, 0x2C, 0x2C, 0x2C,
    0x2C, 0x2B, 0x2C, 0x2B, 0x2B, 0x2C, 0x2C, 0x2D, 0x2C, 0x2C, 0x2C, 0x2D, 0x2C, 0x2C, 0x2C, 0x2D,
    0x2C, 0x2C, 0x2C, 0x2C, 0x2C, 0x2C, 0x2D, 0x2C, 0x2A, 0x2C, 0x2C, 0x2C, 0x2C, 0x2D, 0x2C, 0x2C,
    0x2D, 0x2C, 0x2C, 0x2C, 0x2C, 0x2C, 0x2B, 0x2B, 0x2D, 0x2A, 0xD4, 0xD5, 0xA1, 0x2D, 0x2F, 0x2F,
    0x2F, 0x31, 0xD6, 0xD8, 0x23, 0x29, 0x1C, 0xD6, 0xD8, 0xD7, 0xD7, 0xD9, 0x34, 0x33, 0x31, 0x32,
    0x2D, 0xD6, 0xD8, 0xBD, 0x36, 0x30, 0xD9, 0xD7, 0xD7, 0xD8, 0xD8, 0xD9, 0xD8, 0xD9, 0xD9, 0xD7,
    0x3B, 0x36, 0x33, 0x2A, 0x29, 0x7F, 0xD7, 0xD7, 0xDA, 0xD8, 0xCE, 0x2E, 0x2C, 0xDA, 0xD8, 0xD9,
    0xD9, 0xD9, 0xDA, 0xD8, 0xDE, 0x36, 0x31, 0x9D, 0xD7, 0xD7, 0x2C, 0x2C, 0x2C, 0x2C, 0x2F, 0x30,
    0x2F, 0x2D, 0xDF, 0xDA, 0x26, 0x2C, 0x2C, 0x2D, 0x2D, 0x2C, 0x2D, 0x2D, 0x2C, 0x2D, 0x2C, 0x2C,
    0x2C, 0x2C, 0x2C, 0x2C, 0x2D, 0x2D, 0x2B, 0x2D, 0x2D, 0x2D, 0x2D, 0x2C, 0x2C, 0x2C, 0x2C, 0x2C,
    0x2C, 0x2C, 0x2C, 0x2C, 0x2D, 0x2C, 0x2C, 0x2C, 0x2D, 0x2C, 0x2D, 0x2D, 0x2D, 0x2C, 0x2D, 0x2B,
    0x2B, 0x2B, 0x2B, 0x2B, 0x2C, 0x2C, 0x2C, 0x2C, 0x2B, 0x2B, 0x2C, 0x2B, 0x2B, 0x2B, 0x2C, 0x2C,
    0x2C, 0x2B, 0x2C, 0x2C, 0x2C, 0x2C, 0x2C, 0x2C, 0x2C, 0x2C, 0x2C, 0x2D, 0x2D, 0x2C, 0x2C, 0x2D,
    0x2D, 0x2B, 0x2C, 0x2E, 0x2C, 0x2B, 0xDF, 0xD9, 0xE0, 0x2A, 0x28, 0xDE, 0xD9, 0xD9, 0xD9, 0xD8,
    0xD9, 0xD8, 0xD7, 0xD9, 0xD9, 0x6E, 0x2B, 0x2C, 0xD8, 0xD7, 0xAF, 0x2C, 0x2B, 0x2B, 0x2B, 0x2A,
    0x2C, 0x2C, 0x2C, 0x2E, 0x2D, 0x2D, 0x2D, 0x2C, 0x2C, 0x2C, 0x2C, 0x2C, 0x2C, 0x2C, 0x2B, 0x2C,
    0x2B, 0x2C, 0x2C, 0x2C, 0x2A, 0x2B, 0x2B, 0x2B, 0x2B, 0x2C, 0x2D, 0x2C, 0x2C, 0x2C, 0x2C, 0x2C,
    0x2C, 0x2C, 0x2C, 0x2B, 0x2C, 0x2C, 0x2C, 0x2C, 0x2C, 0x2C, 0x2C, 0x2C, 0x2C, 0x2D, 0x2C, 0x2D,
    0x2C, 0x2C, 0x2C, 0x2C, 0x2C, 0x2C, 0x2B, 0x2C, 0x2A, 0x2B, 0x2B, 0x2C, 0x2B, 0x2C, 0x2B, 0x2C,
    0x2C, 0x2C, 0x2C, 0x2E, 0x2A, 0x2B, 0x2C, 0x2D, 0x2E, 0x29, 0xD6, 0xD4, 0x99, 0x2D, 0x2B, 0x2D,
    0x30, 0x32, 0xD6, 0xD8, 0x27, 0x35, 0x26, 0xD7, 0xD6, 0xD5, 0xD7, 0xDA, 0x35, 0x32, 0x2F, 0x2A,
    0x26, 0xD9, 0xD8, 0xBA, 0x2F, 0x27, 0xDC, 0xD8, 0xD7, 0xD8, 0xD8, 0xD6, 0xD7, 0xD7, 0xD8, 0xD7,
    0x36, 0x30, 0x2F, 0x31, 0x2E, 0x82, 0xD7, 0xD8, 0xD7, 0xD7, 0xC8, 0x32, 0x32, 0xDD, 0xD8, 0xD8,
    0xD7, 0xD8, 0xD8, 0xD8, 0xDB, 0x2D, 0x2B, 0xA9, 0xD8, 0xD7, 0x2A, 0x2D, 0x2C, 0x2E, 0x30, 0x31,
    0x2D, 0x2B, 0xD7, 0xD7, 0x20, 0x2C, 0x2C, 0x2D, 0x2C, 0x2D, 0x2D, 0x2D, 0x2D, 0x2C, 0x2C, 0x2C,
    0x2D, 0x2C, 0x2C, 0x2C, 0x2D, 0x2B, 0x2D, 0x2C, 0x2C, 0x2C, 0x2C, 0x2D, 0x2C, 0x2D, 0x2C, 0x2C,
    0x2C, 0x2D, 0x2D, 0x2C, 0x2D, 0x2C, 0x2C, 0x2D, 0x2C, 0x2C, 0x2D, 0x2C, 0x2C, 0x2B, 0x2C, 0x2B,
    0x2B, 0x2B, 0x2B, 0x2C, 0x2C, 0x2C, 0x2D, 0x2C, 0x2B, 0x2B, 0x2B, 0x2B, 0x2B, 0x2B, 0x2B, 0x2C,
    0x2C, 0x2C, 0x2C, 0x2D, 0x2C, 0x2C, 0x2C, 0x2C, 0x2C, 0x2C, 0x2B, 0x2C, 0x2D, 0x2C, 0x2B, 0x2C,
    0x2B, 0x2C, 0x2C, 0x2B, 0x2D, 0x2C, 0xE0, 0xDB, 0xE2, 0x2C, 0x28, 0xE2, 0xD8, 0xDB, 0xD8, 0xD9,
    0xD8, 0xD9, 0xD7, 0x2E, 0x2E, 0x7E, 0xD7, 0xD6, 0x2D, 0x2D, 0x2B, 0x2C, 0x2C, 0x2C, 0x2D, 0x2D,
    0x2B, 0x2D, 0x2D, 0x2D, 0x2D, 0x2D, 0x2C, 0x2C, 0x2D, 0x2C, 0x2C, 0x2D, 0x2C, 0x2D, 0x2C, 0x2C,
    0x2B, 0x2C, 0x2B, 0x2D, 0x2C, 0x2C, 0x2C, 0x2C, 0x2C, 0x2B, 0x2B, 0x2C, 0x2C, 0x2B, 0x2B, 0x2C,
    0x2C, 0x2D, 0x2C, 0x2C, 0x2C, 0x2C, 0x2C, 0x2C, 0x2C, 0x2C, 0x2C, 0x2D, 0x2D, 0x2D, 0x2C, 0x2C,
    0x2C, 0x2C, 0x2C, 0x2D, 0x2D, 0x2C, 0x29, 0x2B, 0x2B, 0x2B, 0x2B, 0x2B, 0x2B, 0x2D, 0x2C, 0x2C,
    0x2C, 0x2C, 0x2C, 0x2C, 0x2C, 0x2C, 0x2B, 0xBE, 0xD8, 0xDA, 0x2E, 0x2C, 0x54, 0xD3, 0xD4, 0xD6,
    0xD8, 0xDB, 0x32, 0x33, 0xE7, 0xDC, 0xD9, 0xD7, 0xD5, 0x1F, 0x29, 0x27, 0xD8, 0xD9, 0xD8, 0xD9,
    0xD9, 0xD9, 0xD8, 0xD8, 0xD7, 0xD8, 0x1E, 0x2A, 0x2F, 0x32, 0x34, 0x33, 0x2F, 0x2A, 0x2E, 0x2C,
    0xCA, 0xD8, 0xD9, 0xD9, 0xD9, 0x78, 0x31, 0x2B, 0x2A, 0x2E, 0x31, 0x33, 0x35, 0xE2, 0xDA, 0xDA,
    0xD8, 0xD8, 0xD9, 0xD8, 0xDC, 0x31, 0x2C, 0xA4, 0xD8, 0xD8, 0xD7, 0xD7, 0xD7, 0xDB, 0xDB, 0x30,
    0x30, 0x32, 0x2D, 0x27, 0xDA, 0xD6, 0xDB, 0x2A, 0x2D, 0x2F, 0x2C, 0x2D, 0x2C, 0x2B, 0x2C, 0x2C,
    0x2C, 0x2C, 0x2B, 0x2C, 0x2C, 0x2C, 0x2C, 0x2C, 0x2D, 0x2C, 0x2C, 0x2D, 0x2D, 0x2D, 0x2C, 0x2C,
    0x2C, 0x2C, 0x2C, 0x2C, 0x2C, 0x2C, 0x2C, 0x2C, 0x2C, 0x2C, 0x2C, 0x2C, 0x2C, 0x2B, 0x2B, 0x2C,
    0x2D, 0x2D, 0x2C, 0x2C, 0x2B, 0x2C, 0x2C, 0x2C, 0x2C, 0x2B, 0x2C, 0x2B, 0x2B, 0x2C, 0x2B, 0x2B,
    0x2C, 0x2D, 0x2F, 0x2C, 0x2C, 0x2C, 0x2C, 0x2C, 0x2C, 0x2C, 0x2C, 0x2C, 0x2C, 0x2C, 0x2C, 0x2C,
    0x2C, 0x2D, 0x2C, 0x2E, 0x2C, 0x2D, 0x2D, 0x2C, 0x23, 0xD7, 0xD8, 0x23, 0x2E, 0x28, 0xD9, 0xD8,
    0xDA, 0xD8, 0xD9, 0x2E, 0x2F, 0x7C, 0xD6, 0xD5, 0x2D, 0x2C, 0x2C, 0x2D, 0x2D, 0x2C, 0x2C, 0x2C,
    0x2C, 0x2D, 0x2D, 0x2D, 0x2D, 0x2C, 0x2C, 0x2C, 0x2C, 0x2C, 0x2C, 0x2D, 0x2C, 0x2C, 0x2C, 0x2C,
    0x2B, 0x2C, 0x2B, 0x2C, 0x2C, 0x2C, 0x2C, 0x2D, 0x2C, 0x2C, 0x2B, 0x2C, 0x2B, 0x2B, 0x2B, 0x2C,
    0x2D, 0x2C, 0x2C, 0x2C, 0x2C, 0x2C, 0x2C, 0x2C, 0x2C, 0x2C, 0x2D, 0x2D, 0x2C, 0x2D, 0x2B, 0x2D,
    0x2C, 0x2C, 0x2C, 0x2C, 0x2B, 0x2C, 0x2B, 0x2B, 0x2B, 0x2B, 0x2B, 0x2C, 0x2C, 0x2B, 0x2C, 0x2C,
    0x2C, 0x2C, 0x2B, 0x2C, 0x2C, 0x2C, 0x2C, 0xBF, 0xD9, 0xD9, 0x32, 0x2F, 0x59, 0xD7, 0xD3, 0xD6,
    0xD8, 0xD7, 0x30, 0x30, 0xE1, 0xDA, 0xD9, 0xD9, 0xD7, 0x21, 0x2A, 0x27, 0xD7, 0xD8, 0xDA, 0xD8,
    0xD9, 0xD9, 0xDA, 0xD9, 0xD8, 0xD7, 0x1F, 0x29, 0x2B, 0x31, 0x33, 0x32, 0x2F, 0x2B, 0x29, 0x29,
    0xC8, 0xD8, 0xD8, 0xD8, 0xD8, 0x75, 0x29, 0x29, 0x2B, 0x33, 0x32, 0x36, 0x34, 0xDE, 0xD7, 0xD6,
    0xD7, 0xD8, 0xD8, 0xD9, 0xDC, 0x2C, 0x27, 0x9E, 0xD7, 0xD4, 0xD6, 0xDB, 0xDB, 0xDB, 0xDA, 0x31,
    0x30, 0x2D, 0x2D, 0x2B, 0xDD, 0xD3, 0xDE, 0x2D, 0x31, 0x2D, 0x2D, 0x2C, 0x2C, 0x2E, 0x2C, 0x2C,
    0x2C, 0x2C, 0x2C, 0x2C, 0x2C, 0x2C, 0x2C, 0x2C, 0x2C, 0x2C, 0x2C, 0x2C, 0x2C, 0x2D, 0x2D, 0x2D,
    0x2C, 0x2C, 0x2C, 0x2C, 0x2C, 0x2D, 0x2C, 0x2D, 0x2C, 0x2C, 0x2D, 0x2B, 0x2B, 0x2C, 0x2C, 0x2C,
    0x2C, 0x2C, 0x2C, 0x2C, 0x2C, 0x2C, 0x2C, 0x2C, 0x2B, 0x2C, 0x2C, 0x2B, 0x2B, 0x2C, 0x2B, 0x2C,
    0x2D, 0x2D, 0x2D, 0x2C, 0x2D, 0x2C, 0x2C, 0x2C, 0x2C, 0x2C, 0x2C, 0x2C, 0x2C, 0x2C, 0x2C, 0x2C,
    0x2D, 0x2D, 0x2D, 0x2D, 0x2C, 0x2D, 0x2B, 0x2B, 0x25, 0xDA, 0xDA, 0x24, 0x2D, 0x2A, 0xDA, 0xD9,
    0xD9, 0xD8, 0xD9, 0xD8, 0xD9, 0x7D, 0x2B, 0x2C, 0xD8, 0xD8, 0xB3, 0x2C, 0x2C, 0x2C, 0x2C, 0x2C,
    0x2C, 0x2D, 0x2D, 0x2D, 0x2D, 0x2D, 0x2D, 0x2D, 0x2D, 0x2E, 0x2D, 0x2D, 0x2C, 0x2C, 0x2B, 0x2B,
    0x2A, 0x2C, 0x2C, 0x2B, 0x2C, 0x2B, 0x2B, 0x2B, 0x2B, 0x2C, 0x2D, 0x2D, 0x2B, 0x2B, 0x2B, 0x2C,
    0x2C, 0x2C, 0x2C, 0x2C, 0x2C, 0x2C, 0x2C, 0x2D, 0x2D, 0x2D, 0x2D, 0x2D, 0x2D, 0x2D, 0x2D, 0x2D,
    0x2C, 0x2C, 0x2D, 0x2C, 0x2B, 0x2C, 0x2B, 0x2B, 0x2B, 0x2D, 0x2C, 0x2C, 0x2C, 0x2D, 0x2C, 0x2C,
    0x2C, 0x2C, 0x2B, 0x2C, 0x24, 0xD6, 0xD3, 0x44, 0x2A, 0x2E, 0xDD, 0xDC, 0xDB, 0xDA, 0xD6, 0x2B,
    0x2B, 0x2A, 0x2C, 0x2D, 0xE2, 0xD8, 0xD8, 0xD9, 0xD8, 0x20, 0x29, 0x28, 0xD8, 0xDA, 0xD9, 0xDA,
    0xD9, 0xDA, 0xDA, 0xDA, 0xD8, 0xD8, 0xDA, 0xD9, 0xD9, 0xD9, 0xD8, 0xD9, 0xD8, 0xD8, 0xD8, 0xD8,
    0xD8, 0xD8, 0xD8, 0xD8, 0xD8, 0xD8, 0xD9, 0xDA, 0xDA, 0xD9, 0xD8, 0xD8, 0xD7, 0x1F, 0x2C, 0x26,
    0xD8, 0xD8, 0xD8, 0xD9, 0xDB, 0x28, 0x28, 0x29, 0x2A, 0x2F, 0xD9, 0xD9, 0xDB, 0xD9, 0xD8, 0xD6,
    0xD6, 0xCE, 0x2D, 0x2E, 0x2D, 0x2E, 0x25, 0xD9, 0xD7, 0x24, 0x2F, 0x2D, 0x2C, 0x2B, 0x2B, 0x2D,
    0x2C, 0x2C, 0x2C, 0x2C, 0x2C, 0x2D, 0x2D, 0x2C, 0x2D, 0x2D, 0x2D, 0x2D, 0x2C, 0x2D, 0x2D, 0x2E,
    0x2D, 0x2C, 0x2C, 0x2C, 0x2C, 0x2C, 0x2C, 0x2C, 0x2D, 0x2D, 0x2D, 0x2E, 0x2D, 0x2C, 0x2D, 0x2D,
    0x2C, 0x2C, 0x2C, 0x2C, 0x2C, 0x2C, 0x2C, 0x2B, 0x2B, 0x2B, 0x2B, 0x2C, 0x2C, 0x2C, 0x2C, 0x2C,
    0x2D, 0x2D, 0x2B, 0x2D, 0x2C, 0x2C, 0x2C, 0x2C, 0x2C, 0x2C, 0x2C, 0x2C, 0x2D, 0x2C, 0x2D, 0x2D,
    0x2E, 0x2D, 0x2F, 0x2C, 0x2C, 0x2D, 0xDD, 0xDA, 0xE1, 0x2C, 0x2A, 0xE1, 0xD9, 0xDA, 0xDA, 0xD9,
    0xD9, 0xD8, 0xD9, 0xD8, 0xD8, 0x78, 0x2A, 0x2B, 0xDB, 0xDD, 0xB9, 0x2B, 0x2C, 0x2D, 0x2C, 0x2C,
    0x2C, 0x2C, 0x2C, 0x2C, 0x2C, 0x2C, 0x2D, 0x2D, 0x2C, 0x2C, 0x2C, 0x2C, 0x2C, 0x2C, 0x2C, 0x2C,
    0x2C, 0x2B, 0x2B, 0x2B, 0x2C, 0x2A, 0x2B, 0x2B, 0x2C, 0x2C, 0x2C, 0x2C, 0x2B, 0x2C, 0x2D, 0x2C,
    0x2C, 0x2C, 0x2C, 0x2D, 0x2C, 0x2C, 0x2C, 0x2E, 0x2C, 0x2D, 0x2C, 0x2C, 0x2D, 0x2C, 0x2C, 0x2C,
    0x2C, 0x2C, 0x2B, 0x2C, 0x2B, 0x2C, 0x2B, 0x2B, 0x2C, 0x2B, 0x2B, 0x2B, 0x2C, 0x2C, 0x2B, 0x2D,
    0x2B, 0x2B, 0x2C, 0x2C, 0x23, 0xD3, 0xD2, 0x44, 0x2D, 0x30, 0xDA, 0xDB, 0xB7, 0x2C, 0x23, 0x25,
    0x23, 0x22, 0x29, 0x2B, 0xE1, 0xD8, 0xD8, 0xDC, 0xDB, 0x1E, 0x23, 0x26, 0xD7, 0xDA, 0xDC, 0xDC,
    0xDC, 0xDD, 0xDB, 0xDB, 0xD9, 0xD9, 0xD9, 0xD9, 0xD9, 0xD9, 0xD8, 0xD9, 0xD9, 0xD8, 0xD9, 0xD9,
    0xD9, 0xD8, 0xD7, 0xDA, 0xD9, 0xD7, 0xDB, 0xDA, 0xD9, 0xD8, 0xD8, 0xD8, 0xD8, 0x26, 0x30, 0x2D,
    0xDE, 0xDB, 0xD8, 0xD8, 0xDB, 0x25, 0x27, 0x28, 0x2B, 0x2E, 0x31, 0x33, 0x69, 0xDB, 0xD8, 0xD7,
    0xD6, 0xD4, 0x25, 0x28, 0x2E, 0x2D, 0x27, 0xD8, 0xD7, 0x21, 0x2C, 0x2B, 0x2B, 0x2B, 0x2B, 0x2B,
    0x2C, 0x2C, 0x2B, 0x2C, 0x2C, 0x2D, 0x2C, 0x2E, 0x2E, 0x2C, 0x2E, 0x2E, 0x2C, 0x2D, 0x2C, 0x2C,
    0x2C, 0x2C, 0x2D, 0x2D, 0x2C, 0x2C, 0x2C, 0x2D, 0x2C, 0x2C, 0x2C, 0x2B, 0x2B, 0x2B, 0x2B, 0x2C,
    0x2B, 0x2C, 0x2C, 0x2C, 0x2C, 0x2C, 0x2C, 0x2C, 0x2C, 0x2C, 0x2B, 0x2C, 0x2B, 0x2C, 0x2B, 0x2C,
    0x2B, 0x2C, 0x2C, 0x2C, 0x2C, 0x2C, 0x2C, 0x2C, 0x2C, 0x2C, 0x2C, 0x2C, 0x2D, 0x2C, 0x2C, 0x2D,
    0x2C, 0x2C, 0x2C, 0x2C, 0x2D, 0x2C, 0xDF, 0xDC, 0xE2, 0x28, 0x29, 0xE0, 0xD9, 0xD8, 0xD8, 0xD7,
    0xD9, 0xD9, 0xD8, 0xD8, 0xD9, 0xDA, 0xD9, 0xD9, 0x2D, 0x2C, 0x2C, 0x2B, 0x2D, 0x2C, 0x2C, 0x2D,
    0x2D, 0x2C, 0x2C, 0x2C, 0x2D, 0x2D, 0x2D, 0x2D, 0x2C, 0x2C, 0x2C, 0x2C, 0x2C, 0x2C, 0x2D, 0x2C,
    0x2C, 0x2C, 0x2B, 0x2C, 0x2B, 0x2C, 0x2B, 0x2C, 0x2C, 0x2C, 0x2B, 0x2B, 0x2B, 0x2B, 0x2C, 0x2C,
    0x2C, 0x2C, 0x2C, 0x2C, 0x2C, 0x2D, 0x2D, 0x2D, 0x2D, 0x2C, 0x2C, 0x2E, 0x2C, 0x2C, 0x2C, 0x2C,
    0x2C, 0x2C, 0x2C, 0x2C, 0x2B, 0x2B, 0x2B, 0x2B, 0x2B, 0x2C, 0x2B, 0x2C, 0x2B, 0x2B, 0x2B, 0x2E,
    0x2B, 0x2B, 0x2C, 0x2C, 0x22, 0xD3, 0xD5, 0x4A, 0x2C, 0x2E, 0xDE, 0xDC, 0xDA, 0xDB, 0xD9, 0xD6,
    0xD8, 0xCF, 0x28, 0x29, 0xE0, 0xD9, 0xE3, 0x34, 0x32, 0xD9, 0xD6, 0xD6, 0xD5, 0xD6, 0x68, 0x30,
    0x30, 0x34, 0x2F, 0x46, 0xD9, 0xD8, 0xD9, 0xD9, 0xD9, 0xD9, 0xD8, 0xD9, 0xD9, 0xD9, 0xD8, 0xDA,
    0xD9, 0xD8, 0xD8, 0x28, 0x2C, 0x30, 0x32, 0x34, 0xD9, 0xD8, 0xD7, 0xD8, 0xD8, 0xD7, 0xD8, 0xE3,
    0x34, 0x33, 0xDF, 0xD9, 0xDA, 0x29, 0x2F, 0xB8, 0xDA, 0xD9, 0x31, 0x32, 0x2E, 0x2D, 0x2D, 0x2C,
    0x2D, 0x2D, 0xD6, 0xD5, 0x26, 0x2E, 0x27, 0xDA, 0xD9, 0x24, 0x2B, 0x2B, 0x2B, 0x2B, 0x2B, 0x2B,
    0x2C, 0x2B, 0x2B, 0x2B, 0x2C, 0x2D, 0x2C, 0x2C, 0x2D, 0x2C, 0x2C, 0x2C, 0x2D, 0x2C, 0x2C, 0x2C,
    0x2C, 0x2C, 0x2C, 0x2C, 0x2C, 0x2C, 0x2D, 0x2C, 0x2C, 0x2C, 0x2D, 0x2C, 0x2C, 0x2B, 0x2B, 0x2C,
    0x2B, 0x2B, 0x2C, 0x2C, 0x2C, 0x2C, 0x2C, 0x2C, 0x2C, 0x2C, 0x2C, 0x2B, 0x2C, 0x2B, 0x2C, 0x2B,
    0x2B, 0x2C, 0x2B, 0x2B, 0x2B, 0x2C, 0x2C, 0x2C, 0x2D, 0x2C, 0x2C, 0x2C, 0x2D, 0x2C, 0x2C, 0x2C,
    0x2D, 0x2D, 0x2D, 0x2D, 0x2C, 0x2D, 0x2C, 0x29, 0x23, 0xDB, 0xD9, 0xD8, 0xD9, 0xD8, 0xDA, 0xD9,
    0xD7, 0xD8, 0xD8, 0xDA, 0xDA, 0xD9, 0xD9, 0xD8, 0x2D, 0x2C, 0x2C, 0x2C, 0x2C, 0x2C, 0x2C, 0x2C,
    0x2C, 0x2D, 0x2C, 0x2C, 0x2C, 0x2C, 0x2D, 0x2C, 0x2C, 0x2C, 0x2C, 0x2C, 0x2D, 0x2D, 0x2C, 0x2C,
    0x2C, 0x2C, 0x2C, 0x2C, 0x2C, 0x2D, 0x2A, 0x2C, 0x2C, 0x2C, 0x2C, 0x2E, 0x2C, 0x2D, 0x2B, 0x2C,
    0x2C, 0x2C, 0x2B, 0x2B, 0x2D, 0x2C, 0x2D, 0x2C, 0x2D, 0x2C, 0x2C, 0x2C, 0x2C, 0x2D, 0x2C, 0x2C,
    0x2D, 0x2C, 0x2D, 0x2C, 0x2C, 0x2D, 0x2B, 0x2D, 0x2C, 0x2C, 0x2C, 0x2B, 0x2C, 0x2B, 0x2D, 0x2C,
    0x2C, 0x2D, 0x2C, 0x2C, 0x29, 0xDA, 0xD9, 0x4D, 0x2E, 0x32, 0xDC, 0xD9, 0xDC, 0xDB, 0xD8, 0xD5,
    0xD7, 0xCC, 0x29, 0x2B, 0xDC, 0xD7, 0xE1, 0x31, 0x2F, 0xE0, 0xDB, 0xD8, 0xD9, 0xD7, 0x59, 0x27,
    0x29, 0x30, 0x30, 0x4F, 0xDB, 0xD9, 0xDA, 0xD8, 0xD7, 0xD8, 0xD7, 0xD7, 0xD8, 0xD8, 0xD9, 0xD9,
    0xD7, 0xD8, 0xD7, 0x24, 0x2F, 0x31, 0x2F, 0x2F, 0xD9, 0xD8, 0xD9, 0xD9, 0xD9, 0xD9, 0xD8, 0xE4,
    0x2E, 0x2E, 0xE0, 0xD7, 0xDA, 0x30, 0x31, 0xB6, 0xDE, 0xD7, 0x2F, 0x35, 0x2F, 0x2E, 0x2E, 0x2D,
    0x2E, 0x2C, 0xD6, 0xD8, 0x24, 0x2E, 0x26, 0xD9, 0xDA, 0x23, 0x2B, 0x2C, 0x2B, 0x2B, 0x2B, 0x2B,
    0x2B, 0x2B, 0x2B, 0x2C, 0x2D, 0x2B, 0x2C, 0x2C, 0x2C, 0x2C, 0x2C, 0x2C, 0x2C, 0x2D, 0x2C, 0x2D,
    0x2C, 0x2C, 0x2C, 0x2D, 0x2C, 0x2C, 0x2C, 0x2C, 0x2C, 0x2C, 0x2C, 0x2B, 0x2C, 0x2C, 0x2D, 0x2D,
    0x2B, 0x2C, 0x2C, 0x2C, 0x2C, 0x2C, 0x2C, 0x2C, 0x2B, 0x2B, 0x2C, 0x2B, 0x2A, 0x2C, 0x2A, 0x2C,
    0x2B, 0x2B, 0x2B, 0x2B, 0x2C, 0x2C, 0x2B, 0x2C, 0x2C, 0x2C, 0x2C, 0x2D, 0x2D, 0x2C, 0x2C, 0x2C,
    0x2B, 0x2C, 0x2C, 0x2C, 0x2F, 0x2D, 0x2C, 0x2F, 0x23, 0xDC, 0xDB, 0xDA, 0xD9, 0xD8, 0xD9, 0xDA,
    0xD7, 0xD7, 0xD9, 0x2D, 0x2E, 0x2D, 0x2E, 0x2E, 0xD7, 0xD7, 0xC3, 0x2D, 0x2D, 0x2C, 0x2C, 0x2C,
    0x2D, 0x2D, 0x2C, 0x2D, 0x2C, 0x2C, 0x2D, 0x2C, 0x2C, 0x2C, 0x2C, 0x2C, 0x2C, 0x2C, 0x2C, 0x2D,
    0x2C, 0x2D, 0x2C, 0x2C, 0x2C, 0x2C, 0x2C, 0x2C, 0x2D, 0x2C, 0x2C, 0x2D, 0x2C, 0x2C, 0x2C, 0x2B,
    0x2D, 0x2C, 0x2C, 0x2D, 0x2C, 0x2C, 0x2B, 0x2C, 0x2C, 0x2C, 0x2C, 0x2C, 0x2C, 0x2C, 0x2C, 0x2C,
    0x2C, 0x2C, 0x2C, 0x2C, 0x2D, 0x2C, 0x2C, 0x2C, 0x2C, 0x2C, 0x2C, 0x2C, 0x2C, 0x2C, 0x2C, 0x2C,
    0x2C, 0x2C, 0x2B, 0x2B, 0x2C, 0x2D, 0x2E, 0xBB, 0xD7, 0xD4, 0x28, 0x2D, 0x2B, 0x2C, 0x2C, 0x2B,
    0x2F, 0x2E, 0x2D, 0x2B, 0xDF, 0xD4, 0xDF, 0x2C, 0x2D, 0xDC, 0xDB, 0xDB, 0xDB, 0xD9, 0xD8, 0xDA,
    0xD5, 0x27, 0x2C, 0x4B, 0xD9, 0xD8, 0xD8, 0xD7, 0xD8, 0xD8, 0xD8, 0xD8, 0xD8, 0xD8, 0xD8, 0xD9,
    0xD8, 0xD8, 0xD9, 0xD8, 0xD8, 0x84, 0x27, 0x29, 0xD7, 0xD9, 0xD9, 0xD9, 0xD9, 0xD8, 0xD9, 0xE0,
    0x2B, 0x2D, 0xDE, 0xDA, 0xD8, 0xDA, 0xD9, 0x45, 0x36, 0x3A, 0xD7, 0xD7, 0xD6, 0xD8, 0xD3, 0xD3,
    0xD6, 0xD9, 0xD9, 0xDA, 0x24, 0x30, 0x24, 0xD7, 0xD8, 0x24, 0x2B, 0x2B, 0x2B, 0x2C, 0x2B, 0x2B,
    0x2B, 0x2B, 0x2C, 0x2E, 0x2C, 0x2C, 0x2C, 0x2D, 0x2C, 0x2C, 0x2C, 0x2C, 0x2C, 0x2C, 0x2C, 0x2D,
    0x2C, 0x2C, 0x2B, 0x2C, 0x2C, 0x2C, 0x2C, 0x2C, 0x2C, 0x2C, 0x2C, 0x2C, 0x2C, 0x2C, 0x2C, 0x2C,
    0x2B, 0x2B, 0x2B, 0x2C, 0x2C, 0x2C, 0x2C, 0x2C, 0x2C, 0x2B, 0x2C, 0x2C, 0x2C, 0x2B, 0x2B, 0x2A,
    0x2B, 0x2B, 0x2B, 0x2B, 0x2C, 0x2C, 0x2C, 0x2C, 0x2C, 0x2C, 0x2C, 0x2C, 0x2C, 0x2C, 0x2C, 0x2C,
    0x2C, 0x2C, 0x2D, 0x2C, 0x2D, 0x2C, 0xDE, 0xD7, 0xE1, 0x29, 0x2B, 0x2C, 0x2D, 0x25, 0xD9, 0xDB,
    0xD8, 0xD7, 0xDB, 0x21, 0x23, 0x23, 0x25, 0x24, 0xDE, 0xDC, 0xC5, 0x2D, 0x2D, 0x2D, 0x2C, 0x2C,
    0x2C, 0x2C, 0x2C, 0x2D, 0x2C, 0x2C, 0x2D, 0x2D, 0x2C, 0x2C, 0x2C, 0x2D, 0x2C, 0x2C, 0x2E, 0x2C,
    0x2C, 0x2C, 0x2C, 0x2C, 0x2C, 0x2C, 0x2C, 0x2C, 0x2D, 0x2C, 0x2C, 0x2B, 0x2D, 0x2C, 0x2C, 0x2C,
    0x2D, 0x2C, 0x2D, 0x2D, 0x2C, 0x2C, 0x2B, 0x2C, 0x2C, 0x2C, 0x2C, 0x2C, 0x2C, 0x2C, 0x2C, 0x2C,
    0x2C, 0x2C, 0x2C, 0x2D, 0x2D, 0x2D, 0x2C, 0x2D, 0x2D, 0x2C, 0x2C, 0x2C, 0x2D, 0x2C, 0x2C, 0x2C,
    0x2C, 0x2C, 0x2C, 0x2C, 0x2B, 0x2C, 0x2C, 0xBE, 0xDD, 0xDA, 0x1B, 0x1D, 0x1C, 0x1C, 0x20, 0x25,
    0x29, 0x27, 0x2E, 0x31, 0xE4, 0xD8, 0xDC, 0x2A, 0x2D, 0xD7, 0xD9, 0xD9, 0xDA, 0xD9, 0xE0, 0xE1,
    0xDD, 0x2A, 0x2B, 0x41, 0xD8, 0xD9, 0xD8, 0xD9, 0xD8, 0xD8, 0xD8, 0xD8, 0xD8, 0xD8, 0xD8, 0xD8,
    0xD8, 0xD9, 0xD9, 0xE1, 0xE2, 0x81, 0x29, 0x2D, 0xD7, 0xD9, 0xD9, 0xD9, 0xD9, 0xD9, 0xD8, 0xE0,
    0x2B, 0x2D, 0xDF, 0xD8, 0xD8, 0xD9, 0xD8, 0x3B, 0x2A, 0x28, 0xDF, 0xDE, 0xDB, 0xDF, 0xE0, 0xE1,
    0xE3, 0xE5, 0xE5, 0xE7, 0x24, 0x25, 0x1C, 0xDA, 0xDF, 0x23, 0x2B, 0x2B, 0x2C, 0x2B, 0x2C, 0x2B,
    0x2C, 0x2C, 0x2C, 0x2C, 0x2C, 0x2D, 0x2C, 0x2C, 0x2C, 0x2C, 0x2C, 0x2C, 0x2C, 0x2C, 0x2C, 0x2C,
    0x2C, 0x2C, 0x2D, 0x2C, 0x2D, 0x2C, 0x2D, 0x2D, 0x2D, 0x2C, 0x2C, 0x2C, 0x2C, 0x2C, 0x2C, 0x2D,
    0x2C, 0x2C, 0x2B, 0x2B, 0x2C, 0x2C, 0x2C, 0x2C, 0x2D, 0x2D, 0x2C, 0x2C, 0x2D, 0x2C, 0x2B, 0x2C,
    0x2C, 0x2C, 0x2C, 0x2C, 0x2C, 0x2C, 0x2C, 0x2C, 0x2C, 0x2C, 0x2B, 0x2D, 0x2D, 0x2D, 0x2C, 0x2C,
    0x2C, 0x2C, 0x2C, 0x2C, 0x2C, 0x2D, 0xE4, 0xDD, 0xE6, 0x1E, 0x1F, 0x20, 0x1F, 0x1F, 0xDA, 0xD9,
    0xD9, 0xDA, 0xD9, 0xDA, 0xD9, 0xD8, 0xD8, 0xD9, 0x2C, 0x2E, 0x2D, 0x2C, 0x2D, 0x2D, 0x2C, 0x2C,
    0x2C, 0x2C, 0x2B, 0x2B, 0x2C, 0x2C, 0x2B, 0x2C, 0x2C, 0x2C, 0x2C, 0x2C, 0x2C, 0x2D, 0x2C, 0x2C,
    0x2D, 0x2C, 0x2C, 0x2C, 0x2C, 0x2C, 0x2C, 0x2C, 0x2D, 0x2C, 0x2C, 0x2C, 0x2D, 0x2D, 0x2C, 0x2C,
    0x2C, 0x2C, 0x2C, 0x2D, 0x2B, 0x2D, 0x2C, 0x2C, 0x2C, 0x2C, 0x2C, 0x2C, 0x2C, 0x2C, 0x2C, 0x2C,
    0x2C, 0x2C, 0x2C, 0x2C, 0x2C, 0x2C, 0x2D, 0x2C, 0x2D, 0x2C, 0x2C, 0x2C, 0x2B, 0x2C, 0x2C, 0x2C,
    0x2C, 0x2C, 0x2C, 0x2D, 0x2A, 0x2A, 0x2B, 0x2D, 0x2C, 0x2A, 0xD7, 0xD6, 0xD5, 0xD6, 0xD6, 0xD7,
    0xDB, 0xD6, 0x2F, 0x32, 0xE5, 0xDB, 0xE2, 0x2B, 0x2D, 0xD7, 0xD9, 0xDA, 0xD8, 0xD8, 0x5C, 0x2F,
    0x2E, 0x2D, 0x2C, 0x46, 0xD8, 0xD8, 0xD8, 0xDA, 0xD8, 0xD9, 0xD9, 0xD9, 0xD8, 0xD8, 0xD8, 0xD7,
    0xD8, 0xD9, 0xD8, 0x30, 0x2F, 0x2E, 0x2E, 0x32, 0xD9, 0xD9, 0xD9, 0xD9, 0xD9, 0xD8, 0xD7, 0xE1,
    0x2A, 0x30, 0xE0, 0xD8, 0xD8, 0xD7, 0xD8, 0xD8, 0xD9, 0xD7, 0x26, 0x28, 0x28, 0x29, 0x2A, 0x2D,
    0x2D, 0x2F, 0x2E, 0x2D, 0xE4, 0xD4, 0xDB, 0x28, 0x2B, 0x2B, 0x2C, 0x2C, 0x2D, 0x2C, 0x2D, 0x2C,
    0x2C, 0x2B, 0x2C, 0x2B, 0x2C, 0x2B, 0x2B, 0x2C, 0x2C, 0x2C, 0x2C, 0x2D, 0x2D, 0x2C, 0x2C, 0x2C,
    0x2C, 0x2C, 0x2C, 0x2C, 0x2D, 0x2C, 0x2C, 0x2D, 0x2C, 0x2C, 0x2C, 0x2C, 0x2C, 0x2C, 0x2D, 0x2C,
    0x2C, 0x2C, 0x2C, 0x2C, 0x2C, 0x2C, 0x2D, 0x2C, 0x2C, 0x2C, 0x2C, 0x2C, 0x2C, 0x2C, 0x2C, 0x2D,
    0x2C, 0x2C, 0x2D, 0x2C, 0x2C, 0x2C, 0x2C, 0x2C, 0x2C, 0x2C, 0x2C, 0x2C, 0x2C, 0x2C, 0x2D, 0x2C,
    0x2C, 0x2C, 0x2C, 0x2C, 0x2B, 0x2C, 0x2C, 0x2B, 0x23, 0xDA, 0xDB, 0xDA, 0xDA, 0xDB, 0xD9, 0xD9,
    0xDA, 0xD8, 0xDA, 0xA1, 0xA4, 0xA3, 0xA0, 0xA2, 0x2C, 0x2D, 0x2D, 0x2D, 0x2C, 0x2D, 0x2C, 0x2C,
    0x2C, 0x2D, 0x2C, 0x2E, 0x2C, 0x2C, 0x2C, 0x2C, 0x2C, 0x2B, 0x2C, 0x2E, 0x2C, 0x2C, 0x2D, 0x2C,
    0x2C, 0x2C, 0x2C, 0x2C, 0x2C, 0x2C, 0x2C, 0x2D, 0x2C, 0x2C, 0x2B, 0x2C, 0x2D, 0x2C, 0x2C, 0x2C,
    0x2C, 0x2C, 0x2C, 0x2C, 0x2C, 0x2C, 0x2C, 0x2C, 0x2C, 0x2C, 0x2C, 0x2C, 0x2C, 0x2C, 0x2D, 0x2C,
    0x2D, 0x2C, 0x2C, 0x2C, 0x2D, 0x2C, 0x2C, 0x2C, 0x2D, 0x2C, 0x2C, 0x2C, 0x2C, 0x2C, 0x2D, 0x2C,
    0x2D, 0x2C, 0x2D, 0x2C, 0x2C, 0x2C, 0x2D, 0x2C, 0x2C, 0x26, 0x89, 0x8E, 0x9E, 0xD5, 0xD3, 0x99,
    0x9E, 0x94, 0x5F, 0x61, 0xE2, 0xDA, 0xE2, 0x2F, 0x2D, 0xD7, 0xD7, 0xD7, 0xD8, 0xD8, 0x86, 0x5F,
    0x5F, 0x60, 0x60, 0x75, 0xD9, 0xD9, 0xA8, 0xA1, 0x9A, 0xD8, 0xD9, 0xA9, 0xA6, 0xA1, 0xD7, 0xD9,
    0xD8, 0xD8, 0xD9, 0x60, 0x60, 0x60, 0x60, 0x61, 0xD8, 0xDA, 0xDA, 0xD8, 0xD7, 0xD8, 0xD7, 0xE1,
    0x2C, 0x30, 0xDF, 0xD8, 0xD9, 0xD8, 0xD8, 0xD8, 0xD7, 0xD6, 0x57, 0x59, 0x58, 0x2F, 0x2F, 0x2C,
    0x2D, 0x2D, 0x5B, 0x5E, 0x9A, 0x93, 0x95, 0x2C, 0x2D, 0x2D, 0x2C, 0x2C, 0x2C, 0x2C, 0x2C, 0x2D,
    0x2B, 0x2B, 0x2C, 0x2C, 0x2C, 0x2B, 0x2B, 0x2C, 0x2D, 0x2C, 0x2C, 0x2D, 0x2C, 0x2C, 0x2C, 0x2D,
    0x2C, 0x2C, 0x2C, 0x2D, 0x2C, 0x2C, 0x2C, 0x2C, 0x2C, 0x2C, 0x2C, 0x2C, 0x2C, 0x2C, 0x2C, 0x2C,
    0x2C, 0x2C, 0x2C, 0x2C, 0x2C, 0x2C, 0x2C, 0x2D, 0x2C, 0x2C, 0x2C, 0x2C, 0x2C, 0x2C, 0x2C, 0x2C,
    0x2D, 0x2C, 0x2C, 0x2C, 0x2C, 0x2C, 0x2D, 0x2C, 0x2D, 0x2C, 0x2C, 0x2C, 0x2C, 0x2C, 0x2C, 0x2C,
    0x2C, 0x2D, 0x2C, 0x2C, 0x2C, 0x2D, 0x2C, 0x2B, 0x24, 0xA0, 0xA4, 0xA2, 0xA2, 0xA0, 0xDA, 0xD9,
    0xD8, 0xD9, 0xD8, 0x2D, 0x2D, 0x2F, 0x2F, 0x2E, 0x2D, 0x2D, 0x2D, 0x2D, 0x2D, 0x2D, 0x2C, 0x2C,
    0x2C, 0x2C, 0x2C, 0x2C, 0x2D, 0x2B, 0x2C, 0x2C, 0x2C, 0x2C, 0x2C, 0x2C, 0x2C, 0x2C, 0x2C, 0x2C,
    0x2C, 0x2C, 0x2C, 0x2C, 0x2C, 0x2D, 0x2C, 0x2D, 0x2D, 0x2D, 0x2C, 0x2C, 0x2C, 0x2C, 0x2C, 0x2C,
    0x2C, 0x2C, 0x2C, 0x2C, 0x2C, 0x2C, 0x2C, 0x2D, 0x2C, 0x2C, 0x2C, 0x2C, 0x2C, 0x2C, 0x2C, 0x2C,
    0x2C, 0x2C, 0x2D, 0x2C, 0x2C, 0x2C, 0x2C, 0x2C, 0x2C, 0x2D, 0x2D, 0x2D, 0x2D, 0x2C, 0x2C, 0x2C,
    0x2C, 0x2D, 0x2D, 0x2A, 0x2F, 0x2D, 0x2D, 0x2C, 0x2C, 0x2C, 0x2C, 0x2C, 0x5C, 0xD7, 0xD8, 0x2C,
    0x2A, 0x31, 0xDB, 0xDA, 0xDA, 0xDA, 0xE5, 0x30, 0x2D, 0xDB, 0xD4, 0xD6, 0xA8, 0xAC, 0xAD, 0xAF,
    0xD7, 0xD9, 0xD8, 0xD9, 0xD9, 0xD8, 0x25, 0x2E, 0x2A, 0xD7, 0xD8, 0x28, 0x34, 0x29, 0xD8, 0xD7,
    0xD8, 0xD8, 0xD8, 0xDA, 0xDA, 0xC8, 0xA8, 0xA7, 0xB7, 0xBE, 0xC1, 0xD8, 0xD6, 0xD8, 0xD8, 0xE0,
    0x2F, 0x31, 0xDF, 0xD8, 0xD9, 0xD8, 0xD9, 0xD9, 0xD9, 0xD8, 0xD7, 0xD6, 0xB9, 0x30, 0x2F, 0x30,
    0x30, 0x35, 0xDC, 0xDC, 0x24, 0x2C, 0x2A, 0x2C, 0x2B, 0x2D, 0x2C, 0x2C, 0x2C, 0x2D, 0x2C, 0x2C,
    0x2D, 0x2C, 0x2B, 0x2B, 0x2A, 0x2C, 0x2C, 0x2C, 0x2C, 0x2D, 0x2D, 0x2C, 0x2C, 0x2C, 0x2C, 0x2C,
    0x2D, 0x2C, 0x2C, 0x2C, 0x2C, 0x2C, 0x2C, 0x2D, 0x2D, 0x2C, 0x2C, 0x2C, 0x2C, 0x2D, 0x2C, 0x2C,
    0x2C, 0x2C, 0x2C, 0x2C, 0x2C, 0x2C, 0x2C, 0x2C, 0x2C, 0x2C, 0x2C, 0x2C, 0x2D, 0x2D, 0x2C, 0x2C,
    0x2C, 0x2C, 0x2C, 0x2D, 0x2C, 0x2C, 0x2C, 0x2C, 0x2C, 0x2C, 0x2C, 0x2C, 0x2C, 0x2D, 0x2C, 0x2C,
    0x2C, 0x2D, 0x2C, 0x2C, 0x2C, 0x2C, 0x2D, 0x2C, 0x2C, 0x2D, 0x2D, 0x2E, 0x2D, 0x29, 0xDA, 0xD9,
    0xD8, 0xD9, 0xDA, 0x4A, 0x4B, 0x4D, 0x4B, 0x48, 0x2D, 0x2D, 0x2D, 0x2C, 0x2D, 0x2D, 0x2C, 0x2C,
    0x2C, 0x2C, 0x2C, 0x2C, 0x2C, 0x2C, 0x2C, 0x2C, 0x2C, 0x2C, 0x2C, 0x2C, 0x2C, 0x2D, 0x2C, 0x2C,
    0x2C, 0x2C, 0x2C, 0x2C, 0x2C, 0x2C, 0x2C, 0x2D, 0x2C, 0x2C, 0x2C, 0x2C, 0x2C, 0x2C, 0x2C, 0x2C,
    0x2D, 0x2C, 0x2C, 0x2C, 0x2C, 0x2C, 0x2C, 0x2C, 0x2C, 0x2C, 0x2C, 0x2C, 0x2C, 0x2C, 0x2C, 0x2C,
    0x2C, 0x2C, 0x2C, 0x2C, 0x2C, 0x2C, 0x2C, 0x2C, 0x2C, 0x2C, 0x2C, 0x2C, 0x2E, 0x2D, 0x2C, 0x2C,
    0x2C, 0x2C, 0x2C, 0x2D, 0x2D, 0x2C, 0x2C, 0x2D, 0x2C, 0x2C, 0x2D, 0x2D, 0x5A, 0xDB, 0xD8, 0x2C,
    0x2D, 0x37, 0xDA, 0xDA, 0xDA, 0xD9, 0xE2, 0x32, 0x2D, 0xE0, 0xD2, 0xAE, 0x28, 0x29, 0x29, 0x22,
    0xAC, 0xD8, 0xD8, 0xD9, 0xDA, 0xD8, 0x42, 0x45, 0x45, 0xB4, 0xB0, 0x3F, 0x4A, 0x4F, 0xD9, 0xD8,
    0xD7, 0xD9, 0xD7, 0xD6, 0xD7, 0x86, 0x29, 0x2B, 0x2A, 0x31, 0x46, 0xCF, 0xDA, 0xDA, 0xD9, 0xE1,
    0x32, 0x2F, 0xDF, 0xD8, 0xD6, 0xD6, 0xD7, 0xDB, 0xD8, 0xD9, 0xD9, 0xDB, 0xC1, 0x4D, 0x49, 0x2E,
    0x2C, 0x31, 0xDB, 0xDA, 0x21, 0x2C, 0x2B, 0x2C, 0x2D, 0x2C, 0x2C, 0x2C, 0x2C, 0x2C, 0x2D, 0x2D,
    0x2C, 0x2C, 0x2B, 0x2D, 0x2E, 0x2C, 0x2C, 0x2C, 0x2C, 0x2D, 0x2C, 0x2C, 0x2C, 0x2C, 0x2C, 0x2D,
    0x2C, 0x2C, 0x2D, 0x2C, 0x2C, 0x2D, 0x2C, 0x2C, 0x2D, 0x2C, 0x2C, 0x2C, 0x2D, 0x2C, 0x2C, 0x2D,
    0x2C, 0x2C, 0x2C, 0x2D, 0x2D, 0x2D, 0x2C, 0x2C, 0x2C, 0x2D, 0x2C, 0x2C, 0x2C, 0x2C, 0x2C, 0x2C,
    0x2C, 0x2C, 0x2C, 0x2C, 0x2C, 0x2C, 0x2C, 0x2C, 0x2C, 0x2C, 0x2C, 0x2C, 0x2C, 0x2D, 0x2C, 0x2C,
    0x2C, 0x2C, 0x2C, 0x2C, 0x2C, 0x2C, 0x2C, 0x2B, 0x2A, 0x4F, 0x4E, 0x4C, 0x4C, 0x4D, 0xDB, 0xDB,
    0xD8, 0xD9, 0xD9, 0xDA, 0xD9, 0xDA, 0xD8, 0xD8, 0x2F, 0x2C, 0x2D, 0x2D, 0x2C, 0x2D, 0x2C, 0x2C,
    0x2C, 0x2D, 0x2D, 0x2C, 0x2C, 0x2C, 0x2C, 0x2C, 0x2C, 0x2D, 0x2D, 0x2C, 0x2C, 0x2C, 0x2B, 0x2D,
    0x2C, 0x2C, 0x2C, 0x2C, 0x2C, 0x2C, 0x2C, 0x2C, 0x2C, 0x2C, 0x2C, 0x2C, 0x2C, 0x2D, 0x2C, 0x2D,
    0x2C, 0x2C, 0x2C, 0x2C, 0x2C, 0x2C, 0x2C, 0x2C, 0x2C, 0x2C, 0x2C, 0x2C, 0x2C, 0x2C, 0x2C, 0x2C,
    0x2D, 0x2C, 0x2C, 0x2C, 0x2C, 0x2C, 0x2C, 0x2C, 0x2B, 0x2C, 0x2D, 0x2C, 0x2C, 0x2C, 0x2C, 0x2C,
    0x2C, 0x2C, 0x2D, 0x2E, 0x2C, 0x2C, 0x2C, 0x2C, 0x2C, 0x2B, 0x2B, 0x2C, 0x5B, 0xD9, 0xDA, 0x30,
    0x2D, 0x31, 0xD8, 0xD6, 0xD6, 0xD6, 0xDC, 0x2E, 0x2E, 0xDE, 0xD6, 0xC4, 0x28, 0x2C, 0x2E, 0x2C,
    0x32, 0xD9, 0xD8, 0xDA, 0xD8, 0xD7, 0xD8, 0xDA, 0xE0, 0x29, 0x28, 0xE2, 0xD9, 0xD9, 0xD8, 0xDA,
    0xD8, 0xD5, 0xD8, 0xDA, 0xD9, 0x7F, 0x2F, 0x2E, 0x2A, 0x2A, 0x3C, 0xC6, 0xDA, 0xDA, 0xD8, 0xE2,
    0x2F, 0x2C, 0xE0, 0xD7, 0xD6, 0xD4, 0xD7, 0xD8, 0xD7, 0xD8, 0xD8, 0xDB, 0xDA, 0xDA, 0xDA, 0x2C,
    0x2D, 0x2C, 0xD6, 0xD5, 0x22, 0x2B, 0x2B, 0x2C, 0x2C, 0x2C, 0x2C, 0x2C, 0x2C, 0x2D, 0x2C, 0x2F,
    0x2C, 0x2C, 0x2C, 0x2C, 0x2C, 0x2C, 0x2C, 0x2D, 0x2C, 0x2C, 0x2D, 0x2C, 0x2D, 0x2C, 0x2C, 0x2D,
    0x2C, 0x2D, 0x2C, 0x2C, 0x2C, 0x2C, 0x2C, 0x2C, 0x2C, 0x2C, 0x2C, 0x2C, 0x2C, 0x2C, 0x2B, 0x2A,
    0x2B, 0x2C, 0x2C, 0x2C, 0x2C, 0x2C, 0x2C, 0x2C, 0x2C, 0x2C, 0x2C, 0x2C, 0x2B, 0x2C, 0x2C, 0x2C,
    0x2D, 0x2C, 0x2D, 0x2C, 0x2C, 0x2B, 0x2D, 0x2C, 0x2C, 0x2C, 0x2C, 0x2C, 0x2C, 0x2D, 0x2C, 0x2C,
    0x2C, 0x2C, 0x2C, 0x2D, 0x2D, 0x2D, 0x2D, 0x2C, 0x22, 0xDA, 0xDA, 0xDB, 0xDB, 0xDB, 0xDA, 0xDA,
    0xD9, 0xDB, 0xDA, 0x41, 0x3F, 0x90, 0xD8, 0xD7, 0x2E, 0x2D, 0x2C, 0x2C, 0x2D, 0x2C, 0x2C, 0x2C,
    0x2C, 0x2C, 0x2C, 0x2B, 0x2C, 0x2C, 0x2C, 0x2C, 0x2C, 0x2D, 0x2D, 0x2C, 0x2D, 0x2C, 0x2C, 0x2C,
    0x2C, 0x2C, 0x2C, 0x2C, 0x2C, 0x2D, 0x2C, 0x2C, 0x2C, 0x2C, 0x2C, 0x2D, 0x2C, 0x2C, 0x2D, 0x2C,
    0x2C, 0x2C, 0x2C, 0x2C, 0x2D, 0x2C, 0x2C, 0x2C, 0x2C, 0x2C, 0x2C, 0x2C, 0x2C, 0x2C, 0x2D, 0x2C,
    0x2C, 0x2C, 0x2C, 0x2C, 0x2C, 0x2C, 0x2C, 0x2C, 0x2C, 0x2C, 0x2D, 0x2D, 0x2C, 0x2C, 0x2C, 0x2D,
    0x2C, 0x2C, 0x2C, 0x2D, 0x2C, 0x2C, 0x2D, 0x2C, 0x2C, 0x2C, 0x2D, 0x2C, 0x59, 0xD9, 0xDB, 0x2B,
    0x2F, 0x2E, 0xD7, 0xD7, 0xD7, 0xD8, 0xDC, 0x2A, 0x2F, 0xDE, 0xDA, 0xD8, 0xBD, 0xBF, 0xC2, 0xBF,
    0xC3, 0xDA, 0xD8, 0xD1, 0x42, 0x45, 0xD8, 0xD9, 0xDE, 0x28, 0x2C, 0xE1, 0xD8, 0xE0, 0x4F, 0x4A,
    0xC9, 0xD8, 0xD9, 0xD8, 0xD8, 0xCC, 0xC6, 0xBC, 0xB9, 0xB7, 0xBC, 0xD8, 0xDC, 0x4F, 0x4C, 0x44,
    0xC2, 0xBF, 0xDB, 0xD8, 0xD9, 0xD9, 0xD9, 0xD8, 0xD8, 0xD9, 0xD8, 0xD8, 0xD8, 0xD9, 0xD9, 0x2A,
    0x2E, 0x2D, 0xD8, 0xD9, 0x21, 0x2C, 0x2C, 0x2C, 0x2C, 0x2C, 0x2D, 0x2C, 0x2B, 0x2D, 0x2D, 0x2C,
    0x2C, 0x2C, 0x2C, 0x2C, 0x2C, 0x2C, 0x2C, 0x2C, 0x2D, 0x2C, 0x2C, 0x2D, 0x2C, 0x2C, 0x2C, 0x2C,
    0x2C, 0x2C, 0x2D, 0x2D, 0x2C, 0x2C, 0x2C, 0x2C, 0x2C, 0x2C, 0x2C, 0x2D, 0x2C, 0x2D, 0x2B, 0x2C,
    0x2B, 0x2C, 0x2C, 0x2C, 0x2C, 0x2C, 0x2C, 0x2C, 0x2C, 0x2C, 0x2C, 0x2C, 0x2C, 0x2B, 0x2B, 0x2C,
    0x2B, 0x2D, 0x2B, 0x2D, 0x2C, 0x2C, 0x2B, 0x2C, 0x2C, 0x2C, 0x2C, 0x2C, 0x2C, 0x2D, 0x2C, 0x2C,
    0x2C, 0x2C, 0x2C, 0x2C, 0x2D, 0x2D, 0x2D, 0x2C, 0x21, 0xDA, 0xD8, 0x3A, 0x3B, 0x3E, 0xD8, 0xDB,
    0xDA, 0xD8, 0xDA, 0x2D, 0x2B, 0x78, 0xD8, 0xD8, 0x2F, 0x2D, 0x2C, 0x2B, 0x2C, 0x2C, 0x2C, 0x2C,
    0x2C, 0x2D, 0x2C, 0x2C, 0x2D, 0x2C, 0x2D, 0x2C, 0x2C, 0x2C, 0x2C, 0x2D, 0x2C, 0x2D, 0x2C, 0x2C,
    0x2C, 0x2C, 0x2C, 0x2C, 0x2C, 0x2C, 0x2C, 0x2C, 0x2D, 0x2C, 0x2D, 0x2D, 0x2C, 0x2D, 0x2C, 0x2C,
    0x2C, 0x2C, 0x2C, 0x2C, 0x2C, 0x2C, 0x2C, 0x2D, 0x2C, 0x2C, 0x2C, 0x2C, 0x2D, 0x2D, 0x2D, 0x2D,
    0x2C, 0x2C, 0x2C, 0x2C, 0x2C, 0x2C, 0x2C, 0x2C, 0x2B, 0x2C, 0x2C, 0x2C, 0x2C, 0x2C, 0x2C, 0x2C,
    0x2C, 0x2D, 0x2D, 0x2C, 0x2C, 0x2C, 0x2D, 0x2D, 0x2C, 0x2C, 0x2C, 0x2C, 0x5A, 0xDA, 0xD4, 0x2B,
    0x2E, 0x2E, 0xD7, 0xD7, 0xD6, 0xD6, 0xDB, 0x2E, 0x2F, 0xDD, 0xDB, 0xD9, 0xD8, 0xD7, 0xD8, 0xDA,
    0xD9, 0xD7, 0xD8, 0xD1, 0x92, 0x2B, 0x53, 0x53, 0x4F, 0x2F, 0x30, 0x38, 0x35, 0x3C, 0x2E, 0x9F,
    0xD3, 0xD7, 0xD7, 0xD8, 0xD8, 0xDA, 0xD8, 0xD8, 0xD8, 0xD8, 0xD8, 0xD7, 0xD8, 0x2B, 0x2D, 0x2A,
    0xD8, 0xD8, 0xD9, 0xD9, 0xD9, 0xD9, 0xD9, 0xD9, 0xD9, 0xD8, 0xD8, 0xD9, 0xD9, 0xD9, 0xD9, 0x2B,
    0x2E, 0x2D, 0xD6, 0xD8, 0x22, 0x2C, 0x2C, 0x2C, 0x2C, 0x2C, 0x2D, 0x2F, 0x2D, 0x2C, 0x2D, 0x2D,
    0x2C, 0x2C, 0x2C, 0x2C, 0x2C, 0x2C, 0x2C, 0x2D, 0x2C, 0x2C, 0x2C, 0x2C, 0x2D, 0x2D, 0x2D, 0x2C,
    0x2D, 0x2C, 0x2C, 0x2C, 0x2C, 0x2C, 0x2C, 0x2C, 0x2C, 0x2C, 0x2C, 0x2C, 0x2C, 0x2D, 0x2B, 0x2B,
    0x2B, 0x2D, 0x2D, 0x2C, 0x2C, 0x2C, 0x2C, 0x2C, 0x2C, 0x2C, 0x2C, 0x2B, 0x2B, 0x2B, 0x2B, 0x2C,
    0x2C, 0x2C, 0x2C, 0x2C, 0x2D, 0x2C, 0x2C, 0x2C, 0x2C, 0x2C, 0x2C, 0x2C, 0x2C, 0x2C, 0x2C, 0x2C,
    0x2D, 0x2C, 0x2C, 0x2D, 0x2D, 0x2D, 0x2D, 0x2C, 0x21, 0xD8, 0xD7, 0x1B, 0x2C, 0x24, 0xD9, 0xDA,
    0xD8, 0xD7, 0xD9, 0xE0, 0xE1, 0xE1, 0xDA, 0xD8, 0x2F, 0x2D, 0x2B, 0x2B, 0x2D, 0x2C, 0x2C, 0x2C,
    0x2C, 0x2C, 0x2C, 0x2D, 0x2C, 0x2C, 0x2B, 0x2C, 0x2C, 0x2C, 0x2B, 0x2C, 0x2C, 0x2C, 0x2C, 0x2C,
    0x2C, 0x2C, 0x2C, 0x2C, 0x2C, 0x2C, 0x2C, 0x2D, 0x2C, 0x2C, 0x2C, 0x2D, 0x2B, 0x2C, 0x2D, 0x2C,
    0x2C, 0x2C, 0x2C, 0x2C, 0x2C, 0x2B, 0x2D, 0x2D, 0x2D, 0x2C, 0x2C, 0x2C, 0x2D, 0x2E, 0x2D, 0x2D,
    0x2D, 0x2D, 0x2C, 0x2C, 0x2C, 0x2C, 0x2C, 0x2C, 0x2C, 0x2C, 0x2C, 0x2D, 0x2C, 0x2C, 0x2D, 0x2C,
    0x2C, 0x2C, 0x2D, 0x2C, 0x2C, 0x2C, 0x2D, 0x2D, 0x2C, 0x2D, 0x2B, 0x2B, 0x2C, 0x23, 0x23, 0xDB,
    0xDD, 0xDB, 0x1E, 0x1C, 0xE1, 0xD9, 0xD4, 0xE2, 0xE6, 0x2B, 0x29, 0x2A, 0xD9, 0xD7, 0xD8, 0xD6,
    0xD6, 0xD7, 0xD8, 0xD7, 0xD8, 0xDE, 0xE5, 0xE4, 0xE7, 0xE5, 0xE1, 0xE0, 0xE1, 0xE0, 0xE2, 0xD7,
    0xD8, 0xD7, 0xD8, 0xD8, 0xD8, 0xD8, 0xD9, 0xD9, 0xD8, 0xD7, 0xD7, 0xD7, 0xD5, 0x1E, 0x2E, 0x28,
    0xD8, 0xD9, 0xD9, 0xD9, 0xD9, 0xD7, 0xD9, 0xD9, 0xD9, 0xD8, 0xD8, 0xDD, 0xAF, 0x27, 0x23, 0xDB,
    0xD9, 0xD8, 0x1E, 0x21, 0x2D, 0x2D, 0x2C, 0x2D, 0x2C, 0x2C, 0x2C, 0x2D, 0x2C, 0x2C, 0x2C, 0x2C,
    0x2D, 0x2C, 0x2D, 0x2D, 0x2C, 0x2D, 0x2C, 0x2D, 0x2C, 0x2C, 0x2C, 0x2D, 0x2C, 0x2C, 0x2C, 0x2D,
    0x2B, 0x2C, 0x2C, 0x2D, 0x2C, 0x2D, 0x2C, 0x2C, 0x2C, 0x2C, 0x2C, 0x2C, 0x2D, 0x2C, 0x2A, 0x2A,
    0x2C, 0x2B, 0x2B, 0x2C, 0x2D, 0x2D, 0x2B, 0x2C, 0x2D, 0x2C, 0x2D, 0x2D, 0x2B, 0x2A, 0x2C, 0x2B,
    0x2A, 0x2C, 0x2C, 0x2B, 0x2C, 0x2B, 0x2C, 0x2D, 0x2C, 0x2C, 0x2C, 0x2D, 0x2C, 0x2C, 0x2C, 0x2C,
    0x2C, 0x2C, 0x2C, 0x2C, 0x2D, 0x2C, 0x2D, 0x2C, 0x21, 0xD8, 0xD8, 0xE3, 0xE2, 0xE3, 0xD9, 0xD9,
    0xD5, 0xDB, 0xD9, 0xD9, 0xDA, 0xD9, 0xD8, 0xD9, 0x2D, 0x2C, 0x2B, 0x2C, 0x2C, 0x2C, 0x2C, 0x2C,
    0x2C, 0x2D, 0x2C, 0x2D, 0x2D, 0x2C, 0x2C, 0x2C, 0x2D, 0x2D, 0x2C, 0x2C, 0x2C, 0x2C, 0x2C, 0x2C,
    0x2C, 0x2C, 0x2D, 0x2C, 0x2C, 0x2C, 0x2C, 0x2C, 0x2E, 0x2C, 0x2D, 0x2D, 0x2D, 0x2C, 0x2B, 0x2B,
    0x2C, 0x2C, 0x2C, 0x2C, 0x2C, 0x2B, 0x2C, 0x2C, 0x2C, 0x2D, 0x2D, 0x2D, 0x2C, 0x2C, 0x2C, 0x2C,
    0x2D, 0x2C, 0x2C, 0x2C, 0x2C, 0x2D, 0x2D, 0x2C, 0x2C, 0x2D, 0x2D, 0x2D, 0x2C, 0x2D, 0x2C, 0x2D,
    0x2C, 0x2D, 0x2C, 0x2D, 0x2C, 0x2C, 0x2C, 0x2C, 0x2C, 0x2C, 0x2C, 0x2D, 0x2E, 0x2C, 0x2B, 0xD5,
    0xD7, 0xD3, 0x2A, 0x2B, 0xE1, 0xD8, 0xD9, 0xDB, 0xDB, 0x33, 0x33, 0x32, 0xD9, 0xD8, 0xD8, 0xD6,
    0xD7, 0xD9, 0xD8, 0xD8, 0xD8, 0xD8, 0xDB, 0xD8, 0xDA, 0xD9, 0xD8, 0xD9, 0xD6, 0xD8, 0xD8, 0xD8,
    0xD8, 0xD7, 0xD8, 0xDB, 0xD9, 0xD9, 0xD9, 0xD9, 0xD8, 0xD8, 0xD9, 0xD8, 0xD6, 0x1B, 0x2A, 0x20,
    0xD9, 0xD9, 0xDA, 0xD8, 0xDA, 0xD9, 0xD9, 0xDA, 0xDA, 0xD8, 0xD7, 0xD7, 0xAC, 0x30, 0x2E, 0xD6,
    0xD7, 0xD4, 0x2C, 0x2C, 0x2C, 0x2C, 0x2D, 0x2D, 0x2D, 0x2C, 0x2C, 0x2E, 0x2C, 0x2D, 0x2C, 0x2C,
    0x2D, 0x2D, 0x2B, 0x2C, 0x2C, 0x2C, 0x2C, 0x2C, 0x2D, 0x2D, 0x2D, 0x2E, 0x2D, 0x2E, 0x2C, 0x2C,
    0x2C, 0x2B, 0x2C, 0x2C, 0x2C, 0x2C, 0x2D, 0x2C, 0x2C, 0x2D, 0x2D, 0x2C, 0x2C, 0x2C, 0x2B, 0x2C,
    0x2B, 0x2B, 0x2C, 0x2D, 0x2C, 0x2C, 0x2C, 0x2C, 0x2C, 0x2C, 0x2C, 0x2D, 0x2B, 0x2B, 0x2B, 0x2B,
    0x2B, 0x2C, 0x2C, 0x2B, 0x2B, 0x2C, 0x2C, 0x2C, 0x2B, 0x2C, 0x2C, 0x2D, 0x2C, 0x2D, 0x2C, 0x2D,
    0x2C, 0x2C, 0x2D, 0x2C, 0x2D, 0x2D, 0x2D, 0x2C, 0x23, 0xD9, 0xD8, 0xD9, 0xD7, 0xD8, 0xD8, 0xD8,
    0xD8, 0xD8, 0xD9, 0xDA, 0xD9, 0x7D, 0x22, 0x21, 0xDE, 0xDE, 0xC1, 0x2C, 0x2C, 0x2D, 0x2C, 0x2C,
    0x2D, 0x2C, 0x2C, 0x2C, 0x2C, 0x2C, 0x2D, 0x2C, 0x2C, 0x2C, 0x2C, 0x2C, 0x2D, 0x2C, 0x2C, 0x2C,
    0x2D, 0x2D, 0x2C, 0x2C, 0x2D, 0x2C, 0x2C, 0x2E, 0x2D, 0x2E, 0x2C, 0x2D, 0x2D, 0x2B, 0x2C, 0x2B,
    0x2C, 0x2C, 0x2C, 0x2C, 0x2B, 0x2B, 0x2C, 0x2D, 0x2E, 0x2D, 0x2E, 0x2C, 0x2C, 0x2C, 0x2C, 0x2C,
    0x2C, 0x2C, 0x2C, 0x2D, 0x2C, 0x2C, 0x2C, 0x2C, 0x2D, 0x2E, 0x2C, 0x2C, 0x2C, 0x2D, 0x2C, 0x2C,
    0x2C, 0x2C, 0x2C, 0x2C, 0x2C, 0x2C, 0x2C, 0x2C, 0x2C, 0x2D, 0x2D, 0x2D, 0x2D, 0x2D, 0x2C, 0xD5,
    0xD5, 0xCF, 0x29, 0x2E, 0xE5, 0xDA, 0xDA, 0xD8, 0xD8, 0xE4, 0xE4, 0xE1, 0x18, 0x19, 0x19, 0x19,
    0x18, 0xD7, 0xD8, 0xD8, 0xD8, 0xD8, 0xD9, 0xD8, 0xD8, 0xD9, 0xD8, 0xD9, 0xD8, 0xD8, 0xDA, 0xD9,
    0xD9, 0xD8, 0xD8, 0xD8, 0xD8, 0xD8, 0xD8, 0xD9, 0x28, 0x24, 0x21, 0x1D, 0x18, 0xDF, 0xDE, 0xDF,
    0xD9, 0xD9, 0xD9, 0xD9, 0xD9, 0xDA, 0xDA, 0xD9, 0xD8, 0xD8, 0x19, 0x18, 0x23, 0x2D, 0x30, 0xDA,
    0xD9, 0xDA, 0x2D, 0x2B, 0x2B, 0x2C, 0x2C, 0x2C, 0x2D, 0x2C, 0x2C, 0x2C, 0x2C, 0x2C, 0x2C, 0x2D,
    0x2C, 0x2C, 0x2C, 0x2C, 0x2D, 0x2C, 0x2C, 0x2D, 0x2C, 0x2C, 0x2C, 0x2B, 0x2C, 0x2D, 0x2C, 0x2C,
    0x2C, 0x2C, 0x2C, 0x2C, 0x2C, 0x2C, 0x2C, 0x2C, 0x2C, 0x2E, 0x2C, 0x2D, 0x2C, 0x2C, 0x2B, 0x2B,
    0x2C, 0x2B, 0x2B, 0x2B, 0x2B, 0x2B, 0x2C, 0x2C, 0x2C, 0x2D, 0x2C, 0x2D, 0x2D, 0x2B, 0x2C, 0x2C,
    0x2B, 0x2C, 0x2C, 0x2C, 0x2D, 0x2C, 0x2C, 0x2C, 0x2C, 0x2D, 0x2C, 0x2C, 0x2D, 0x2C, 0x2D, 0x2C,
    0x2D, 0x2D, 0x2C, 0x2C, 0x2D, 0x2C, 0xE5, 0xE2, 0xE8, 0x1F, 0x1F, 0xE1, 0xD8, 0xD8, 0xD8, 0xD9,
    0xD8, 0xD8, 0xD8, 0xD9, 0xD8, 0x75, 0x2C, 0x2A, 0xD6, 0xD6, 0xB8, 0x2C, 0x2C, 0x2C, 0x2C, 0x2D,
    0x2C, 0x2C, 0x2C, 0x2C, 0x2D, 0x2C, 0x2D, 0x2C, 0x2C, 0x2C, 0x2C, 0x2C, 0x2D, 0x2C, 0x2C, 0x2C,
    0x2D, 0x2C, 0x2D, 0x2D, 0x2C, 0x2D, 0x2D, 0x2D, 0x2D, 0x2C, 0x2C, 0x2C, 0x2C, 0x2C, 0x2B, 0x2B,
    0x2C, 0x2C, 0x2C, 0x2C, 0x2E, 0x2C, 0x2E, 0x2D, 0x2D, 0x2E, 0x2C, 0x2D, 0x2C, 0x2C, 0x2C, 0x2C,
    0x2C, 0x2C, 0x2C, 0x2D, 0x2C, 0x2D, 0x2C, 0x2C, 0x2D, 0x2D, 0x2D, 0x2D, 0x2C, 0x2C, 0x2C, 0x2D,
    0x2C, 0x2C, 0x2C, 0x2C, 0x2C, 0x2C, 0x2D, 0x2C, 0x2D, 0x2C, 0x2D, 0x2C, 0x2C, 0x2D, 0x2B, 0xDA,
    0xD8, 0xD6, 0x2F, 0x2F, 0xE6, 0xD8, 0xDA, 0xDB, 0xDA, 0xD9, 0xD8, 0xD8, 0x27, 0x2B, 0x2B, 0x2D,
    0x2C, 0xD9, 0xD9, 0xD9, 0xDA, 0xDA, 0xD9, 0xD9, 0xD9, 0xD9, 0xD8, 0xD9, 0xD9, 0xD9, 0xD8, 0xD6,
    0xD8, 0xDA, 0xD9, 0xD9, 0xD9, 0xD8, 0xDA, 0xDA, 0x34, 0x2E, 0x2F, 0x2E, 0x2A, 0xDC, 0xD9, 0xD9,
    0xD9, 0xD9, 0xD9, 0xD9, 0xD9, 0xDA, 0xD9, 0xDA, 0xD9, 0xD9, 0x2B, 0x2C, 0x2A, 0x2A, 0x2E, 0xDD,
    0xD9, 0xDF, 0x2D, 0x2B, 0x2B, 0x2D, 0x2C, 0x2C, 0x2D, 0x2C, 0x2D, 0x2C, 0x2C, 0x2C, 0x2C, 0x2C,
    0x2C, 0x2C, 0x2C, 0x2C, 0x2D, 0x2C, 0x2D, 0x2D, 0x2D, 0x2D, 0x2D, 0x2D, 0x2C, 0x2C, 0x2C, 0x2C,
    0x2C, 0x2C, 0x2C, 0x2C, 0x2C, 0x2D, 0x2D, 0x2C, 0x2D, 0x2D, 0x2C, 0x2D, 0x2C, 0x2C, 0x2C, 0x2C,
    0x2B, 0x2B, 0x2B, 0x2B, 0x2A, 0x2B, 0x2B, 0x2C, 0x2D, 0x2D, 0x2E, 0x2C, 0x2C, 0x2C, 0x2B, 0x2B,
    0x2B, 0x2C, 0x2B, 0x2B, 0x2C, 0x2D, 0x2C, 0x2C, 0x2C, 0x2D, 0x2B, 0x2D, 0x2C, 0x2C, 0x2C, 0x2C,
    0x2D, 0x2B, 0x2C, 0x2B, 0x2D, 0x2D, 0xE1, 0xD9, 0xE0, 0x28, 0x29, 0xE3, 0xD8, 0xD9, 0xD9, 0xD8,
    0xD8, 0xD8, 0xD8, 0xD8, 0xD8, 0xDA, 0xD9, 0xD9, 0x30, 0x2B, 0x2B, 0x2C, 0x2C, 0x2C, 0x2D, 0x2D,
    0x2D, 0x2D, 0x2D, 0x2D, 0x2D, 0x2D, 0x2D, 0x2C, 0x2C, 0x2C, 0x2C, 0x2C, 0x2C, 0x2C, 0x2C, 0x2D,
    0x2C, 0x2D, 0x2D, 0x2D, 0x2D, 0x2D, 0x2C, 0x2C, 0x2D, 0x2C, 0x2C, 0x2C, 0x2C, 0x2C, 0x2C, 0x2C,
    0x2C, 0x2C, 0x2C, 0x2C, 0x2C, 0x2D, 0x2B, 0x2D, 0x2D, 0x2E, 0x2D, 0x2E, 0x2C, 0x2C, 0x2C, 0x2C,
    0x2C, 0x2C, 0x2C, 0x2C, 0x2C, 0x2D, 0x2D, 0x2D, 0x2C, 0x2D, 0x2E, 0x2D, 0x2D, 0x2D, 0x2C, 0x2C,
    0x2C, 0x2C, 0x2C, 0x2C, 0x2C, 0x2C, 0x2D, 0x2C, 0x2D, 0x2C, 0x2D, 0x2D, 0x2D, 0x2D, 0x2C, 0x2E,
    0x32, 0x2F, 0xD8, 0xDA, 0x25, 0x30, 0x30, 0x32, 0x2D, 0xD5, 0xD8, 0xD9, 0xDA, 0xD7, 0xD7, 0xDA,
    0xDD, 0x36, 0x30, 0x31, 0x2F, 0x2D, 0x2B, 0x2C, 0x2F, 0x2F, 0x2F, 0x30, 0x31, 0x2F, 0x32, 0x30,
    0x2D, 0x2C, 0x2C, 0x2B, 0x2E, 0x32, 0x33, 0x34, 0xDB, 0xD9, 0xD9, 0xD9, 0xDA, 0xD8, 0xD9, 0xD8,
    0xDA, 0xDA, 0xDA, 0xDA, 0xD9, 0xDA, 0xDB, 0x47, 0x36, 0x35, 0xDB, 0xDA, 0xA3, 0x29, 0x2F, 0xD9,
    0xD8, 0xDA, 0x2D, 0x2C, 0x2C, 0x2B, 0x2D, 0x2E, 0x2D, 0x2D, 0x2C, 0x2C, 0x2C, 0x2C, 0x2B, 0x2C,
    0x2C, 0x2C, 0x2C, 0x2C, 0x2D, 0x2D, 0x2D, 0x2D, 0x2D, 0x2D, 0x2D, 0x2C, 0x2C, 0x2C, 0x2C, 0x2C,
    0x2C, 0x2C, 0x2C, 0x2C, 0x2D, 0x2C, 0x2D, 0x2C, 0x2D, 0x2D, 0x2D, 0x2D, 0x2D, 0x2D, 0x2C, 0x2B,
    0x2B, 0x2C, 0x2A, 0x2A, 0x2B, 0x2B, 0x2C, 0x2A, 0x2C, 0x2D, 0x2C, 0x2D, 0x2D, 0x2E, 0x2C, 0x2B,
    0x2B, 0x2B, 0x2C, 0x2C, 0x2C, 0x2C, 0x2C, 0x2C, 0x2D, 0x2C, 0x2C, 0x2D, 0x2D, 0x2D, 0x2D, 0x2C,
    0x2D, 0x2D, 0x2B, 0x2B, 0x2B, 0x2C, 0x2C, 0x2F, 0x27, 0xDB, 0xD9, 0xD8, 0xD9, 0xDA, 0xDA, 0xD9,
    0xD8, 0xD8, 0xD8, 0xD8, 0xD8, 0xD9, 0xD9, 0xD8, 0x2E, 0x2B, 0x2B, 0x2B, 0x2C, 0x2C, 0x2D, 0x2C,
    0x2D, 0x2D, 0x2C, 0x2C, 0x2C, 0x2C, 0x2C, 0x2C, 0x2C, 0x2C, 0x2C, 0x2C, 0x2C, 0x2C, 0x2C, 0x2C,
    0x2C, 0x2D, 0x2C, 0x2C, 0x2D, 0x2D, 0x2C, 0x2C, 0x2C, 0x2C, 0x2C, 0x2C, 0x2C, 0x2C, 0x2C, 0x2C,
    0x2C, 0x2C, 0x2C, 0x2C, 0x2C, 0x2C, 0x2C, 0x2D, 0x2C, 0x2C, 0x2D, 0x2C, 0x2D, 0x2C, 0x2C, 0x2D,
    0x2C, 0x2C, 0x2C, 0x2C, 0x2C, 0x2C, 0x2D, 0x2C, 0x2C, 0x2D, 0x2C, 0x2C, 0x2C, 0x2C, 0x2C, 0x2C,
    0x2C, 0x2C, 0x2C, 0x2C, 0x2C, 0x2C, 0x2C, 0x2C, 0x2C, 0x2C, 0x2C, 0x2C, 0x2D, 0x2D, 0x2F, 0x32,
    0x36, 0x2D, 0xD5, 0xD8, 0x28, 0x31, 0x2B, 0x2D, 0x2B, 0xD5, 0xD9, 0xD9, 0xD8, 0xD8, 0xD8, 0xD9,
    0xDC, 0x32, 0x30, 0x2E, 0x2C, 0x2B, 0x2C, 0x2B, 0x2D, 0x2E, 0x2E, 0x2F, 0x2E, 0x2E, 0x2F, 0x2D,
    0x2B, 0x2B, 0x2B, 0x2C, 0x2D, 0x2F, 0x31, 0x31, 0xDA, 0xD8, 0xD8, 0xD8, 0xDA, 0xD9, 0xD9, 0xD9,
    0xD9, 0xD9, 0xD9, 0xD8, 0xDA, 0xD9, 0xD8, 0x42, 0x35, 0x35, 0xDC, 0xD9, 0xAA, 0x2B, 0x2A, 0xD5,
    0xD6, 0xD7, 0x2B, 0x2C, 0x2B, 0x2B, 0x2C, 0x2C, 0x2C, 0x2C, 0x2C, 0x2D, 0x2C, 0x2C, 0x2C, 0x2C,
    0x2D, 0x2C, 0x2C, 0x2C, 0x2C, 0x2D, 0x2D, 0x2C, 0x2C, 0x2C, 0x2C, 0x2C, 0x2C, 0x2C, 0x2C, 0x2C,
    0x2C, 0x2C, 0x2C, 0x2D, 0x2C, 0x2C, 0x2C, 0x2C, 0x2C, 0x2D, 0x2C, 0x2C, 0x2C, 0x2C, 0x2D, 0x2C,
    0x2C, 0x2C, 0x2B, 0x2C, 0x2B, 0x2C, 0x2C, 0x2C, 0x2C, 0x2C, 0x2C, 0x2D, 0x2C, 0x2D, 0x2B, 0x2C,
    0x2B, 0x2B, 0x2B, 0x2C, 0x2C, 0x2C, 0x2C, 0x2C, 0x2C, 0x2C, 0x2D, 0x2C, 0x2C, 0x2C, 0x2C, 0x2D,
    0x2C, 0x2C, 0x2B, 0x2B, 0x2B, 0x2D, 0x2C, 0x2B, 0x23, 0xDA, 0xDA, 0xDA, 0xD9, 0xD9, 0xD9, 0xD8,
    0xD8, 0xD9, 0xD8, 0xD8, 0xD9, 0xD8, 0xDA, 0xD8, 0x2E, 0x2B, 0x2C, 0x2D, 0x2D, 0x2D, 0x2C, 0x2D,
    0x2D, 0x2C, 0x2C, 0x2C, 0x2C, 0x2C, 0x2E, 0x2C, 0x2C, 0x2C, 0x2C, 0x2C, 0x2C, 0x2C, 0x2C, 0x2C,
    0x2D, 0x2B, 0x2C, 0x2C, 0x2C, 0x2B, 0x2B, 0x2C, 0x2C, 0x2C, 0x2C, 0x2C, 0x2C, 0x2C, 0x2C, 0x2C,
    0x2C, 0x2C, 0x2C, 0x2C, 0x2C, 0x2B, 0x2A, 0x2B, 0x2C, 0x2D, 0x2B, 0x2C, 0x2C, 0x2C, 0x2C, 0x2C,
    0x2C, 0x2C, 0x2C, 0x2C, 0x2C, 0x2C, 0x2C, 0x2D, 0x2C, 0x2C, 0x2C, 0x2C, 0x2B, 0x2C, 0x2C, 0x2C,
    0x2C, 0x2C, 0x2C, 0x2C, 0x2C, 0x2C, 0x2C, 0x2C, 0x2C, 0x2C, 0x2D, 0x2D, 0x2A, 0x2A, 0x2D, 0xDB,
    0xDA, 0xD9, 0x2F, 0x31, 0xE5, 0xDB, 0xD6, 0xD7, 0xD9, 0xD8, 0xD6, 0xD9, 0xD8, 0xD9, 0xDA, 0xDB,
    0xDC, 0xD9, 0xD7, 0xD7, 0xD8, 0xD7, 0xD8, 0xD7, 0xD9, 0xD8, 0xD8, 0xD9, 0xD8, 0xD9, 0xD8, 0xD9,
    0xD9, 0xDA, 0xD9, 0xD8, 0xD7, 0xD8, 0xD7, 0xD8, 0xD9, 0xD9, 0xD9, 0xD9, 0xD9, 0xD9, 0xD9, 0xD9,
    0xD9, 0xD9, 0xD9, 0xD9, 0xD9, 0xD9, 0xD9, 0xD8, 0xD9, 0xD9, 0xDA, 0xDB, 0xDA, 0xD8, 0xD9, 0x28,
    0x2D, 0x2D, 0xD4, 0xD5, 0x1D, 0x2D, 0x2C, 0x2C, 0x2C, 0x2D, 0x2C, 0x2C, 0x2B, 0x2E, 0x2D, 0x2D,
    0x2C, 0x2C, 0x2C, 0x2B, 0x2C, 0x2C, 0x2C, 0x2C, 0x2D, 0x2C, 0x2C, 0x2C, 0x2C, 0x2B, 0x2C, 0x2C,
    0x2C, 0x2C, 0x2D, 0x2C, 0x2D, 0x2D, 0x2C, 0x2C, 0x2C, 0x2C, 0x2C, 0x2C, 0x2C, 0x2C, 0x2C, 0x2C,
    0x2C, 0x2C, 0x2C, 0x2C, 0x2D, 0x2C, 0x2C, 0x2C, 0x2C, 0x2C, 0x2C, 0x2C, 0x2C, 0x2B, 0x2B, 0x2B,
    0x2C, 0x2B, 0x2B, 0x2C, 0x2C, 0x2C, 0x2C, 0x2C, 0x2C, 0x2D, 0x2C, 0x2E, 0x2B, 0x2C, 0x2C, 0x2C,
    0x2B, 0x2A, 0x2B, 0x2B, 0x2C, 0x2D, 0x2D, 0x2C, 0x23, 0xDA, 0xD9, 0xDA, 0xD9, 0xD8, 0xD9, 0xD9,
    0xD9, 0xD8, 0xD8, 0xD8, 0xD8, 0xD9, 0xD8, 0xD9, 0x2F, 0x2B, 0x29, 0x2C, 0x2D, 0x2D, 0x2D, 0x2D,
    0x2D, 0x2C, 0x2C, 0x2C, 0x2C, 0x2C, 0x2E, 0x2D, 0x2C, 0x2D, 0x2C, 0x2C, 0x2C, 0x2C, 0x2C, 0x2C,
    0x2C, 0x2B, 0x2C, 0x2D, 0x2C, 0x2B, 0x2B, 0x2C, 0x2D, 0x2C, 0x2D, 0x2C, 0x2D, 0x2C, 0x2C, 0x2C,
    0x2C, 0x2C, 0x2B, 0x2C, 0x2B, 0x2B, 0x2B, 0x2B, 0x2B, 0x2B, 0x2A, 0x2D, 0x2C, 0x2D, 0x2C, 0x2D,
    0x2D, 0x2C, 0x2C, 0x2C, 0x2C, 0x2C, 0x2B, 0x2E, 0x2C, 0x2C, 0x2C, 0x2C, 0x2C, 0x2D, 0x2D, 0x2C,
    0x2C, 0x2D, 0x2C, 0x2D, 0x2C, 0x2C, 0x2C, 0x2D, 0x2C, 0x2C, 0x2C, 0x2C, 0x2B, 0x28, 0x27, 0xD7,
    0xDA, 0xD6, 0x2D, 0x30, 0xE2, 0xD8, 0xD6, 0xD6, 0xD7, 0xD8, 0xD6, 0xD9, 0xD9, 0xD8, 0xDA, 0xD8,
    0xDB, 0xDA, 0xD9, 0xD8, 0xD9, 0xD9, 0xD9, 0xD9, 0xD9, 0xD8, 0xD8, 0xD8, 0xD8, 0xD8, 0xD9, 0xD9,
    0xD9, 0xD8, 0xD8, 0xD8, 0xDA, 0xD8, 0xD8, 0xD8, 0xD9, 0xD8, 0xD9, 0xD9, 0xD9, 0xD9, 0xD9, 0xD9,
    0xDA, 0xD9, 0xD9, 0xD9, 0xD9, 0xD9, 0xD9, 0xD8, 0xD8, 0xD8, 0xDA, 0xDA, 0xDA, 0xD8, 0xD8, 0x2B,
    0x2E, 0x2D, 0xD4, 0xD5, 0x22, 0x2D, 0x2B, 0x2C, 0x2C, 0x2C, 0x2C, 0x2C, 0x2D, 0x2B, 0x2D, 0x2D,
    0x2D, 0x2B, 0x2D, 0x2C, 0x2B, 0x2C, 0x2C, 0x2C, 0x2C, 0x2C, 0x2C, 0x2C, 0x2C, 0x2D, 0x2C, 0x2C,
    0x2D, 0x2D, 0x2C, 0x2C, 0x2D, 0x2C, 0x2C, 0x2D, 0x2C, 0x2C, 0x2D, 0x2C, 0x2C, 0x2D, 0x2D, 0x2D,
    0x2C, 0x2D, 0x2C, 0x2C, 0x2C, 0x2C, 0x2C, 0x2C, 0x2C, 0x2C, 0x2C, 0x2C, 0x2C, 0x2B, 0x2C, 0x2C,
    0x2B, 0x2C, 0x2C, 0x2C, 0x2C, 0x2C, 0x2C, 0x2C, 0x2D, 0x2D, 0x2D, 0x2E, 0x2B, 0x2C, 0x2C, 0x2C,
    0x2B, 0x2C, 0x2C, 0x2C, 0x2B, 0x2C, 0x2C, 0x2D, 0x23, 0xDA, 0xD9, 0xD8, 0xD8, 0xD8, 0xD8, 0xD8,
    0xD8, 0xD8, 0xD8, 0xD8, 0xD8, 0x83, 0x2B, 0x29, 0xD8, 0xD8, 0xBC, 0x2E, 0x2D, 0x2D, 0x2D, 0x2D,
    0x2C, 0x2D, 0x2B, 0x2D, 0x2C, 0x2C, 0x2D, 0x2C, 0x2C, 0x2C, 0x2C, 0x2D, 0x2C, 0x2C, 0x2D, 0x2D,
    0x2C, 0x2C, 0x2B, 0x2C, 0x2C, 0x2D, 0x2C, 0x2D, 0x2D, 0x2C, 0x2D, 0x2C, 0x2D, 0x2C, 0x2C, 0x2C,
    0x2C, 0x2C, 0x2C, 0x2C, 0x2C, 0x2B, 0x2A, 0x2B, 0x2B, 0x2B, 0x2B, 0x2B, 0x2B, 0x2B, 0x2B, 0x2C,
    0x2C, 0x2C, 0x2C, 0x2C, 0x2C, 0x2C, 0x2C, 0x2D, 0x2C, 0x2C, 0x2D, 0x2E, 0x2C, 0x2D, 0x2C, 0x2C,
    0x2C, 0x2C, 0x2C, 0x2C, 0x2C, 0x2C, 0x2C, 0x2C, 0x2C, 0x2B, 0x2C, 0x2D, 0x55, 0xD7, 0xD6, 0x29,
    0x2C, 0x30, 0xDE, 0xDB, 0xD7, 0xD6, 0xD7, 0xD8, 0xD8, 0xD8, 0xD9, 0xD9, 0xD9, 0xD8, 0xDA, 0xD9,
    0xD9, 0xD8, 0xD8, 0xD9, 0xD8, 0xD9, 0xD9, 0xD9, 0xD8, 0xD8, 0xD8, 0xD8, 0xD8, 0xD8, 0xD8, 0xD8,
    0xD9, 0xD9, 0xD8, 0xD9, 0xD9, 0xD8, 0xD8, 0xD9, 0xD8, 0xD8, 0xD9, 0xD9, 0xD9, 0xD9, 0xD9, 0xD9,
    0xD9, 0xD9, 0xD9, 0xD9, 0xD9, 0xD8, 0xD7, 0xD8, 0xD8, 0xD8, 0xD7, 0xDA, 0xD8, 0xD6, 0xD9, 0x2A,
    0x2F, 0x30, 0xD9, 0xDC, 0x23, 0x2B, 0x2C, 0x2D, 0x2C, 0x2C, 0x2D, 0x2C, 0x2D, 0x2C, 0x2C, 0x2C,
    0x2B, 0x2D, 0x2C, 0x2C, 0x2C, 0x2C, 0x2C, 0x2C, 0x2C, 0x2C, 0x2C, 0x2C, 0x2C, 0x2C, 0x2B, 0x2C,
    0x2B, 0x2C, 0x2B, 0x2D, 0x2C, 0x2C, 0x2C, 0x2C, 0x2C, 0x2C, 0x2C, 0x2C, 0x2C, 0x2C, 0x2C, 0x2C,
    0x2C, 0x2C, 0x2C, 0x2C, 0x2C, 0x2D, 0x2D, 0x2C, 0x2C, 0x2C, 0x2B, 0x2C, 0x2A, 0x2B, 0x2B, 0x2B,
    0x2B, 0x2B, 0x2B, 0x2C, 0x2C, 0x2C, 0x2C, 0x2C, 0x2D, 0x2D, 0x2C, 0x2C, 0x2B, 0x2C, 0x2A, 0x2B,
    0x2B, 0x2B, 0x2B, 0x2B, 0x2D, 0x2B, 0xDD, 0xD9, 0xDF, 0x29, 0x27, 0xE0, 0xD8, 0xD8, 0xD8, 0xD8,
    0xD9, 0xD9, 0xDA, 0xD8, 0xDA, 0x87, 0x2A, 0x2A, 0xD7, 0xD7, 0xB9, 0x2C, 0x2D, 0x2D, 0x2C, 0x2D,
    0x2C, 0x2C, 0x2B, 0x2C, 0x2D, 0x2B, 0x2B, 0x2C, 0x2C, 0x2C, 0x2C, 0x2C, 0x2C, 0x2C, 0x2C, 0x2C,
    0x2C, 0x2C, 0x2C, 0x2C, 0x2C, 0x2C, 0x2B, 0x2D, 0x2C, 0x2C, 0x2B, 0x2D, 0x2C, 0x2C, 0x2C, 0x2C,
    0x2C, 0x2B, 0x2C, 0x2C, 0x2B, 0x2B, 0x2B, 0x2C, 0x2B, 0x2B, 0x2A, 0x2C, 0x2B, 0x2A, 0x2B, 0x2C,
    0x2C, 0x2D, 0x2D, 0x2C, 0x2D, 0x2D, 0x2D, 0x2D, 0x2C, 0x2C, 0x2C, 0x2C, 0x2C, 0x2C, 0x2C, 0x2C,
    0x2C, 0x2C, 0x2D, 0x2D, 0x2D, 0x2C, 0x2B, 0x2B, 0x2B, 0x2B, 0x2C, 0x2B, 0x5C, 0xD9, 0xD8, 0x29,
    0x2C, 0x2D, 0xD8, 0xD8, 0xD7, 0xD8, 0xDA, 0xD8, 0xD8, 0xD8, 0xD9, 0xD9, 0xD9, 0xD7, 0xD9, 0xD8,
    0xD9, 0xD8, 0xD8, 0xD9, 0xD8, 0xD8, 0xD9, 0xD8, 0xD9, 0xD9, 0xD9, 0xD8, 0xD9, 0xD8, 0xD7, 0xD8,
    0xD9, 0xD8, 0xD8, 0xD9, 0xD9, 0xD9, 0xD8, 0xD9, 0xD8, 0xD8, 0xD9, 0xD8, 0xD7, 0xD9, 0xDA, 0xD9,
    0xD9, 0xD9, 0xD8, 0xD9, 0xD7, 0xD8, 0xD8, 0xDA, 0xD6, 0xDA, 0xD7, 0xD8, 0xD8, 0xD7, 0xD8, 0x2B,
    0x2F, 0x34, 0xDB, 0xDB, 0x23, 0x2C, 0x2A, 0x2C, 0x2C, 0x2B, 0x2D, 0x2C, 0x2D, 0x2D, 0x2D, 0x2D,
    0x2D, 0x2D, 0x2B, 0x2E, 0x2D, 0x2C, 0x2C, 0x2E, 0x2C, 0x2C, 0x2C, 0x2D, 0x2C, 0x2C, 0x2C, 0x2C,
    0x2C, 0x2C, 0x2C, 0x2B, 0x2D, 0x2C, 0x2C, 0x2C, 0x2C, 0x2C, 0x2C, 0x2C, 0x2D, 0x2C, 0x2C, 0x2C,
    0x2C, 0x2D, 0x2C, 0x2C, 0x2B, 0x2C, 0x2C, 0x2C, 0x2C, 0x2C, 0x2C, 0x2B, 0x2A, 0x2A, 0x2C, 0x2B,
    0x2C, 0x2E, 0x2C, 0x2D, 0x2C, 0x2C, 0x2D, 0x2D, 0x2C, 0x2C, 0x2C, 0x2C, 0x2C, 0x2C, 0x2B, 0x2A,
    0x2A, 0x2B, 0x2B, 0x2B, 0x2C, 0x2C, 0xDD, 0xD9, 0xE0, 0x29, 0x2A, 0xE2, 0xDA, 0xD9, 0xD8, 0xD9,
    0xD9, 0xD8, 0xD8, 0x2B, 0x2D, 0x71, 0xD6, 0xD8, 0x30, 0x2C, 0x2B, 0x2C, 0x2C, 0x2C, 0x2C, 0x2D,
    0x2D, 0x2B, 0x2C, 0x2D, 0x2C, 0x2D, 0x2B, 0x2C, 0x2C, 0x2C, 0x2C, 0x2C, 0x2C, 0x2C, 0x2D, 0x2C,
    0x2C, 0x2C, 0x2C, 0x2C, 0x2C, 0x2C, 0x2C, 0x2C, 0x2B, 0x2B, 0x2C, 0x2D, 0x2B, 0x2D, 0x2B, 0x2B,
    0x2C, 0x2B, 0x2C, 0x2C, 0x2B, 0x2C, 0x2B, 0x2C, 0x2B, 0x2C, 0x2C, 0x2A, 0x2C, 0x2C, 0x2B, 0x2D,
    0x2C, 0x2C, 0x2C, 0x2D, 0x2C, 0x2C, 0x2C, 0x2C, 0x2C, 0x2C, 0x2C, 0x2C, 0x2D, 0x2C, 0x2C, 0x2C,
    0x2C, 0x2C, 0x2C, 0x2D, 0x2C, 0x2D, 0x2B, 0x2B, 0x2B, 0x2B, 0x2C, 0x2C, 0x61, 0xDA, 0xD7, 0x27,
    0x27, 0x2D, 0xD8, 0xD6, 0xD7, 0xD9, 0xD8, 0xDA, 0xD8, 0xD9, 0xD8, 0xD7, 0xD9, 0xD7, 0xD8, 0xD7,
    0xD4, 0xD8, 0xD9, 0xD9, 0xD9, 0xD8, 0xDA, 0xD9, 0xD9, 0xD9, 0xD9, 0xD8, 0xD7, 0xD9, 0xD8, 0xD7,
    0xD7, 0xD8, 0xD7, 0xD8, 0xD9, 0xD9, 0xD8, 0xD9, 0xD9, 0xD9, 0xD8, 0xD8, 0xD9, 0xD9, 0xDA, 0xD9,
    0xD8, 0xD9, 0xD8, 0xD9, 0xD8, 0xD8, 0xD9, 0xD8, 0xD8, 0xD8, 0xD8, 0xD7, 0xA0, 0x2D, 0x2D, 0x2D,
    0x2E, 0x2D, 0xD9, 0xD6, 0x21, 0x2C, 0x2B, 0x2B, 0x2D, 0x2D, 0x2D, 0x2C, 0x2D, 0x2D, 0x2D, 0x2C,
    0x2D, 0x2D, 0x2D, 0x2B, 0x2D, 0x2C, 0x2C, 0x2D, 0x2C, 0x2C, 0x2D, 0x2C, 0x2C, 0x2A, 0x2C, 0x2C,
    0x2C, 0x2B, 0x2C, 0x2C, 0x2C, 0x2C, 0x2D, 0x2C, 0x2D, 0x2C, 0x2C, 0x2C, 0x2C, 0x2D, 0x2D, 0x2C,
    0x2C, 0x2C, 0x2C, 0x2C, 0x2C, 0x2D, 0x2C, 0x2B, 0x2C, 0x2C, 0x2C, 0x2D, 0x2B, 0x2B, 0x2B, 0x2A,
    0x2B, 0x2C, 0x2C, 0x2B, 0x2C, 0x2C, 0x2C, 0x2D, 0x2C, 0x2C, 0x2C, 0x2C, 0x2C, 0x2C, 0x2B, 0x2B,
    0x2C, 0x2C, 0x2C, 0x2C, 0x2D, 0x2D, 0x2D, 0x2D, 0x23, 0xD8, 0xD9, 0x20, 0x2D, 0x2A, 0xD9, 0xDA,
    0xD8, 0xD8, 0xD9, 0x2A, 0x28, 0x72, 0xD7, 0xD9, 0x2D, 0x2C, 0x2B, 0x2C, 0x2B, 0x2B, 0x2C, 0x2D,
    0x2D, 0x2E, 0x2B, 0x2B, 0x2C, 0x2C, 0x2C, 0x2D, 0x2C, 0x2D, 0x2C, 0x2C, 0x2C, 0x2D, 0x2C, 0x2C,
    0x2C, 0x2C, 0x2C, 0x2C, 0x2C, 0x2C, 0x2C, 0x2C, 0x2B, 0x2C, 0x2B, 0x2B, 0x2D, 0x2D, 0x2D, 0x2B,
    0x2B, 0x2C, 0x2C, 0x2A, 0x2B, 0x29, 0x2A, 0x2B, 0x2B, 0x2A, 0x2B, 0x2B, 0x2C, 0x2C, 0x2C, 0x2D,
    0x2D, 0x2D, 0x2D, 0x2C, 0x2C, 0x2C, 0x2C, 0x2C, 0x2C, 0x2C, 0x2C, 0x2C, 0x2C, 0x2C, 0x2C, 0x2C,
    0x2C, 0x2C, 0x2D, 0x2C, 0x2D, 0x2D, 0x2B, 0x2C, 0x2B, 0x2B, 0x2C, 0x2C, 0x5F, 0xD8, 0xD8, 0x27,
    0x28, 0x2E, 0xD8, 0xD7, 0xD8, 0xD8, 0xD9, 0xDA, 0xD9, 0xDA, 0xD9, 0xD7, 0xD7, 0xD6, 0xD4, 0xD5,
    0xD2, 0xDA, 0xD7, 0xD9, 0xDA, 0xD9, 0xD9, 0xD9, 0xDA, 0xD8, 0xD9, 0xD8, 0xD8, 0xD9, 0xD7, 0xD8,
    0xD7, 0xD7, 0xD8, 0xD7, 0xD8, 0xD9, 0xD8, 0xD8, 0xD9, 0xD8, 0xD5, 0xD7, 0xD8, 0xD6, 0xD7, 0xD6,
    0xD8, 0xD8, 0xD7, 0xD8, 0xD7, 0xD7, 0xD8, 0xD7, 0xD8, 0xD8, 0xD8, 0xD9, 0x9F, 0x2E, 0x2B, 0x30,
    0x2E, 0x2E, 0xD5, 0xD8, 0x21, 0x2D, 0x2C, 0x2B, 0x2C, 0x2D, 0x2D, 0x2D, 0x2C, 0x2D, 0x2C, 0x2D,
    0x2D, 0x2C, 0x2B, 0x2C, 0x2C, 0x2C, 0x2C, 0x2C, 0x2C, 0x2C, 0x2C, 0x2C, 0x2C, 0x2C, 0x2C, 0x2C,
    0x2C, 0x2C, 0x2C, 0x2B, 0x2B, 0x2C, 0x2C, 0x2C, 0x29, 0x2A, 0x2A, 0x2A, 0x2B, 0x2B, 0x2C, 0x2C,
    0x2C, 0x2B, 0x2C, 0x2D, 0x2D, 0x2C, 0x2C, 0x2D, 0x2C, 0x2C, 0x2C, 0x2C, 0x2B, 0x2B, 0x2B, 0x2B,
    0x2C, 0x2C, 0x2D, 0x2D, 0x2D, 0x2C, 0x2C, 0x2C, 0x2C, 0x2C, 0x2C, 0x2C, 0x2C, 0x2C, 0x2C, 0x2C,
    0x2B, 0x2C, 0x2D, 0x2C, 0x2C, 0x2D, 0x2D, 0x2B, 0x23, 0xD9, 0xD8, 0x1D, 0x2C, 0x26, 0xD8, 0xD9,
    0xD9, 0xD8, 0xD8, 0xD8, 0xD9, 0x6C, 0x2D, 0x2C, 0x2C, 0x2C, 0x2C, 0x2B, 0x2B, 0x2C, 0x2C, 0x2C,
    0x2C, 0x2D, 0x2D, 0x2D, 0x2D, 0x2D, 0x2D, 0x2D, 0x2C, 0x2C, 0x2D, 0x2C, 0x2C, 0x2C, 0x2C, 0x2C,
    0x2C, 0x2C, 0x2C, 0x2C, 0x2C, 0x2C, 0x2C, 0x2D, 0x2C, 0x2C, 0x2B, 0x2B, 0x2B, 0x2C, 0x2C, 0x2C,
    0x2B, 0x2B, 0x2C, 0x2B, 0x2B, 0x2C, 0x2C, 0x2B, 0x2C, 0x2C, 0x2C, 0x2C, 0x2B, 0x2C, 0x2C, 0x2C,
    0x2C, 0x2C, 0x2B, 0x2B, 0x2C, 0x2B, 0x2C, 0x2D, 0x2C, 0x2C, 0x2D, 0x2C, 0x2C, 0x2C, 0x2B, 0x2D,
    0x2C, 0x2D, 0x2C, 0x2D, 0x2C, 0x2C, 0x2C, 0x2B, 0x2B, 0x2B, 0x2B, 0x2B, 0x51, 0xD7, 0xD7, 0x2D,
    0x2D, 0x30, 0xD8, 0xD8, 0xDA, 0xDB, 0xD8, 0xD7, 0xD8, 0xD9, 0xD9, 0xD9, 0xD6, 0xD6, 0x63, 0x28,
    0x2E, 0xD7, 0xD8, 0xD8, 0xD8, 0xD8, 0xD9, 0xD8, 0xD9, 0xD8, 0xD9, 0xD9, 0xD8, 0xD8, 0xD8, 0xD6,
    0xD8, 0xD8, 0xD8, 0xD8, 0xD8, 0xD9, 0xD9, 0xD8, 0x34, 0x2B, 0x41, 0xD8, 0xD7, 0xD6, 0xD7, 0xD8,
    0xD9, 0xD9, 0xD8, 0xDB, 0xD9, 0xD8, 0xD8, 0xD8, 0xD8, 0xD9, 0xD7, 0xD8, 0xD8, 0xD9, 0xDA, 0x30,
    0x2E, 0x2D, 0x2C, 0x2B, 0xE0, 0xD5, 0xE4, 0x2E, 0x2C, 0x2D, 0x2D, 0x2D, 0x2D, 0x2D, 0x2C, 0x2C,
    0x2D, 0x2C, 0x2C, 0x2C, 0x2C, 0x2C, 0x2C, 0x2C, 0x2C, 0x2C, 0x2B, 0x2C, 0x2B, 0x2C, 0x2C, 0x2C,
    0x2C, 0x2C, 0x2C, 0x2B, 0x2C, 0x2C, 0x2A, 0x2C, 0x2C, 0x2C, 0x2C, 0x2B, 0x2B, 0x2C, 0x2C, 0x2C,
    0x2B, 0x2D, 0x2C, 0x2D, 0x2C, 0x2C, 0x2C, 0x2C, 0x2D, 0x2C, 0x2D, 0x2C, 0x2D, 0x2D, 0x2D, 0x2D,
    0x2C, 0x2C, 0x2D, 0x2D, 0x2D, 0x2C, 0x2C, 0x2C, 0x2B, 0x2D, 0x2D, 0x2C, 0x2C, 0x2C, 0x2C, 0x2C,
    0x2C, 0x2C, 0x2D, 0x2C, 0x2C, 0x2D, 0x2D, 0x2C, 0x2A, 0x2C, 0x2D, 0xE0, 0xD9, 0xD9, 0xD9, 0xD9,
    0xD9, 0xD8, 0xD8, 0xD9, 0xD8, 0x70, 0x2A, 0x2B, 0x2B, 0x2A, 0x2A, 0x2D, 0x2B, 0x2B, 0x2C, 0x2C,
    0x2C, 0x2C, 0x2D, 0x2D, 0x2D, 0x2C, 0x2C, 0x2C, 0x2C, 0x2D, 0x2D, 0x2C, 0x2C, 0x2C, 0x2C, 0x2C,
    0x2C, 0x2C, 0x2C, 0x2C, 0x2C, 0x2C, 0x2C, 0x2B, 0x2B, 0x2B, 0x2C, 0x2C, 0x2C, 0x2B, 0x2B, 0x2B,
    0x2C, 0x2C, 0x2C, 0x2D, 0x2B, 0x2B, 0x2C, 0x2C, 0x2C, 0x2C, 0x2C, 0x2C, 0x2C, 0x2C, 0x2C, 0x2C,
    0x2C, 0x2C, 0x2C, 0x2A, 0x2B, 0x2B, 0x2C, 0x2C, 0x2C, 0x2C, 0x2C, 0x2D, 0x2C, 0x2C, 0x2C, 0x2D,
    0x2C, 0x2C, 0x2C, 0x2C, 0x2B, 0x2C, 0x2C, 0x2B, 0x2B, 0x2B, 0x2C, 0x2A, 0x55, 0xD8, 0xD9, 0x33,
    0x34, 0x35, 0xDF, 0xDD, 0xDB, 0xDB, 0xDA, 0xDD, 0xDD, 0xD7, 0xD9, 0xD7, 0xD6, 0xD7, 0x65, 0x2E,
    0x32, 0xDA, 0xD9, 0xD9, 0xD7, 0xD8, 0xD8, 0xD8, 0xD8, 0xD8, 0xD9, 0xD8, 0xD8, 0xD8, 0xD8, 0xD9,
    0xD8, 0xD7, 0xD8, 0xD8, 0xD8, 0xD9, 0xDC, 0xDD, 0x37, 0x34, 0x47, 0xD7, 0xD7, 0xD7, 0xD7, 0xD9,
    0xDC, 0xDA, 0xD8, 0xDA, 0xDA, 0xD8, 0xD8, 0xD8, 0xD8, 0xD8, 0xD8, 0xD8, 0xDA, 0xD8, 0xDA, 0x27,
    0x27, 0x26, 0x2C, 0x2D, 0xDC, 0xD9, 0xE6, 0x2D, 0x2D, 0x2C, 0x2D, 0x2D, 0x2D, 0x2D, 0x2D, 0x2D,
    0x2C, 0x2C, 0x2C, 0x2D, 0x2C, 0x2C, 0x2D, 0x2C, 0x2C, 0x2B, 0x2B, 0x2B, 0x2C, 0x2B, 0x2C, 0x2C,
    0x2C, 0x2C, 0x2C, 0x2C, 0x2C, 0x2C, 0x2A, 0x2C, 0x2B, 0x2C, 0x2C, 0x2C, 0x2C, 0x2C, 0x2C, 0x2C,
    0x2B, 0x2B, 0x2B, 0x2C, 0x2C, 0x2C, 0x2C, 0x2C, 0x2C, 0x2C, 0x2C, 0x2C, 0x2C, 0x2C, 0x2C, 0x2C,
    0x2C, 0x2D, 0x2C, 0x2C, 0x2D, 0x2C, 0x2C, 0x2C, 0x2C, 0x2C, 0x2C, 0x2C, 0x2D, 0x2C, 0x2C, 0x2C,
    0x2C, 0x2C, 0x2C, 0x2B, 0x2D, 0x2C, 0x2B, 0x2F, 0x2E, 0x2A, 0x29, 0xE0, 0xDA, 0xD9, 0xD8, 0xDA,
    0xD8, 0xD8, 0xD8, 0xD8, 0xD8, 0xDA, 0xDA, 0xD9, 0xDB, 0xD9, 0xBB, 0x2D, 0x2B, 0x2C, 0x2C, 0x2C,
    0x2C, 0x2C, 0x2D, 0x2D, 0x2C, 0x2C, 0x2D, 0x2D, 0x2D, 0x2C, 0x2D, 0x2C, 0x2C, 0x2C, 0x2D, 0x2C,
    0x2C, 0x2C, 0x2C, 0x2C, 0x2C, 0x2C, 0x2C, 0x2B, 0x2C, 0x2B, 0x2A, 0x2B, 0x2C, 0x2B, 0x2C, 0x2C,
    0x2C, 0x2C, 0x2C, 0x2C, 0x2B, 0x2B, 0x2C, 0x2C, 0x2C, 0x2C, 0x2C, 0x2B, 0x2B, 0x2C, 0x2C, 0x2B,
    0x2B, 0x2C, 0x2D, 0x2C, 0x2B, 0x2B, 0x2D, 0x2D, 0x2C, 0x2C, 0x2C, 0x2C, 0x2B, 0x2C, 0x2C, 0x2D,
    0x2C, 0x2C, 0x2D, 0x2C, 0x2C, 0x2C, 0x2D, 0x2C, 0x2C, 0x2B, 0x2B, 0x2C, 0x2B, 0x29, 0x31, 0xDB,
    0xD8, 0xDB, 0x2F, 0x2F, 0xE6, 0xD9, 0xE2, 0x30, 0x31, 0xD9, 0xD9, 0xD7, 0xD8, 0xD6, 0xD7, 0xD8,
    0xD8, 0x26, 0x2A, 0x45, 0xD8, 0xD8, 0xD8, 0xD8, 0xD8, 0xD8, 0xD9, 0xD8, 0xD8, 0xD7, 0xD8, 0xD8,
    0xD8, 0xD8, 0xD8, 0xD8, 0xD9, 0x7F, 0x2B, 0x2C, 0xDB, 0xDC, 0xD8, 0xD8, 0xD7, 0xD9, 0xD8, 0xDF,
    0x2D, 0x31, 0xDF, 0xD9, 0xD9, 0xD8, 0xD8, 0xD8, 0xD8, 0xDA, 0xD8, 0xD8, 0xD8, 0xD9, 0xD9, 0xD8,
    0xD6, 0xD0, 0x2D, 0x2D, 0xDF, 0xD7, 0xE2, 0x2D, 0x2C, 0x2D, 0x2B, 0x2C, 0x2C, 0x2C, 0x2C, 0x2C,
    0x2C, 0x2C, 0x2C, 0x2C, 0x2C, 0x2C, 0x2C, 0x2C, 0x2D, 0x2C, 0x2C, 0x2D, 0x2C, 0x2B, 0x2B, 0x2B,
    0x2B, 0x2B, 0x2D, 0x2C, 0x2C, 0x2C, 0x2C, 0x2C, 0x2C, 0x2C, 0x2C, 0x2C, 0x2C, 0x2B, 0x2B, 0x2C,
    0x2C, 0x2B, 0x2B, 0x2B, 0x2C, 0x2C, 0x2C, 0x2C, 0x2C, 0x2C, 0x2C, 0x2D, 0x2C, 0x2C, 0x2C, 0x2E,
    0x2C, 0x2D, 0x2C, 0x2C, 0x2C, 0x2C, 0x2C, 0x2D, 0x2D, 0x2C, 0x2C, 0x2C, 0x2C, 0x2C, 0x2C, 0x2B,
    0x2D, 0x2C, 0x2C, 0x2B, 0x2C, 0x2D, 0xDE, 0xDB, 0xDB, 0xD9, 0xDA, 0xD9, 0xD9, 0xD8, 0xD9, 0xDA,
    0xD8, 0xD8, 0xD8, 0xD8, 0xD9, 0xD8, 0xDA, 0xDA, 0xE0, 0xE0, 0xC4, 0x2C, 0x2C, 0x2D, 0x2B, 0x2C,
    0x2C, 0x2D, 0x2C, 0x2C, 0x2D, 0x2C, 0x2C, 0x2D, 0x2C, 0x2D, 0x2D, 0x2D, 0x2D, 0x2D, 0x2C, 0x2C,
    0x2C, 0x2C, 0x2D, 0x2C, 0x2D, 0x2C, 0x2E, 0x2C, 0x2C, 0x2D, 0x2C, 0x2D, 0x2C, 0x2D, 0x2B, 0x2C,
    0x2B, 0x2B, 0x2B, 0x2C, 0x2A, 0x2C, 0x2C, 0x2B, 0x2B, 0x2C, 0x2B, 0x2C, 0x2B, 0x2C, 0x2C, 0x2C,
    0x2B, 0x2C, 0x2C, 0x2B, 0x2C, 0x2B, 0x2C, 0x2C, 0x2C, 0x2D, 0x2D, 0x2D, 0x2D, 0x2E, 0x2C, 0x2C,
    0x2C, 0x2C, 0x2D, 0x2C, 0x2C, 0x2C, 0x2C, 0x2C, 0x2B, 0x2B, 0x2C, 0x2B, 0x26, 0x22, 0x29, 0xE9,
    0xE0, 0xE8, 0x27, 0x29, 0xE9, 0xDA, 0xE8, 0x2C, 0x28, 0xD5, 0xDC, 0xD9, 0xD4, 0xD6, 0xD8, 0xD7,
    0xD8, 0x1E, 0x20, 0x45, 0xE4, 0xE1, 0xD8, 0xD8, 0xD8, 0xD8, 0xD9, 0xD8, 0xD8, 0xD7, 0xD8, 0xD7,
    0xD8, 0xD9, 0xD9, 0xE0, 0xE0, 0x75, 0x1E, 0x1F, 0xD9, 0xDA, 0xD8, 0xD8, 0xD6, 0xDE, 0xDD, 0xE1,
    0x1D, 0x23, 0xDE, 0xD9, 0xD8, 0xD8, 0xD8, 0xD8, 0xDA, 0xD8, 0xD8, 0xD7, 0xD9, 0xD9, 0xD8, 0xDA,
    0xD8, 0xD6, 0x2D, 0x2C, 0xDF, 0xD7, 0xDF, 0x2A, 0x2C, 0x2A, 0x2C, 0x2D, 0x2D, 0x2C, 0x2C, 0x2D,
    0x2D, 0x2C, 0x2D, 0x2D, 0x2C, 0x2C, 0x2E, 0x2D, 0x2C, 0x2C, 0x2D, 0x2E, 0x2D, 0x2C, 0x2D, 0x2C,
    0x2B, 0x2B, 0x2C, 0x2B, 0x2C, 0x2C, 0x2C, 0x2C, 0x2C, 0x2C, 0x2B, 0x2C, 0x2C, 0x2C, 0x2C, 0x2C,
    0x2C, 0x2C, 0x2C, 0x2B, 0x2B, 0x2B, 0x2C, 0x2C, 0x2D, 0x2C, 0x2C, 0x2C, 0x2B, 0x2C, 0x2E, 0x2E,
    0x2D, 0x2C, 0x2C, 0x2D, 0x2C, 0x2C, 0x2C, 0x2C, 0x2C, 0x2D, 0x2C, 0x2C, 0x2C, 0x2D, 0x2C, 0x2C,
    0x2C, 0x2C, 0x2D, 0x2B, 0x2D, 0x2C, 0xE7, 0xE1, 0xDE, 0xDA, 0xD9, 0xD9, 0xD9, 0xD9, 0xD9, 0xDA,
    0xD8, 0xD8, 0xD8, 0xD8, 0xD8, 0xD9, 0xD9, 0xD9, 0x2D, 0x2D, 0x2D, 0x2C, 0x2D, 0x2D, 0x2C, 0x2C,
    0x2D, 0x2D, 0x2C, 0x2D, 0x2C, 0x2D, 0x2C, 0x2C, 0x2D, 0x2D, 0x2D, 0x2D, 0x2D, 0x2B, 0x2C, 0x2C,
    0x2D, 0x2D, 0x2E, 0x2C, 0x2D, 0x2E, 0x2D, 0x2D, 0x2D, 0x2E, 0x2D, 0x2D, 0x2D, 0x2C, 0x2C, 0x2C,
    0x2C, 0x2B, 0x2B, 0x2B, 0x2C, 0x2B, 0x2C, 0x2C, 0x2B, 0x2C, 0x2B, 0x2C, 0x2C, 0x2C, 0x2C, 0x2C,
    0x2B, 0x2B, 0x2B, 0x2B, 0x2C, 0x2C, 0x2D, 0x2D, 0x2C, 0x2D, 0x2C, 0x2D, 0x2D, 0x2E, 0x2D, 0x2C,
    0x2C, 0x2D, 0x2C, 0x2D, 0x2C, 0x2C, 0x2C, 0x2D, 0x2C, 0x2C, 0x2C, 0x2C, 0x55, 0xD6, 0xDA, 0x2F,
    0x31, 0x35, 0xDC, 0xDC, 0xDD, 0xDA, 0xDE, 0xDC, 0xD9, 0x21, 0x26, 0x26, 0xD4, 0xD9, 0xD8, 0xD8,
    0xD8, 0xD8, 0xDA, 0xC8, 0x36, 0x31, 0xDB, 0xD8, 0xD9, 0xD8, 0xD8, 0xD8, 0xD8, 0xD8, 0xD8, 0xD8,
    0xDA, 0xDB, 0xD7, 0x30, 0x2E, 0x83, 0xD6, 0xD8, 0xD8, 0xD8, 0xD8, 0xD7, 0xD8, 0x21, 0x26, 0x1C,
    0xDA, 0xD9, 0xD8, 0xD9, 0xD8, 0xD8, 0xD8, 0xD8, 0xD8, 0xD7, 0xD8, 0xD7, 0xD9, 0xD9, 0xD8, 0xD8,
    0xDA, 0xD7, 0x2E, 0x2D, 0xE6, 0xDB, 0xE0, 0x2B, 0x2C, 0x2C, 0x2C, 0x2C, 0x2C, 0x2C, 0x2C, 0x2C,
    0x2C, 0x2C, 0x2C, 0x2C, 0x2C, 0x2C, 0x2C, 0x2D, 0x2D, 0x2D, 0x2D, 0x2D, 0x2E, 0x2D, 0x2C, 0x2D,
    0x2D, 0x2B, 0x2B, 0x2B, 0x2C, 0x2C, 0x2C, 0x2C, 0x2C, 0x2B, 0x2C, 0x2D, 0x2C, 0x2C, 0x2C, 0x2C,
    0x2C, 0x2C, 0x2C, 0x2B, 0x2B, 0x2C, 0x2C, 0x2C, 0x2D, 0x2D, 0x2D, 0x2C, 0x2C, 0x2D, 0x2C, 0x2D,
    0x2C, 0x2B, 0x2C, 0x2C, 0x2C, 0x2C, 0x2C, 0x2C, 0x2C, 0x2C, 0x2C, 0x2C, 0x2C, 0x2C, 0x2D, 0x2D,
    0x2D, 0x2E, 0x2D, 0x2C, 0x2C, 0x2D, 0x2D, 0x2B, 0x23, 0xDB, 0xDA, 0xDB, 0xDA, 0xD9, 0xDA, 0xDA,
    0xD8, 0xD8, 0xD8, 0xD9, 0xD8, 0xDE, 0xDF, 0xDE, 0x24, 0x23, 0x23, 0x2D, 0x2D, 0x2D, 0x2D, 0x2D,
    0x2D, 0x2D, 0x2D, 0x2D, 0x2D, 0x2D, 0x2D, 0x2D, 0x2D, 0x2D, 0x2D, 0x2D, 0x2D, 0x2D, 0x2C, 0x2C,
    0x2D, 0x2C, 0x2C, 0x2E, 0x2E, 0x2C, 0x2C, 0x2C, 0x2D, 0x2C, 0x2C, 0x2D, 0x2C, 0x2C, 0x2C, 0x2D,
    0x2C, 0x2C, 0x2B, 0x2B, 0x2C, 0x2D, 0x2D, 0x2F, 0x2C, 0x2C, 0x2C, 0x2C, 0x2C, 0x2B, 0x2B, 0x2A,
    0x2C, 0x2B, 0x2A, 0x2B, 0x2C, 0x2D, 0x2C, 0x2D, 0x2C, 0x2C, 0x2D, 0x2D, 0x2C, 0x2C, 0x2C, 0x2C,
    0x2C, 0x2C, 0x2D, 0x2B, 0x2C, 0x2C, 0x2D, 0x2D, 0x2C, 0x2C, 0x2C, 0x2A, 0x59, 0xD9, 0xD7, 0x2A,
    0x2D, 0x32, 0xDA, 0xDB, 0xDB, 0xDA, 0xDA, 0xD8, 0xD8, 0x22, 0x2A, 0x27, 0xE1, 0xE0, 0xDB, 0xD8,
    0xD8, 0xE2, 0xE3, 0xCB, 0x2F, 0x2E, 0xDB, 0xD8, 0xD8, 0xD9, 0xD9, 0xD9, 0xD8, 0xD8, 0xD8, 0xD9,
    0xD9, 0xD9, 0xD9, 0x2C, 0x2F, 0x8E, 0xE0, 0xDA, 0xD3, 0xD9, 0xDB, 0xE3, 0xE3, 0x29, 0x29, 0x1E,
    0xD7, 0xD9, 0xD7, 0xD8, 0xD8, 0xD8, 0xD8, 0xD8, 0xDA, 0xD8, 0xD7, 0xD7, 0xDA, 0xD9, 0xD9, 0xD8,
    0xD8, 0xD9, 0x2D, 0x2F, 0xE5, 0xD8, 0xDF, 0x2B, 0x2B, 0x2B, 0x2B, 0x2C, 0x2C, 0x2C, 0x2C, 0x2C,
    0x2C, 0x2C, 0x2D, 0x2D, 0x2E, 0x2C, 0x2D, 0x2D, 0x2D, 0x2D, 0x2C, 0x2D, 0x2E, 0x2C, 0x2C, 0x2C,
    0x2C, 0x2C, 0x2C, 0x2B, 0x2B, 0x2C, 0x2C, 0x2C, 0x2C, 0x2D, 0x2B, 0x2D, 0x2C, 0x2B, 0x2C, 0x2C,
    0x2C, 0x2C, 0x2C, 0x2C, 0x2A, 0x2B, 0x2B, 0x2C, 0x2D, 0x2C, 0x2C, 0x2E, 0x2D, 0x2E, 0x2C, 0x2C,
    0x2C, 0x2B, 0x2C, 0x2C, 0x2C, 0x2C, 0x2C, 0x2C, 0x2C, 0x2C, 0x2C, 0x2D, 0x2D, 0x2C, 0x2D, 0x2D,
    0x2D, 0x2D, 0x2C, 0x2B, 0x2B, 0x2E, 0x22, 0x20, 0x1C, 0xE5, 0xE2, 0xD9, 0xDB, 0xD8, 0xD8, 0xDA,
    0xD8, 0xD8, 0xD8, 0xD8, 0xD8, 0x69, 0x2C, 0x2C, 0xD7, 0xD5, 0xC2, 0x2D, 0x2D, 0x2D, 0x2D, 0x2D,
    0x2D, 0x2D, 0x2C, 0x2D, 0x2D, 0x2D, 0x2D, 0x2D, 0x2D, 0x2C, 0x2D, 0x2C, 0x2C, 0x2C, 0x2C, 0x2D,
    0x2D, 0x2D, 0x2C, 0x2D, 0x2C, 0x2C, 0x2E, 0x2D, 0x2C, 0x2C, 0x2C, 0x2C, 0x2C, 0x2C, 0x2C, 0x2C,
    0x2C, 0x2D, 0x2B, 0x2D, 0x2B, 0x2B, 0x2C, 0x2C, 0x2C, 0x2C, 0x2B, 0x2C, 0x2C, 0x2C, 0x2C, 0x2C,
    0x2B, 0x2C, 0x2B, 0x2C, 0x2C, 0x2D, 0x2B, 0x2D, 0x2C, 0x2D, 0x2E, 0x2D, 0x2C, 0x2D, 0x2B, 0x2C,
    0x2C, 0x2D, 0x2C, 0x2C, 0x2B, 0x2C, 0x2D, 0x2D, 0x2C, 0x2D, 0x2D, 0x2B, 0x5D, 0xDB, 0xDC, 0x2A,
    0x2E, 0x2D, 0xD7, 0xD9, 0xDC, 0xD7, 0xD9, 0xD8, 0xDA, 0x1B, 0x2B, 0x29, 0x2D, 0x32, 0xA9, 0xD6,
    0xD6, 0x33, 0x30, 0x30, 0x2C, 0x2C, 0xDC, 0xD9, 0xD9, 0xD9, 0xD9, 0xD9, 0xD8, 0xD8, 0xD9, 0xDB,
    0xD9, 0xD9, 0xD8, 0x2C, 0x2D, 0x2C, 0x2D, 0x27, 0xD7, 0xD5, 0xBF, 0x31, 0x31, 0x32, 0x30, 0x27,
    0xD7, 0xD6, 0xD7, 0xD8, 0xD8, 0xD8, 0xD8, 0xD9, 0xDC, 0xD8, 0xD8, 0xD8, 0xD9, 0xD6, 0xD6, 0xD7,
    0xD8, 0xD3, 0x2E, 0x2E, 0xE5, 0xDB, 0xDD, 0x2D, 0x2B, 0x2B, 0x2C, 0x2C, 0x2C, 0x2D, 0x2B, 0x2C,
    0x2C, 0x2C, 0x2E, 0x2D, 0x2C, 0x2D, 0x2D, 0x2C, 0x2C, 0x2C, 0x2D, 0x2D, 0x2C, 0x2C, 0x2C, 0x2C,
    0x2C, 0x2C, 0x2C, 0x2C, 0x2C, 0x2C, 0x2C, 0x2C, 0x2C, 0x2D, 0x2C, 0x2C, 0x2A, 0x2C, 0x2B, 0x2B,
    0x2C, 0x2B, 0x2C, 0x2C, 0x2B, 0x2C, 0x2C, 0x2D, 0x2C, 0x2C, 0x2C, 0x2D, 0x2C, 0x2C, 0x2C, 0x2C,
    0x2C, 0x2C, 0x2C, 0x2C, 0x2C, 0x2C, 0x2C, 0x2C, 0x2C, 0x2D, 0x2D, 0x2C, 0x2C, 0x2D, 0x2D, 0x2D,
    0x2C, 0x2C, 0x2D, 0x2B, 0x2B, 0x2C, 0xDA, 0xD7, 0xE2, 0x2B, 0x2C, 0xE2, 0xD9, 0xD8, 0xD9, 0xDA,
    0xD8, 0xD8, 0xD8, 0xD8, 0xD9, 0x86, 0x5A, 0x53, 0x99, 0x9B, 0x8D, 0x2C, 0x2D, 0x2D, 0x2D, 0x2D,
    0x2D, 0x2D, 0x2D, 0x2D, 0x2D, 0x2D, 0x2D, 0x2D, 0x2C, 0x2D, 0x2C, 0x2D, 0x2C, 0x2D, 0x2C, 0x2E,
    0x2B, 0x2B, 0x2B, 0x2C, 0x2C, 0x2C, 0x2C, 0x2C, 0x2C, 0x2C, 0x2C, 0x2D, 0x2C, 0x2D, 0x2C, 0x2C,
    0x2D, 0x2D, 0x2D, 0x2C, 0x2C, 0x2D, 0x2C, 0x2B, 0x2C, 0x2C, 0x2B, 0x2C, 0x2C, 0x2C, 0x2B, 0x2C,
    0x2C, 0x2B, 0x2C, 0x2B, 0x2C, 0x2C, 0x2B, 0x2C, 0x2D, 0x2C, 0x2C, 0x2D, 0x2C, 0x2C, 0x2C, 0x2D,
    0x2C, 0x2D, 0x2C, 0x2C, 0x2C, 0x2C, 0x2C, 0x2C, 0x2C, 0x2B, 0x2C, 0x2B, 0x5C, 0xDB, 0xD7, 0x2C,
    0x2E, 0x2F, 0xD9, 0xDB, 0xDA, 0xD7, 0xD8, 0xD8, 0xD7, 0x4A, 0x49, 0x4B, 0x2E, 0x2F, 0x90, 0xAF,
    0xB0, 0x32, 0x2E, 0x2C, 0x2A, 0x2A, 0xDB, 0xD9, 0xD9, 0xD9, 0xD9, 0xDA, 0xD9, 0xD9, 0xD7, 0xD8,
    0xD9, 0xDA, 0xD8, 0x2B, 0x2A, 0x2A, 0x2B, 0x28, 0xA8, 0xA6, 0x96, 0x2D, 0x32, 0x5A, 0x5A, 0x5C,
    0xD9, 0xD9, 0xD9, 0xD8, 0xD9, 0xD5, 0xD8, 0xD8, 0xD8, 0xD8, 0xD8, 0xD7, 0xD8, 0xDA, 0xD6, 0xAA,
    0xA2, 0xA0, 0x2B, 0x2F, 0xE5, 0xDB, 0xE0, 0x2B, 0x2D, 0x2B, 0x2B, 0x2C, 0x2C, 0x2D, 0x2C, 0x2C,
    0x2D, 0x2C, 0x2E, 0x2C, 0x2D, 0x2C, 0x2C, 0x2B, 0x2C, 0x2C, 0x2D, 0x2C, 0x2B, 0x2C, 0x2C, 0x2C,
    0x2C, 0x2C, 0x2D, 0x2D, 0x2C, 0x2B, 0x2A, 0x2C, 0x2B, 0x2D, 0x2C, 0x2C, 0x2B, 0x2C, 0x2B, 0x2A,
    0x2B, 0x2C, 0x2C, 0x2C, 0x2B, 0x2B, 0x2B, 0x2C, 0x2D, 0x2C, 0x2C, 0x2C, 0x2C, 0x2B, 0x2C, 0x2C,
    0x2C, 0x2C, 0x2C, 0x2D, 0x2C, 0x2C, 0x2C, 0x2C, 0x2C, 0x2C, 0x2D, 0x2C, 0x2C, 0x2C, 0x2C, 0x2C,
    0x2C, 0x2C, 0x2B, 0x2B, 0x2C, 0x2C, 0xA8, 0xA4, 0xA4, 0x6A, 0x63, 0xDE, 0xD9, 0xD9, 0xD8, 0xDA,
    0xD8, 0xD8, 0xD9, 0xD8, 0xD8, 0xD8, 0xD9, 0xD9, 0x2E, 0x2D, 0x2C, 0x2D, 0x2D, 0x2D, 0x2D, 0x2D,
    0x2D, 0x2D, 0x2C, 0x2C, 0x2C, 0x2C, 0x2C, 0x2C, 0x2C, 0x2D, 0x2C, 0x2B, 0x2C, 0x2C, 0x2C, 0x2B,
    0x2C, 0x2B, 0x2B, 0x2E, 0x2C, 0x2C, 0x2C, 0x2C, 0x2C, 0x2C, 0x2C, 0x2C, 0x2C, 0x2C, 0x2D, 0x2C,
    0x2D, 0x2C, 0x2C, 0x2B, 0x2C, 0x2C, 0x2C, 0x2B, 0x2B, 0x2D, 0x2B, 0x2B, 0x2B, 0x2C, 0x2B, 0x2B,
    0x2B, 0x2C, 0x2B, 0x2C, 0x2C, 0x2C, 0x2B, 0x2C, 0x2D, 0x2C, 0x2D, 0x2D, 0x2C, 0x2C, 0x2C, 0x2D,
    0x2C, 0x2C, 0x2C, 0x2C, 0x2C, 0x2C, 0x2C, 0x2C, 0x2D, 0x2B, 0x2C, 0x2C, 0x5D, 0xD8, 0xD9, 0x2B,
    0x2D, 0x32, 0xDB, 0xDB, 0xD6, 0xD6, 0xD8, 0xD8, 0xD8, 0xD7, 0xD8, 0xDA, 0x32, 0x30, 0x2F, 0x2E,
    0x30, 0x2E, 0x2F, 0x2B, 0x2C, 0x28, 0xDC, 0xD9, 0xD9, 0xD8, 0xD9, 0xD9, 0xD9, 0xDA, 0xDA, 0xD8,
    0xD8, 0xD9, 0xDA, 0x30, 0x2C, 0x2C, 0x2C, 0x2D, 0x2B, 0x27, 0x2A, 0x2C, 0x2F, 0xDF, 0xD8, 0xD9,
    0xD9, 0xD9, 0xD8, 0xD8, 0xD8, 0xD8, 0xD8, 0xD8, 0xD9, 0xD8, 0xD9, 0xD9, 0xDA, 0xD9, 0xDA, 0x2D,
    0x2C, 0x2D, 0x2C, 0x2B, 0xE4, 0xD9, 0xE3, 0x2D, 0x2C, 0x2B, 0x2C, 0x2D, 0x2C, 0x2C, 0x2D, 0x2C,
    0x2C, 0x2C, 0x2C, 0x2D, 0x2D, 0x2C, 0x2D, 0x2C, 0x2C, 0x2C, 0x2C, 0x2C, 0x2C, 0x2C, 0x2C, 0x2C,
    0x2C, 0x2C, 0x2C, 0x2D, 0x2C, 0x2B, 0x2C, 0x2D, 0x2C, 0x2C, 0x2C, 0x2C, 0x2B, 0x2C, 0x2B, 0x2B,
    0x2A, 0x2A, 0x2C, 0x2C, 0x2C, 0x2C, 0x2C, 0x2C, 0x2D, 0x2C, 0x2D, 0x2C, 0x2C, 0x2C, 0x2C, 0x2C,
    0x2C, 0x2C, 0x2C, 0x2C, 0x2C, 0x2C, 0x2D, 0x2C, 0x2C, 0x2C, 0x2D, 0x2C, 0x2C, 0x2C, 0x2C, 0x2D,
    0x2C, 0x2C, 0x2D, 0x2C, 0x2C, 0x2B, 0x2C, 0x2C, 0x23, 0xDA, 0xDB, 0xDA, 0xD7, 0xD8, 0xD9, 0xDA,
    0xD9, 0xD9, 0xD9, 0xD9, 0xD9, 0xDA, 0xD9, 0xD9, 0x2E, 0x2B, 0x2D, 0x2D, 0x2D, 0x2D, 0x2D, 0x2D,
    0x2D, 0x2D, 0x2B, 0x2D, 0x2C, 0x2C, 0x2C, 0x2C, 0x2B, 0x2C, 0x2C, 0x2C, 0x2C, 0x2D, 0x2C, 0x2C,
    0x2C, 0x2D, 0x2C, 0x2C, 0x2C, 0x2C, 0x2C, 0x2C, 0x2C, 0x2C, 0x2C, 0x2C, 0x2C, 0x2C, 0x2C, 0x2C,
    0x2C, 0x2D, 0x2C, 0x2D, 0x2D, 0x2B, 0x2B, 0x2B, 0x2B, 0x2B, 0x2B, 0x2B, 0x2B, 0x2B, 0x2B, 0x2B,
    0x2C, 0x2C, 0x2C, 0x2C, 0x2C, 0x2C, 0x2B, 0x2B, 0x2C, 0x2C, 0x2C, 0x2C, 0x2C, 0x2C, 0x2C, 0x2C,
    0x2C, 0x2C, 0x2C, 0x2C, 0x2C, 0x2D, 0x2C, 0x2C, 0x2D, 0x2C, 0x2C, 0x2B, 0x30, 0x3A, 0x34, 0xCE,
    0xCB, 0xC5, 0x36, 0x31, 0xDD, 0xD8, 0xD7, 0xD7, 0xD9, 0xD7, 0xDB, 0xDA, 0xD2, 0xD4, 0x66, 0x31,
    0x2E, 0x2D, 0x2C, 0x2C, 0x29, 0x27, 0xDC, 0xD9, 0xD9, 0xD9, 0xD9, 0xD9, 0xD9, 0xD9, 0xD9, 0xD7,
    0xD8, 0xD9, 0xD7, 0x2C, 0x2B, 0x2F, 0x2F, 0x2F, 0x2E, 0x29, 0x3C, 0xC6, 0xC7, 0xDC, 0xD9, 0xDA,
    0xD9, 0xD7, 0xD8, 0xD9, 0xD8, 0xD8, 0xD8, 0xD7, 0xD8, 0xD8, 0x39, 0x3D, 0x3D, 0x39, 0x37, 0x2E,
    0x2E, 0x30, 0xC7, 0xC8, 0x2B, 0x39, 0x38, 0x2C, 0x2D, 0x2B, 0x2C, 0x2B, 0x2C, 0x2C, 0x2C, 0x2C,
    0x2C, 0x2D, 0x2C, 0x2D, 0x2D, 0x2C, 0x2C, 0x2C, 0x2C, 0x2B, 0x2C, 0x2C, 0x2C, 0x2C, 0x2C, 0x2C,
    0x2C, 0x2C, 0x2C, 0x2C, 0x2C, 0x2C, 0x2D, 0x2D, 0x2C, 0x2C, 0x2C, 0x2C, 0x2B, 0x2A, 0x2A, 0x2A,
    0x2B, 0x2B, 0x2C, 0x2C, 0x2B, 0x2D, 0x2C, 0x2D, 0x2D, 0x2C, 0x2B, 0x2C, 0x2C, 0x2C, 0x2C, 0x2C,
    0x2C, 0x2C, 0x2C, 0x2C, 0x2C, 0x2C, 0x2C, 0x2C, 0x2C, 0x2C, 0x2C, 0x2C, 0x2C, 0x2C, 0x2C, 0x2C,
    0x2B, 0x2C, 0x2C, 0x2C, 0x2D, 0x2B, 0x2C, 0x2B, 0x23, 0xDA, 0xDA, 0xD9, 0xD9, 0xD8, 0xDA, 0xD8,
    0xD8, 0xD9, 0xDA, 0xDA, 0xD9, 0xD8, 0xDA, 0xD9, 0x2F, 0x2C, 0x2D, 0x2D, 0x2D, 0x2B, 0x2D, 0x2C,
    0x2D, 0x2D, 0x2C, 0x2D, 0x2C, 0x2C, 0x2C, 0x2C, 0x2C, 0x2C, 0x2D, 0x2C, 0x2C, 0x2C, 0x2C, 0x2C,
    0x2C, 0x2C, 0x2C, 0x2D, 0x2C, 0x2C, 0x2C, 0x2C, 0x2C, 0x2C, 0x2C, 0x2C, 0x2C, 0x2C, 0x2C, 0x2C,
    0x2C, 0x2C, 0x2C, 0x2C, 0x2D, 0x2B, 0x2B, 0x2B, 0x2B, 0x2B, 0x2B, 0x2B, 0x2C, 0x2C, 0x2B, 0x2B,
    0x2B, 0x2B, 0x2C, 0x2B, 0x2B, 0x2C, 0x2C, 0x2C, 0x2C, 0x2C, 0x2D, 0x2C, 0x2C, 0x2C, 0x2C, 0x2D,
    0x2C, 0x2C, 0x2C, 0x2C, 0x2C, 0x2D, 0x2C, 0x2C, 0x2D, 0x2D, 0x2C, 0x2B, 0x2D, 0x2B, 0x2F, 0xDB,
    0xD5, 0xD1, 0x2D, 0x2B, 0xDD, 0xD6, 0xD7, 0xD9, 0xD8, 0xDC, 0xDA, 0xDA, 0xD8, 0xD9, 0x65, 0x2C,
    0x29, 0x2A, 0x29, 0x2A, 0x28, 0x2B, 0xDF, 0xD8, 0xD9, 0xD9, 0xD9, 0xD9, 0xD9, 0xD9, 0xDA, 0xD9,
    0xD7, 0xD7, 0xD7, 0x2A, 0x2C, 0x2D, 0x2F, 0x30, 0x2E, 0x29, 0x39, 0xD8, 0xD7, 0xD8, 0xD9, 0xD8,
    0xD9, 0xD8, 0xD7, 0xD8, 0xD8, 0xD9, 0xD7, 0xD9, 0xD7, 0xD4, 0x28, 0x2B, 0x30, 0x2E, 0x2E, 0x2F,
    0x2F, 0x34, 0xD6, 0xD7, 0x21, 0x2C, 0x2C, 0x2D, 0x2C, 0x2D, 0x2C, 0x2C, 0x2C, 0x2B, 0x2D, 0x2C,
    0x2C, 0x2B, 0x2C, 0x2C, 0x2C, 0x2B, 0x2E, 0x2C, 0x2C, 0x2C, 0x2D, 0x2C, 0x2C, 0x2B, 0x2B, 0x2D,
    0x2C, 0x2D, 0x2C, 0x2D, 0x2C, 0x2C, 0x2C, 0x2C, 0x2C, 0x2C, 0x2C, 0x2C, 0x2C, 0x2B, 0x2B, 0x2A,
    0x2C, 0x2C, 0x2C, 0x2C, 0x2D, 0x2B, 0x2C, 0x2C, 0x2C, 0x2C, 0x2D, 0x2C, 0x2C, 0x2C, 0x2C, 0x2C,
    0x2D, 0x2C, 0x2C, 0x2B, 0x2C, 0x2B, 0x2C, 0x2D, 0x2D, 0x2C, 0x2C, 0x2C, 0x2C, 0x2C, 0x2D, 0x2C,
    0x2C, 0x2D, 0x2C, 0x2B, 0x2D, 0x2C, 0x2C, 0x2B, 0x23, 0xDB, 0xD9, 0xD8, 0xD9, 0xD8, 0xD8, 0xD9,
    0xD9, 0xD7, 0xD9, 0xD8, 0xDA, 0x84, 0x4D, 0x45, 0x96, 0x91, 0x7F, 0x2B, 0x2D, 0x2D, 0x2D, 0x2D,
    0x2C, 0x2D, 0x2D, 0x2D, 0x2C, 0x2C, 0x2C, 0x2D, 0x2C, 0x2C, 0x2C, 0x2D, 0x2D, 0x2D, 0x2C, 0x2C,
    0x2C, 0x2D, 0x2D, 0x2C, 0x2C, 0x2C, 0x2C, 0x2C, 0x2C, 0x2C, 0x2D, 0x2C, 0x2C, 0x2C, 0x2C, 0x2D,
    0x2C, 0x2D, 0x2C, 0x2C, 0x2C, 0x2C, 0x2B, 0x2B, 0x2C, 0x2C, 0x2C, 0x2B, 0x2B, 0x2C, 0x2B, 0x2B,
    0x2B, 0x2D, 0x2B, 0x2D, 0x2B, 0x2B, 0x2B, 0x2C, 0x2C, 0x2C, 0x2D, 0x2C, 0x2C, 0x2B, 0x2B, 0x2B,
    0x2C, 0x2C, 0x2C, 0x2C, 0x2D, 0x2C, 0x2C, 0x2C, 0x2C, 0x2C, 0x2C, 0x2B, 0x2A, 0x2B, 0x2B, 0x4D,
    0x46, 0x3A, 0x94, 0x95, 0x47, 0x4A, 0x43, 0xD9, 0xDA, 0xDA, 0xD8, 0xDB, 0xD8, 0xD9, 0xB2, 0x97,
    0x95, 0x96, 0x93, 0x98, 0x9F, 0xA2, 0xDC, 0xDA, 0xD9, 0xD9, 0xD9, 0xD9, 0xD9, 0xD9, 0xD9, 0xD7,
    0xD8, 0xDA, 0xD7, 0x9D, 0x97, 0x9D, 0xA1, 0xA1, 0xA4, 0x9F, 0x9F, 0xD6, 0xD7, 0xD9, 0xD6, 0xD9,
    0xD6, 0xD9, 0xD8, 0xD8, 0xD7, 0xD8, 0xD8, 0xD7, 0xD6, 0xD4, 0x92, 0x93, 0x78, 0x2D, 0x2E, 0xA0,
    0xA3, 0x9C, 0x52, 0x49, 0x26, 0x2C, 0x2C, 0x2C, 0x2C, 0x2C, 0x2E, 0x2D, 0x2C, 0x2C, 0x2C, 0x2D,
    0x2C, 0x2D, 0x2C, 0x2C, 0x2C, 0x2B, 0x2B, 0x2B, 0x2C, 0x2C, 0x2C, 0x2C, 0x2B, 0x2B, 0x2B, 0x2C,
    0x2D, 0x2C, 0x2C, 0x2D, 0x2D, 0x2D, 0x2C, 0x2C, 0x2C, 0x2C, 0x2C, 0x2C, 0x2B, 0x2C, 0x2C, 0x2C,
    0x2B, 0x2C, 0x2C, 0x2C, 0x2D, 0x2C, 0x2B, 0x2C, 0x2B, 0x2C, 0x2C, 0x2D, 0x2C, 0x2C, 0x2C, 0x2C,
    0x2C, 0x2C, 0x2C, 0x2C, 0x2C, 0x2C, 0x2C, 0x2C, 0x2C, 0x2C, 0x2D, 0x2C, 0x2C, 0x2C, 0x2C, 0x2C,
    0x2C, 0x2C, 0x2D, 0x2D, 0x2D, 0x2C, 0x98, 0x99, 0x99, 0x50, 0x51, 0xE0, 0xD8, 0xD8, 0xD9, 0xDA,
    0xD6, 0xD8, 0xD8, 0xD9, 0xD8, 0x66, 0x28, 0x2E, 0xD4, 0xD4, 0xB9, 0x2C, 0x2C, 0x2C, 0x2C, 0x2C,
    0x2D, 0x2D, 0x2D, 0x2D, 0x2D, 0x2C, 0x2C, 0x2D, 0x2D, 0x2C, 0x2C, 0x2C, 0x2C, 0x2C, 0x2C, 0x2C,
    0x2C, 0x2C, 0x2C, 0x2C, 0x2C, 0x2D, 0x2D, 0x2D, 0x2D, 0x2C, 0x2C, 0x2C, 0x2C, 0x2C, 0x2C, 0x2C,
    0x2C, 0x2C, 0x2C, 0x2D, 0x2C, 0x2D, 0x2C, 0x2C, 0x2D, 0x2C, 0x2C, 0x2D, 0x2B, 0x2B, 0x2B, 0x2C,
    0x2B, 0x2B, 0x2C, 0x2C, 0x2C, 0x2C, 0x2B, 0x2D, 0x2D, 0x2D, 0x2D, 0x2D, 0x2C, 0x2C, 0x2D, 0x2B,
    0x2C, 0x2B, 0x2B, 0x2C, 0x2C, 0x2C, 0x2C, 0x2C, 0x2C, 0x2C, 0x2D, 0x2D, 0x2D, 0x2E, 0x2B, 0x2D,
    0x2B, 0x2A, 0xD7, 0xD4, 0x1E, 0x2A, 0x26, 0xD9, 0xDA, 0xD9, 0xD8, 0xD8, 0xD8, 0xD9, 0xD8, 0xD9,
    0xD8, 0xD8, 0xDA, 0xD9, 0xD9, 0xD9, 0xD9, 0xD9, 0xD9, 0xD9, 0xDA, 0xD9, 0xD9, 0xD9, 0xD9, 0xD8,
    0xD9, 0xD9, 0xD9, 0xD9, 0xD9, 0xD9, 0xD9, 0xD9, 0xD9, 0xD8, 0xD9, 0xD7, 0xD9, 0xD6, 0xD9, 0xD9,
    0xD8, 0xD7, 0xD8, 0xD7, 0xD8, 0xD8, 0xDC, 0xD8, 0xD8, 0xD7, 0xD9, 0xD8, 0xA5, 0x2C, 0x2C, 0xDC,
    0xD7, 0xD5, 0x2C, 0x2B, 0x2C, 0x2C, 0x2C, 0x2D, 0x2C, 0x2D, 0x2C, 0x2B, 0x2C, 0x2C, 0x2C, 0x2D,
    0x2C, 0x2C, 0x2C, 0x2C, 0x2C, 0x2D, 0x2C, 0x2B, 0x2D, 0x2D, 0x2C, 0x2B, 0x2C, 0x2B, 0x2B, 0x2C,
    0x2B, 0x2C, 0x2C, 0x2C, 0x2C, 0x2C, 0x2C, 0x2D, 0x2D, 0x2D, 0x2D, 0x2E, 0x2C, 0x2C, 0x2C, 0x2B,
    0x2C, 0x2C, 0x2C, 0x2C, 0x2C, 0x2C, 0x2B, 0x2D, 0x2C, 0x2D, 0x2C, 0x2D, 0x2D, 0x2C, 0x2C, 0x2D,
    0x2D, 0x2D, 0x2D, 0x2C, 0x2C, 0x2C, 0x2C, 0x2C, 0x2C, 0x2C, 0x2C, 0x2C, 0x2C, 0x2D, 0x2C, 0x2D,
    0x2D, 0x2C, 0x2D, 0x2C, 0x2B, 0x2E, 0xDE, 0xD7, 0xDF, 0x27, 0x26, 0xDF, 0xD8, 0xD8, 0xD8, 0xDA,
    0xD8, 0xDA, 0xD9, 0xD8, 0xD8, 0xDF, 0xE0, 0xE1, 0x25, 0x24, 0x25, 0x2B, 0x2B, 0x2C, 0x2C, 0x2C,
    0x2C, 0x2C, 0x2C, 0x2D, 0x2D, 0x2D, 0x2C, 0x2C, 0x2C, 0x2C, 0x2C, 0x2C, 0x2C, 0x2D, 0x2C, 0x2C,
    0x2C, 0x2C, 0x2C, 0x2C, 0x2C, 0x2C, 0x2C, 0x2C, 0x2C, 0x2C, 0x2C, 0x2C, 0x2C, 0x2C, 0x2C, 0x2C,
    0x2C, 0x2C, 0x2C, 0x2C, 0x2C, 0x2C, 0x2B, 0x2C, 0x2C, 0x2C, 0x2D, 0x2C, 0x2B, 0x2C, 0x2B, 0x2C,
    0x2B, 0x2B, 0x2B, 0x2C, 0x2C, 0x2D, 0x2C, 0x2C, 0x2C, 0x2C, 0x2C, 0x2C, 0x2C, 0x2C, 0x2C, 0x2D,
    0x2C, 0x2B, 0x2D, 0x2C, 0x2C, 0x2C, 0x2C, 0x2C, 0x2C, 0x2C, 0x2B, 0x2C, 0x2C, 0x2D, 0x2C, 0x2D,
    0x2B, 0x2B, 0xD5, 0xD6, 0x27, 0x31, 0x2A, 0xDB, 0xDA, 0xD8, 0xD8, 0xD8, 0xD8, 0xD8, 0xD8, 0xD8,
    0xD8, 0xD8, 0xD9, 0xD9, 0xD9, 0xD9, 0xDA, 0xD9, 0xD9, 0xD9, 0xD9, 0xD9, 0xD7, 0xD9, 0xD8, 0xD8,
    0xD9, 0xD9, 0xD9, 0xD9, 0xD9, 0xD9, 0xD9, 0xD9, 0xD9, 0xD7, 0xD9, 0xD9, 0xD9, 0xD9, 0xD7, 0xD9,
    0xD8, 0xD8, 0xD8, 0xDA, 0xD8, 0xD8, 0xD8, 0xD8, 0xD8, 0xD8, 0xD5, 0xD6, 0xA6, 0x2D, 0x2C, 0xD6,
    0xD7, 0xD7, 0x2B, 0x2C, 0x2B, 0x2C, 0x2C, 0x2C, 0x2C, 0x2D, 0x2D, 0x2C, 0x2C, 0x2C, 0x2C, 0x2C,
    0x2C, 0x2C, 0x2C, 0x2C, 0x2C, 0x2D, 0x2C, 0x2C, 0x2C, 0x2C, 0x2C, 0x2C, 0x2C, 0x2D, 0x2C, 0x2C,
    0x2C, 0x2C, 0x2D, 0x2C, 0x2C, 0x2C, 0x2C, 0x2C, 0x2C, 0x2C, 0x2C, 0x2C, 0x2C, 0x2C, 0x2B, 0x2C,
    0x2C, 0x2C, 0x2C, 0x2D, 0x2B, 0x2B, 0x2B, 0x2C, 0x2C, 0x2C, 0x2C, 0x2C, 0x2C, 0x2C, 0x2C, 0x2C,
    0x2C, 0x2C, 0x2C, 0x2C, 0x2C, 0x2D, 0x2C, 0x2C, 0x2C, 0x2C, 0x2C, 0x2C, 0x2C, 0x2C, 0x2C, 0x2C,
    0x2C, 0x2C, 0x2C, 0x2D, 0x2D, 0x2C, 0x25, 0x25, 0x1D, 0xE0, 0xE0, 0xD8, 0xD8, 0xD8, 0xD8, 0xD8,
    0xD8, 0xD8, 0xD8, 0xD8, 0xD9, 0xD9, 0xD8, 0xD9, 0x2F, 0x2D, 0x2B, 0x2B, 0x2B, 0x2C, 0x2C, 0x2C,
    0x2B, 0x2D, 0x2D, 0x2D, 0x2D, 0x2D, 0x2D, 0x2D, 0x2C, 0x2C, 0x2C, 0x2C, 0x2C, 0x2C, 0x2D, 0x2C,
    0x2C, 0x2C, 0x2C, 0x2C, 0x2C, 0x2C, 0x2C, 0x2C, 0x2C, 0x2D, 0x2C, 0x2C, 0x2D, 0x2D, 0x2C, 0x2C,
    0x2C, 0x2C, 0x2C, 0x2D, 0x2C, 0x2D, 0x2C, 0x2C, 0x2C, 0x2C, 0x2D, 0x2C, 0x2C, 0x2C, 0x2B, 0x2C,
    0x2B, 0x2B, 0x2B, 0x2C, 0x2C, 0x2C, 0x2C, 0x2C, 0x2C, 0x2C, 0x2C, 0x2C, 0x2C, 0x2C, 0x2C, 0x2C,
    0x2C, 0x2C, 0x2C, 0x2C, 0x2D, 0x2C, 0x2C, 0x2C, 0x2C, 0x2C, 0x2C, 0x2C, 0x2C, 0x2C, 0x2C, 0x2D,
    0x2B, 0x2C, 0xD9, 0xDA, 0x28, 0x32, 0x28, 0xDA, 0xD8, 0xD7, 0xD7, 0xD6, 0xD7, 0xD7, 0xD8, 0xD7,
    0xD9, 0xD8, 0xD8, 0xD9, 0xD8, 0xD8, 0xDA, 0xDB, 0xD9, 0xD9, 0xD8, 0xD8, 0xD8, 0xD9, 0xD9, 0xD9,
    0xD9, 0xD9, 0xD9, 0xD9, 0xD9, 0xD9, 0xD9, 0xDA, 0xD9, 0xD8, 0xD8, 0xD9, 0xD9, 0xD9, 0xD9, 0xD9,
    0xD9, 0xD9, 0xD9, 0xD9, 0xD6, 0xD8, 0xD7, 0xD8, 0xD8, 0xDA, 0xDA, 0xD8, 0xA4, 0x2E, 0x2A, 0xD6,
    0xD5, 0xD4, 0x2B, 0x2B, 0x2B, 0x2D, 0x2C, 0x2C, 0x2C, 0x2D, 0x2C, 0x2C, 0x2C, 0x2C, 0x2C, 0x2C,
    0x2C, 0x2C, 0x2C, 0x2D, 0x2C, 0x2C, 0x2C, 0x2C, 0x2C, 0x2C, 0x2C, 0x2B, 0x2D, 0x2C, 0x2B, 0x2C,
    0x2C, 0x2D, 0x2C, 0x2C, 0x2C, 0x2C, 0x2D, 0x2C, 0x2C, 0x2C, 0x2C, 0x2C, 0x2C, 0x2D, 0x2B, 0x2B,
    0x2C, 0x2C, 0x2C, 0x2C, 0x2C, 0x2C, 0x2D, 0x2D, 0x2C, 0x2C, 0x2C, 0x2D, 0x2D, 0x2C, 0x2B, 0x2D,
    0x2D, 0x2D, 0x2C, 0x2C, 0x2C, 0x2C, 0x2D, 0x2C, 0x2D, 0x2C, 0x2D, 0x2D, 0x2C, 0x2D, 0x2C, 0x2D,
    0x2C, 0x2C, 0x2C, 0x2C, 0x2D, 0x2C, 0x2C, 0x2B, 0x24, 0xD9, 0xD9, 0xD9, 0xD8, 0xD8, 0xD9, 0xD9,
    0xD9, 0xD8, 0xD8, 0xDA, 0xD9, 0xDA, 0xD9, 0xD8, 0x2F, 0x2D, 0x2B, 0x2B, 0x2C, 0x2C, 0x2C, 0x2D,
    0x2D, 0x2D, 0x2D, 0x2D, 0x2D, 0x2D, 0x2D, 0x2D, 0x2C, 0x2D, 0x2C, 0x2D, 0x2C, 0x2C, 0x2D, 0x2C,
    0x2C, 0x2C, 0x2D, 0x2C, 0x2D, 0x2B, 0x2C, 0x2C, 0x2C, 0x2E, 0x2C, 0x2C, 0x2C, 0x2C, 0x2C, 0x2C,
    0x2C, 0x2C, 0x2C, 0x2C, 0x2C, 0x2C, 0x2C, 0x2C, 0x2C, 0x2D, 0x2C, 0x2D, 0x2C, 0x2C, 0x2B, 0x2B,
    0x2B, 0x2B, 0x2C, 0x2C, 0x2C, 0x2C, 0x2C, 0x2C, 0x2C, 0x2C, 0x2C, 0x2C, 0x2D, 0x2D, 0x2C, 0x2C,
    0x2C, 0x2C, 0x2C, 0x2C, 0x2C, 0x2D, 0x2C, 0x2C, 0x2C, 0x2C, 0x2C, 0x2D, 0x2C, 0x2D, 0x2D, 0x2C,
    0x2B, 0x2F, 0xDB, 0xD8, 0x27, 0x33, 0x29, 0xD9, 0xD5, 0xD3, 0xD7, 0xD4, 0x2D, 0x2E, 0x90, 0xDB,
    0xDA, 0xDB, 0xDA, 0xDA, 0xD8, 0xD9, 0xDB, 0xD7, 0xD6, 0xD8, 0xD8, 0xD8, 0xD8, 0xD9, 0xD8, 0xD9,
    0xD9, 0xD9, 0xD8, 0xDA, 0xD9, 0xD9, 0xD9, 0xD8, 0xD9, 0xD8, 0xD8, 0xD8, 0xD7, 0xD9, 0xDA, 0xD8,
    0xD9, 0xD7, 0x1E, 0x2A, 0x22, 0xD4, 0xD6, 0xD5, 0xD7, 0xD9, 0x31, 0x30, 0x5E, 0xD6, 0xD1, 0x28,
    0x2D, 0x2D, 0x2C, 0x2B, 0x2C, 0x2D, 0x2C, 0x2E, 0x2C, 0x2C, 0x2C, 0x2C, 0x2C, 0x2C, 0x2C, 0x2C,
    0x2C, 0x2C, 0x2C, 0x2C, 0x2C, 0x2D, 0x2D, 0x2C, 0x2C, 0x2C, 0x2B, 0x2C, 0x2B, 0x2B, 0x2B, 0x2C,
    0x2C, 0x2C, 0x2C, 0x2C, 0x2C, 0x2C, 0x2C, 0x2C, 0x2C, 0x2C, 0x2C, 0x2D, 0x2D, 0x2D, 0x2D, 0x2C,
    0x2C, 0x2B, 0x2B, 0x2C, 0x2C, 0x2C, 0x2C, 0x2C, 0x2C, 0x2C, 0x2C, 0x2C, 0x2B, 0x2C, 0x2B, 0x2C,
    0x2C, 0x2D, 0x2E, 0x2D, 0x2D, 0x2C, 0x2C, 0x2C, 0x2D, 0x2C, 0x2C, 0x2C, 0x2D, 0x2D, 0x2C, 0x2D,
    0x2C, 0x2C, 0x2D, 0x2C, 0x2D, 0x2D, 0x2D, 0x2B, 0x23, 0xD9, 0xD8, 0xD7, 0xD7, 0xDB, 0xD9, 0xD8,
    0xD8, 0xD8, 0xD8, 0xD8, 0xD9, 0xDB, 0xDA, 0xDA, 0x2F, 0x2C, 0x2B, 0x2B, 0x2C, 0x2C, 0x2C, 0x2C,
    0x2D, 0x2D, 0x2D, 0x2D, 0x2D, 0x2D, 0x2D, 0x2C, 0x2D, 0x2D, 0x2D, 0x2C, 0x2C, 0x2C, 0x2C, 0x2C,
    0x2C, 0x2C, 0x2C, 0x2C, 0x2D, 0x2B, 0x2C, 0x2D, 0x2D, 0x2D, 0x2D, 0x2D, 0x2D, 0x2D, 0x2C, 0x2C,
    0x2D, 0x2C, 0x2C, 0x2C, 0x2C, 0x2C, 0x2C, 0x2D, 0x2D, 0x2E, 0x2D, 0x2D, 0x2E, 0x2D, 0x2C, 0x2D,
    0x2C, 0x2D, 0x2C, 0x2C, 0x2C, 0x2C, 0x2D, 0x2C, 0x2D, 0x2E, 0x2C, 0x2E, 0x2D, 0x2E, 0x2E, 0x2D,
    0x2D, 0x2C, 0x2D, 0x2C, 0x2C, 0x2C, 0x2D, 0x2C, 0x2C, 0x2C, 0x2C, 0x2D, 0x2D, 0x2D, 0x2D, 0x2D,
    0x2B, 0x2E, 0xE0, 0xDB, 0x2A, 0x34, 0x26, 0xD5, 0xD2, 0xD7, 0xD6, 0xD5, 0x2C, 0x2E, 0x99, 0xDB,
    0xD8, 0xD9, 0xDA, 0xD9, 0xDA, 0xD8, 0xD8, 0xD6, 0xD8, 0xD9, 0xD8, 0xD8, 0xD7, 0xDA, 0xD9, 0xDA,
    0xD9, 0xD9, 0xDA, 0xD9, 0xDA, 0xD9, 0xD9, 0xD8, 0xD7, 0xD6, 0xD6, 0xD6, 0xD8, 0xD8, 0xD8, 0xD8,
    0xD9, 0xDA, 0x24, 0x2E, 0x27, 0xD4, 0xD4, 0xD4, 0xD7, 0xD8, 0x2F, 0x2D, 0x69, 0xD8, 0xD8, 0x2B,
    0x2C, 0x2B, 0x2B, 0x2C, 0x2C, 0x2C, 0x2D, 0x2D, 0x2D, 0x2D, 0x2D, 0x2D, 0x2C, 0x2D, 0x2C, 0x2C,
    0x2C, 0x2C, 0x2C, 0x2C, 0x2C, 0x2B, 0x2C, 0x2C, 0x2D, 0x2D, 0x2C, 0x2C, 0x2B, 0x2C, 0x2B, 0x2C,
    0x2C, 0x2C, 0x2C, 0x2C, 0x2C, 0x2C, 0x2C, 0x2C, 0x2C, 0x2D, 0x2D, 0x2D, 0x2D, 0x2C, 0x2B, 0x2B,
    0x2C, 0x2B, 0x2A, 0x2C, 0x2C, 0x2C, 0x2B, 0x2C, 0x2C, 0x2C, 0x2C, 0x2C, 0x2D, 0x2D, 0x2D, 0x2E,
    0x2D, 0x2D, 0x2D, 0x2D, 0x2D, 0x2C, 0x2C, 0x2C, 0x2D, 0x2C, 0x2C, 0x2C, 0x2C, 0x2D, 0x2D, 0x2C,
    0x2D, 0x2D, 0x2C, 0x2D, 0x2D, 0x2D, 0x2C, 0x2C, 0x23, 0xDA, 0xD8, 0xDA, 0xD7, 0xD8, 0xD9, 0xD8,
    0xD8, 0xD8, 0xD8, 0xD9, 0xD9, 0x7E, 0x2D, 0x2A, 0x2D, 0x2B, 0x2B, 0x2D, 0x2C, 0x2C, 0x2C, 0x2D,
    0x2D, 0x2D, 0x2D, 0x2D, 0x2C, 0x2D, 0x2C, 0x2D, 0x2C, 0x2C, 0x2C, 0x2C, 0x2C, 0x2C, 0x2C, 0x2C,
    0x2C, 0x2C, 0x2C, 0x2C, 0x2D, 0x2D, 0x2C, 0x2E, 0x2D, 0x2E, 0x2C, 0x2E, 0x2C, 0x2B, 0x2D, 0x2C,
    0x2C, 0x2C, 0x2C, 0x2C, 0x2C, 0x2C, 0x2C, 0x2E, 0x2C, 0x2D, 0x2C, 0x2D, 0x2E, 0x2C, 0x2C, 0x2C,
    0x2C, 0x2C, 0x2C, 0x2C, 0x2C, 0x2C, 0x2C, 0x2C, 0x2D, 0x2D, 0x2D, 0x2C, 0x2C, 0x2C, 0x2D, 0x2D,
    0x2C, 0x2C, 0x2D, 0x2D, 0x2C, 0x2C, 0x2C, 0x2D, 0x2C, 0x2C, 0x2D, 0x2D, 0x2C, 0x2D, 0x2C, 0x2D,
    0x2E, 0x2E, 0x30, 0x30, 0xE4, 0xDB, 0xDF, 0x25, 0x27, 0x28, 0x28, 0x29, 0x2E, 0x2C, 0x2F, 0x31,
    0x35, 0xD9, 0xD9, 0xD8, 0xD9, 0xD8, 0x1F, 0x28, 0x26, 0xD9, 0xD9, 0xD9, 0xD9, 0xD8, 0xDA, 0xD9,
    0xD8, 0xD8, 0xD8, 0xD9, 0xDB, 0x8A, 0x29, 0x25, 0xD2, 0xD7, 0xD8, 0xD8, 0xD8, 0xD8, 0xD9, 0xE3,
    0x32, 0x31, 0x2D, 0x2D, 0x2B, 0x28, 0x28, 0x27, 0x28, 0x2D, 0xDF, 0xDE, 0xAA, 0x30, 0x2E, 0x2E,
    0x2D, 0x2C, 0x2C, 0x2D, 0x2C, 0x2D, 0x2D, 0x2F, 0x2D, 0x2D, 0x2C, 0x2C, 0x2D, 0x2D, 0x2C, 0x2C,
    0x2C, 0x2C, 0x2C, 0x2C, 0x2C, 0x2C, 0x2C, 0x2C, 0x2C, 0x2B, 0x2B, 0x2C, 0x2B, 0x2C, 0x2C, 0x2C,
    0x2C, 0x2C, 0x2C, 0x2C, 0x2C, 0x2C, 0x2C, 0x2C, 0x2D, 0x2C, 0x2D, 0x2E, 0x2C, 0x2D, 0x2D, 0x2A,
    0x2C, 0x2C, 0x2C, 0x2C, 0x2D, 0x2C, 0x2D, 0x2C, 0x2C, 0x2D, 0x2C, 0x2C, 0x2D, 0x2C, 0x2D, 0x2D,
    0x2E, 0x2D, 0x2C, 0x2C, 0x2C, 0x2D, 0x2C, 0x2C, 0x2C, 0x2C, 0x2C, 0x2D, 0x2D, 0x2D, 0x2D, 0x2D,
    0x2C, 0x2C, 0x2D, 0x2D, 0x2D, 0x2D, 0x2D, 0x2C, 0x2B, 0x2A, 0x2D, 0xE0, 0xD8, 0xD8, 0xD8, 0xD8,
    0xD8, 0xD9, 0xD9, 0xD9, 0xD8, 0x7A, 0x2A, 0x2A, 0x2C, 0x2B, 0x2C, 0x2B, 0x2C, 0x2C, 0x2D, 0x2D,
    0x2C, 0x2D, 0x2D, 0x2C, 0x2C, 0x2C, 0x2D, 0x2D, 0x2C, 0x2D, 0x2D, 0x2C, 0x2C, 0x2C, 0x2D, 0x2D,
    0x2C, 0x2D, 0x2C, 0x2C, 0x2D, 0x2E, 0x2C, 0x2D, 0x2C, 0x2D, 0x2D, 0x2C, 0x2C, 0x2C, 0x2D, 0x2C,
    0x2C, 0x2C, 0x2C, 0x2C, 0x2D, 0x2D, 0x2C, 0x2C, 0x2E, 0x2D, 0x2E, 0x2D, 0x2C, 0x2C, 0x2C, 0x2C,
    0x2D, 0x2C, 0x2C, 0x2C, 0x2C, 0x2C, 0x2C, 0x2D, 0x2C, 0x2C, 0x2C, 0x2C, 0x2C, 0x2C, 0x2C, 0x2D,
    0x2C, 0x2D, 0x2C, 0x2C, 0x2C, 0x2C, 0x2D, 0x2C, 0x2C, 0x2C, 0x2C, 0x2D, 0x2C, 0x2C, 0x2C, 0x2C,
    0x2D, 0x2C, 0x2D, 0x2D, 0xDE, 0xD9, 0xDE, 0x2A, 0x2B, 0x2C, 0x2C, 0x2D, 0x2E, 0x2F, 0x2E, 0x2C,
    0x31, 0xD7, 0xD6, 0xD6, 0xD6, 0xD6, 0x21, 0x2E, 0x2F, 0xDA, 0xD8, 0xD8, 0xD7, 0xD8, 0xD7, 0xD8,
    0xD8, 0xD8, 0xD8, 0xDB, 0xDB, 0x8D, 0x2F, 0x2E, 0xD4, 0xD7, 0xD9, 0xD7, 0xD7, 0xD4, 0xD8, 0xE8,
    0x2D, 0x2F, 0x31, 0x2E, 0x2F, 0x2B, 0x2C, 0x2B, 0x2A, 0x29, 0xD8, 0xDC, 0xAB, 0x2C, 0x2D, 0x2D,
    0x2D, 0x2D, 0x2C, 0x2C, 0x2D, 0x2C, 0x2C, 0x2D, 0x2C, 0x2C, 0x2D, 0x2C, 0x2C, 0x2C, 0x2C, 0x2B,
    0x2C, 0x2C, 0x2C, 0x2C, 0x2E, 0x2C, 0x2C, 0x2C, 0x2C, 0x2B, 0x2B, 0x2C, 0x2B, 0x2C, 0x2C, 0x2C,
    0x2B, 0x2C, 0x2C, 0x2D, 0x2C, 0x2D, 0x2D, 0x2D, 0x2D, 0x2C, 0x2D, 0x2C, 0x2D, 0x2D, 0x2D, 0x2C,
    0x2C, 0x2C, 0x2C, 0x2C, 0x2C, 0x2C, 0x2C, 0x2C, 0x2C, 0x2D, 0x2C, 0x2C, 0x2C, 0x2D, 0x2D, 0x2D,
    0x2D, 0x2D, 0x2C, 0x2C, 0x2C, 0x2C, 0x2C, 0x2C, 0x2C, 0x2D, 0x2C, 0x2D, 0x2D, 0x2D, 0x2C, 0x2D,
    0x2D, 0x2C, 0x2D, 0x2D, 0x2D, 0x2C, 0x2C, 0x2C, 0x2C, 0x29, 0x2A, 0xDF, 0xD8, 0xD8, 0xD8, 0xD9,
    0xD8, 0xD8, 0xD9, 0xDA, 0xD9, 0xDA, 0xDE, 0xDC, 0x30, 0x2D, 0x2B, 0x2B, 0x2C, 0x2C, 0x2C, 0x2E,
    0x2D, 0x2D, 0x2B, 0x2B, 0x2B, 0x2D, 0x2D, 0x2E, 0x2C, 0x2C, 0x2C, 0x2C, 0x2C, 0x2C, 0x2C, 0x2C,
    0x2B, 0x2B, 0x2C, 0x2C, 0x2B, 0x2D, 0x2C, 0x2C, 0x2C, 0x2C, 0x2D, 0x2C, 0x2C, 0x2D, 0x2D, 0x2D,
    0x2C, 0x2D, 0x2C, 0x2C, 0x2D, 0x2D, 0x2C, 0x2C, 0x2C, 0x2C, 0x2C, 0x2D, 0x2C, 0x2C, 0x2C, 0x2C,
    0x2D, 0x2C, 0x2D, 0x2C, 0x2C, 0x2C, 0x2C, 0x2C, 0x2B, 0x2D, 0x2D, 0x2C, 0x2C, 0x2C, 0x2C, 0x2C,
    0x2C, 0x2C, 0x2D, 0x2C, 0x2D, 0x2C, 0x2C, 0x2C, 0x2C, 0x2C, 0x2C, 0x2C, 0x2E, 0x2C, 0x2B, 0x2C,
    0x2C, 0x2D, 0x2D, 0x2C, 0x2B, 0x2E, 0x22, 0xD3, 0xD3, 0xD9, 0xD9, 0xD9, 0xD8, 0xDB, 0x5A, 0x2C,
    0x2C, 0x28, 0x2A, 0x2B, 0x2B, 0x31, 0x32, 0x2D, 0x31, 0x32, 0x33, 0xDF, 0xD7, 0xD6, 0xD8, 0xD8,
    0xD7, 0xD6, 0xD7, 0x30, 0x34, 0x33, 0x31, 0x2E, 0x2E, 0x2F, 0x2D, 0x2A, 0x2B, 0x2D, 0x2D, 0x2D,
    0x2D, 0x2F, 0xE8, 0xDB, 0xDD, 0xD8, 0xD4, 0xD5, 0xD7, 0xD3, 0x2A, 0x2F, 0x2D, 0x2C, 0x2D, 0x2D,
    0x2D, 0x2C, 0x2C, 0x2E, 0x2D, 0x2B, 0x2C, 0x2C, 0x2D, 0x2C, 0x2C, 0x2C, 0x2C, 0x2C, 0x2D, 0x2C,
    0x2C, 0x2D, 0x2C, 0x2C, 0x2C, 0x2C, 0x2B, 0x2C, 0x2C, 0x2B, 0x2B, 0x2B, 0x2B, 0x2B, 0x2C, 0x2C,
    0x2C, 0x2B, 0x2B, 0x2B, 0x2C, 0x2D, 0x2C, 0x2C, 0x2D, 0x2C, 0x2B, 0x2D, 0x2B, 0x2C, 0x2C, 0x2C,
    0x2C, 0x2C, 0x2C, 0x2C, 0x2D, 0x2C, 0x2C, 0x2C, 0x2C, 0x2C, 0x2B, 0x2B, 0x2C, 0x2C, 0x2C, 0x2C,
    0x2C, 0x2C, 0x2C, 0x2C, 0x2C, 0x2D, 0x2C, 0x2C, 0x2C, 0x2C, 0x2C, 0x2C, 0x2C, 0x2B, 0x2D, 0x2B,
    0x2C, 0x2C, 0x2C, 0x2D, 0x2D, 0x2C, 0x2C, 0x2C, 0x24, 0xDA, 0xD9, 0xD9, 0xD9, 0xD8, 0xD8, 0xD9,
    0xD8, 0xD8, 0xD8, 0xDA, 0xDA, 0xDA, 0xD9, 0xD8, 0x2E, 0x2C, 0x2B, 0x2B, 0x2C, 0x2C, 0x2C, 0x2C,
    0x2D, 0x2C, 0x2C, 0x2C, 0x2D, 0x2C, 0x2C, 0x2C, 0x2C, 0x2C, 0x2C, 0x2C, 0x2C, 0x2C, 0x2D, 0x2C,
    0x2C, 0x2C, 0x2D, 0x2C, 0x2C, 0x2E, 0x2D, 0x2C, 0x2C, 0x2C, 0x2C, 0x2C, 0x2C, 0x2C, 0x2D, 0x2C,
    0x2C, 0x2D, 0x2D, 0x2C, 0x2C, 0x2C, 0x2D, 0x2D, 0x2D, 0x2C, 0x2C, 0x2C, 0x2C, 0x2C, 0x2C, 0x2C,
    0x2C, 0x2C, 0x2C, 0x2C, 0x2C, 0x2C, 0x2B, 0x2C, 0x2C, 0x2C, 0x2C, 0x2C, 0x2C, 0x2C, 0x2C, 0x2C,
    0x2C, 0x2C, 0x2C, 0x2C, 0x2C, 0x2C, 0x2C, 0x2C, 0x2D, 0x2C, 0x2D, 0x2D, 0x2C, 0x2C, 0x2B, 0x2B,
    0x2C, 0x2C, 0x2C, 0x2C, 0x2C, 0x2C, 0x22, 0xD8, 0xD6, 0xD9, 0xD9, 0xDB, 0xDC, 0xD9, 0x56, 0x2E,
    0x2B, 0x2A, 0x2E, 0x28, 0x2E, 0x30, 0x30, 0x33, 0x31, 0x2A, 0x29, 0xE6, 0xD8, 0xD8, 0xD3, 0xD7,
    0xDB, 0xD9, 0xD8, 0x27, 0x2A, 0x2F, 0x31, 0x2E, 0x2C, 0x30, 0x2B, 0x2C, 0x29, 0x2E, 0x2D, 0x2B,
    0x2F, 0x2D, 0xE5, 0xDA, 0xDC, 0xD9, 0xD9, 0xD6, 0xD4, 0xD4, 0x2B, 0x2C, 0x2D, 0x2C, 0x2D, 0x2D,
    0x2D, 0x2C, 0x2C, 0x2D, 0x2B, 0x2C, 0x2C, 0x2C, 0x2C, 0x2C, 0x2C, 0x2C, 0x2C, 0x2D, 0x2C, 0x2C,
    0x2C, 0x2C, 0x2C, 0x2C, 0x2C, 0x2C, 0x2C, 0x2C, 0x2C, 0x2B, 0x2C, 0x2B, 0x2C, 0x2C, 0x2C, 0x2C,
    0x2B, 0x2B, 0x2B, 0x2B, 0x2C, 0x2D, 0x2C, 0x2D, 0x2C, 0x2C, 0x2C, 0x2C, 0x2C, 0x2C, 0x2C, 0x2C,
    0x2C, 0x2C, 0x2C, 0x2C, 0x2D, 0x2C, 0x2C, 0x2C, 0x2C, 0x2D, 0x2C, 0x2C, 0x2E, 0x2D, 0x2C, 0x2C,
    0x2C, 0x2D, 0x2C, 0x2C, 0x2C, 0x2C, 0x2C, 0x2C, 0x2C, 0x2D, 0x2C, 0x2B, 0x2B, 0x2E, 0x2B, 0x2C,
    0x2C, 0x2C, 0x2D, 0x2C, 0x2D, 0x2D, 0x2E, 0x2C, 0x23, 0xD9, 0xDA, 0xD9, 0xD9, 0xD8, 0xD8, 0xD9,
    0xD9, 0xDA, 0xD8, 0xDA, 0xDA, 0xD9, 0xDA, 0xD8, 0x2F, 0x2B, 0x2C, 0x2C, 0x2D, 0x2C, 0x2C, 0x2C,
    0x2C, 0x2C, 0x2C, 0x2C, 0x2D, 0x2C, 0x2C, 0x2C, 0x2C, 0x2C, 0x2C, 0x2D, 0x2C, 0x2C, 0x2D, 0x2C,
    0x2D, 0x2D, 0x2D, 0x2C, 0x2D, 0x2D, 0x2C, 0x2D, 0x2B, 0x2B, 0x2B, 0x2C, 0x2B, 0x2B, 0x2B, 0x2B,
    0x2B, 0x2C, 0x2C, 0x2D, 0x2D, 0x2D, 0x2C, 0x2C, 0x2D, 0x2C, 0x2C, 0x2C, 0x2C, 0x2C, 0x2C, 0x2C,
    0x2B, 0x2C, 0x2C, 0x2C, 0x2C, 0x2C, 0x2C, 0x2B, 0x2B, 0x2C, 0x2C, 0x2C, 0x2C, 0x2C, 0x2C, 0x2C,
    0x2C, 0x2D, 0x2C, 0x2C, 0x2C, 0x2C, 0x2C, 0x2D, 0x2D, 0x2D, 0x2C, 0x2C, 0x2C, 0x2C, 0x2C, 0x2B,
    0x2D, 0x2B, 0x2B, 0x2B, 0x2A, 0x2C, 0x2C, 0x2B, 0x2D, 0x2E, 0x33, 0x34, 0x2F, 0x2F, 0x9B, 0xD8,
    0xD5, 0x2A, 0x2D, 0x4A, 0xDB, 0xDC, 0xDC, 0xDA, 0xDB, 0x2D, 0x2B, 0x2C, 0x2E, 0x2F, 0x29, 0x2A,
    0x33, 0x32, 0x32, 0x2E, 0x30, 0x2D, 0x2C, 0x32, 0xDB, 0xD8, 0xD8, 0xD8, 0xD9, 0x24, 0x2D, 0x22,
    0xD8, 0xD6, 0x1C, 0x2D, 0x2C, 0x2C, 0x2C, 0x2C, 0x2B, 0x2A, 0x2C, 0x2D, 0x2D, 0x2B, 0x2C, 0x2C,
    0x2E, 0x2C, 0x2E, 0x2C, 0x2C, 0x2C, 0x2C, 0x2C, 0x2C, 0x2C, 0x2C, 0x2C, 0x2C, 0x2C, 0x2C, 0x2C,
    0x2D, 0x2D, 0x2C, 0x2D, 0x2C, 0x2C, 0x2C, 0x2C, 0x2C, 0x2B, 0x2A, 0x2B, 0x2B, 0x2C, 0x2C, 0x2B,
    0x2C, 0x2C, 0x2B, 0x2B, 0x2C, 0x2B, 0x2C, 0x2C, 0x2D, 0x2B, 0x2C, 0x2C, 0x2C, 0x2C, 0x2C, 0x2D,
    0x2C, 0x2C, 0x2C, 0x2C, 0x2C, 0x2D, 0x2D, 0x2D, 0x2C, 0x2C, 0x2C, 0x2C, 0x2C, 0x2C, 0x2C, 0x2C,
    0x2C, 0x2C, 0x2C, 0x2D, 0x2C, 0x2A, 0x2D, 0x2C, 0x2D, 0x2C, 0x2B, 0x2D, 0x2D, 0x2D, 0x2C, 0x2C,
    0x2C, 0x2C, 0x2C, 0x2C, 0x2D, 0x2B, 0x2D, 0x2C, 0x23, 0xD9, 0xD8, 0xD9, 0xD7, 0xD8, 0xD9, 0xD9,
    0xD8, 0xD7, 0xD8, 0xDA, 0xD8, 0xDA, 0xD9, 0xD8, 0x2C, 0x2B, 0x2B, 0x2B, 0x2D, 0x2B, 0x2D, 0x2C,
    0x2C, 0x2D, 0x2C, 0x2C, 0x2C, 0x2C, 0x2C, 0x2C, 0x2C, 0x2C, 0x2C, 0x2C, 0x2C, 0x2C, 0x2D, 0x2C,
    0x2C, 0x2C, 0x2D, 0x2C, 0x2B, 0x2C, 0x2C, 0x2C, 0x2C, 0x2B, 0x2C, 0x2B, 0x2A, 0x2C, 0x2C, 0x2C,
    0x2D, 0x2C, 0x2C, 0x2C, 0x2B, 0x2C, 0x2C, 0x2C, 0x2D, 0x2B, 0x2A, 0x2C, 0x2C, 0x2C, 0x2C, 0x2C,
    0x2C, 0x2C, 0x2C, 0x2C, 0x2D, 0x2C, 0x2C, 0x2C, 0x2C, 0x2C, 0x2B, 0x2C, 0x2C, 0x2C, 0x2C, 0x2C,
    0x2C, 0x2C, 0x2D, 0x2C, 0x2C, 0x2C, 0x2D, 0x2D, 0x2C, 0x2D, 0x2C, 0x2C, 0x2D, 0x2C, 0x2C, 0x2C,
    0x2C, 0x2C, 0x2C, 0x2C, 0x2C, 0x2C, 0x2C, 0x2C, 0x2C, 0x2D, 0x30, 0x30, 0x2E, 0x2C, 0x9A, 0xD4,
    0xD5, 0x2E, 0x2C, 0x4D, 0xDC, 0xDA, 0xD9, 0xD7, 0xDB, 0x2C, 0x2B, 0x2E, 0x30, 0x33, 0x32, 0x2B,
    0x2A, 0x2C, 0x32, 0x34, 0x32, 0x2E, 0x2A, 0x28, 0xD2, 0xD8, 0xD8, 0xD8, 0xDB, 0x26, 0x2C, 0x1F,
    0xD9, 0xD4, 0x1D, 0x2B, 0x2B, 0x2A, 0x2C, 0x2B, 0x2B, 0x2B, 0x2C, 0x2B, 0x2D, 0x2C, 0x2C, 0x2D,
    0x2D, 0x2C, 0x2D, 0x2D, 0x2C, 0x2C, 0x2C, 0x2C, 0x2C, 0x2C, 0x2C, 0x2C, 0x2C, 0x2C, 0x2C, 0x2D,
    0x2C, 0x2D, 0x2D, 0x2C, 0x2D, 0x2C, 0x2D, 0x2C, 0x2D, 0x2B, 0x2B, 0x2B, 0x2B, 0x2A, 0x2C, 0x2C,
    0x2C, 0x2C, 0x2C, 0x2C, 0x2C, 0x2D, 0x2C, 0x2C, 0x2C, 0x2D, 0x2C, 0x2C, 0x2C, 0x2C, 0x2C, 0x2C,
    0x2C, 0x2D, 0x2C, 0x2C, 0x2C, 0x2D, 0x2C, 0x2C, 0x2D, 0x2C, 0x2C, 0x2B, 0x2C, 0x2C, 0x2C, 0x2C,
    0x2C, 0x2D, 0x2C, 0x2D, 0x2C, 0x2C, 0x2E, 0x2D, 0x2C, 0x2C, 0x2C, 0x2C, 0x2C, 0x2C, 0x2D, 0x2C,
    0x2C, 0x2C, 0x2C, 0x2D, 0x2D, 0x2C, 0x2B, 0x2C, 0x25, 0xDC, 0xD9, 0xD9, 0xD8, 0xD8, 0xD8, 0xD8,
    0xD8, 0xD8, 0xD8, 0xD8, 0xD8, 0x70, 0x26, 0x29, 0xD8, 0xD7, 0xBC, 0x2C, 0x2C, 0x2B, 0x2C, 0x2C,
    0x2C, 0x2C, 0x2D, 0x2C, 0x2C, 0x2C, 0x2C, 0x2C, 0x2C, 0x2C, 0x2C, 0x2C, 0x2C, 0x2D, 0x2C, 0x2C,
    0x2D, 0x2D, 0x2D, 0x2D, 0x2C, 0x2B, 0x2C, 0x2B, 0x2A, 0x2B, 0x2A, 0x2A, 0x2B, 0x2C, 0x2C, 0x2B,
    0x2C, 0x2C, 0x2C, 0x2C, 0x2B, 0x2B, 0x2C, 0x2A, 0x2C, 0x2B, 0x2B, 0x2B, 0x2B, 0x2C, 0x2C, 0x2C,
    0x2C, 0x2C, 0x2C, 0x2D, 0x2C, 0x2C, 0x2C, 0x2C, 0x2C, 0x2C, 0x2C, 0x2C, 0x2B, 0x2C, 0x2C, 0x2C,
    0x2D, 0x2C, 0x2C, 0x2D, 0x2C, 0x2C, 0x2D, 0x2D, 0x2C, 0x2C, 0x2C, 0x2D, 0x2C, 0x2C, 0x2C, 0x2C,
    0x2C, 0x2C, 0x2C, 0x2C, 0x2C, 0x2C, 0x2C, 0x2C, 0x2D, 0x2C, 0x2C, 0x2C, 0x2A, 0x28, 0x94, 0xD6,
    0xD7, 0x31, 0x2E, 0x4D, 0xDA, 0xD8, 0xD8, 0xD8, 0xDF, 0x2C, 0x2A, 0xDD, 0xD7, 0xDA, 0xDB, 0xD7,
    0xD8, 0xD5, 0xD6, 0xD6, 0xD7, 0x75, 0x27, 0x28, 0xD2, 0xD6, 0xD9, 0xD9, 0xDA, 0x28, 0x2E, 0x23,
    0xD5, 0xD5, 0x1E, 0x2B, 0x2B, 0x2B, 0x2B, 0x2B, 0x2C, 0x2C, 0x2C, 0x2C, 0x2C, 0x2D, 0x2C, 0x2C,
    0x2C, 0x2C, 0x2C, 0x2C, 0x2C, 0x2C, 0x2C, 0x2C, 0x2D, 0x2C, 0x2C, 0x2C, 0x2C, 0x2C, 0x2C, 0x2C,
    0x2B, 0x2E, 0x2B, 0x2B, 0x2C, 0x2D, 0x2B, 0x2B, 0x2C, 0x2A, 0x2B, 0x2B, 0x2A, 0x2A, 0x2A, 0x2B,
    0x2B, 0x2B, 0x2B, 0x2B, 0x2C, 0x2D, 0x2D, 0x2C, 0x2C, 0x2C, 0x2C, 0x2C, 0x2C, 0x2C, 0x2C, 0x2C,
    0x2C, 0x2D, 0x2C, 0x2C, 0x2D, 0x2C, 0x2C, 0x2C, 0x2C, 0x2D, 0x2C, 0x2C, 0x2C, 0x2C, 0x2C, 0x2C,
    0x2C, 0x2D, 0x2C, 0x2C, 0x2C, 0x2C, 0x2C, 0x2C, 0x2C, 0x2C, 0x2C, 0x2C, 0x2D, 0x2C, 0x2C, 0x2D,
    0x2C, 0x2C, 0x2C, 0x2C, 0x2B, 0x2A, 0xDD, 0xD9, 0xE0, 0x2B, 0x27, 0xDF, 0xD7, 0xD8, 0xD9, 0xD8,
    0xDA, 0xD7, 0xD8, 0xD9, 0xDB, 0x69, 0x26, 0x2A, 0xDA, 0xDB, 0xBC, 0x2B, 0x2D, 0x2B, 0x2B, 0x2C,
    0x2C, 0x2D, 0x2C, 0x2D, 0x2C, 0x2D, 0x2C, 0x2C, 0x2C, 0x2D, 0x2C, 0x2C, 0x2C, 0x2C, 0x2C, 0x2C,
    0x2C, 0x2C, 0x2C, 0x2C, 0x2C, 0x2C, 0x2B, 0x2B, 0x2B, 0x2A, 0x2B, 0x2B, 0x2B, 0x2B, 0x2B, 0x2B,
    0x2B, 0x2B, 0x2C, 0x2B, 0x2C, 0x2C, 0x2A, 0x2B, 0x2C, 0x2D, 0x2D, 0x2D, 0x2D, 0x2D, 0x2C, 0x2C,
    0x2C, 0x2C, 0x2C, 0x2C, 0x2C, 0x2B, 0x2C, 0x2C, 0x2C, 0x2C, 0x2D, 0x2C, 0x2C, 0x2C, 0x2D, 0x2C,
    0x2C, 0x2D, 0x2C, 0x2C, 0x2C, 0x2C, 0x2C, 0x2C, 0x2C, 0x2C, 0x2D, 0x2D, 0x2D, 0x2D, 0x2D, 0x2E,
    0x2C, 0x2C, 0x2C, 0x2D, 0x2C, 0x2C, 0x2C, 0x2C, 0x2C, 0x2D, 0x2C, 0x2C, 0x2C, 0x2C, 0x9F, 0xDC,
    0xDB, 0x34, 0x2F, 0x4D, 0xDC, 0xD9, 0xD6, 0xDF, 0xEE, 0x31, 0x2D, 0xDB, 0xD8, 0xD7, 0xDD, 0xDF,
    0xDE, 0xDB, 0xD7, 0xD7, 0xD6, 0x7B, 0x2B, 0x31, 0xDD, 0xDD, 0xD9, 0xDC, 0xDC, 0x25, 0x2E, 0x26,
    0xDA, 0xD7, 0x1C, 0x2D, 0x2B, 0x2B, 0x2B, 0x2B, 0x2C, 0x2D, 0x2D, 0x2C, 0x2D, 0x2C, 0x2C, 0x2C,
    0x2C, 0x2C, 0x2C, 0x2C, 0x2C, 0x2C, 0x2C, 0x2C, 0x2D, 0x2C, 0x2C, 0x2C, 0x2C, 0x2C, 0x2C, 0x2C,
    0x2D, 0x2C, 0x2B, 0x2B, 0x2B, 0x2B, 0x2C, 0x2B, 0x2B, 0x2B, 0x2C, 0x2B, 0x2B, 0x2C, 0x2C, 0x2C,
    0x2B, 0x2B, 0x2B, 0x2C, 0x2C, 0x2D, 0x2C, 0x2C, 0x2C, 0x2C, 0x2C, 0x2C, 0x2C, 0x2C, 0x2C, 0x2C,
    0x2C, 0x2C, 0x2C, 0x2C, 0x2C, 0x2C, 0x2C, 0x2C, 0x2C, 0x2B, 0x2B, 0x2B, 0x2C, 0x2C, 0x2C, 0x2D,
    0x2D, 0x2C, 0x2C, 0x2C, 0x2C, 0x2C, 0x2C, 0x2C, 0x2C, 0x2C, 0x2C, 0x2C, 0x2C, 0x2C, 0x2D, 0x2C,
    0x2D, 0x2D, 0x2D, 0x2C, 0x2D, 0x2C, 0xDF, 0xDB, 0xE1, 0x29, 0x28, 0xDF, 0xD8, 0xD8, 0xD8, 0xD8,
    0xD8, 0xD9, 0xD8, 0xD7, 0xD9, 0xDB, 0xD9, 0xD8, 0x2F, 0x2B, 0x2B, 0x2B, 0x2C, 0x2B, 0x2C, 0x2D,
    0x2C, 0x2C, 0x2C, 0x2C, 0x2C, 0x2C, 0x2C, 0x2C, 0x2C, 0x2C, 0x2C, 0x2C, 0x2C, 0x2C, 0x2C, 0x2D,
    0x2C, 0x2C, 0x2B, 0x2B, 0x2C, 0x2B, 0x2D, 0x2B, 0x2C, 0x2C, 0x2B, 0x2C, 0x2B, 0x2B, 0x2B, 0x2B,
    0x2B, 0x2B, 0x2B, 0x2B, 0x2B, 0x2B, 0x2B, 0x2C, 0x2C, 0x2C, 0x2C, 0x2C, 0x2C, 0x2C, 0x2C, 0x2C,
    0x2C, 0x2C, 0x2C, 0x2D, 0x2C, 0x2B, 0x2B, 0x2C, 0x2C, 0x2D, 0x2C, 0x2C, 0x2D, 0x2C, 0x2D, 0x2C,
    0x2C, 0x2C, 0x2C, 0x2C, 0x2C, 0x2C, 0x2C, 0x2C, 0x2C, 0x2C, 0x2C, 0x2C, 0x2D, 0x2C, 0x2C, 0x2B,
    0x2B, 0x2A, 0x2C, 0x2D, 0x2C, 0x2C, 0x2C, 0x2D, 0x2C, 0x2C, 0x2C, 0x2C, 0x2B, 0x2C, 0xA2, 0xDA,
    0xDB, 0x34, 0x2F, 0x2A, 0x29, 0x29, 0x2B, 0x2D, 0x2D, 0x2F, 0x31, 0xE1, 0xD7, 0xD6, 0x2B, 0x2D,
    0x2C, 0x30, 0x2B, 0xD4, 0xD6, 0x81, 0x2F, 0x2D, 0x2B, 0x2C, 0x29, 0x28, 0x2C, 0x30, 0x30, 0x24,
    0xDC, 0xD8, 0x1D, 0x2C, 0x2C, 0x2C, 0x2C, 0x2D, 0x2C, 0x2C, 0x2D, 0x2D, 0x2C, 0x2E, 0x2C, 0x2D,
    0x2E, 0x2C, 0x2C, 0x2C, 0x2C, 0x2C, 0x2C, 0x2C, 0x2C, 0x2C, 0x2C, 0x2C, 0x2C, 0x2C, 0x2D, 0x2C,
    0x2C, 0x2B, 0x2B, 0x2B, 0x2B, 0x2B, 0x2B, 0x2B, 0x2B, 0x2B, 0x2B, 0x2A, 0x2C, 0x2B, 0x2C, 0x2A,
    0x2B, 0x2B, 0x2C, 0x2C, 0x2C, 0x2C, 0x2C, 0x2C, 0x2C, 0x2C, 0x2D, 0x2C, 0x2C, 0x2D, 0x2C, 0x2C,
    0x2C, 0x2C, 0x2B, 0x2D, 0x2C, 0x2C, 0x2C, 0x2C, 0x2C, 0x2C, 0x2B, 0x2B, 0x2C, 0x2C, 0x2C, 0x2C,
    0x2D, 0x2C, 0x2C, 0x2D, 0x2C, 0x2C, 0x2C, 0x2C, 0x2C, 0x2C, 0x2C, 0x2C, 0x2C, 0x2C, 0x2C, 0x2C,
    0x2C, 0x2C, 0x2C, 0x2C, 0x2C, 0x2C, 0x2C, 0x2C, 0x23, 0xDA, 0xDA, 0xD9, 0xD8, 0xD8, 0xD9, 0xD8,
    0xD8, 0xD9, 0xD8, 0xDA, 0xDB, 0xD9, 0xD8, 0xD8, 0x2F, 0x2B, 0x2C, 0x2C, 0x2C, 0x2B, 0x2C, 0x2D,
    0x2C, 0x2D, 0x2E, 0x2D, 0x2D, 0x2C, 0x2D, 0x2C, 0x2C, 0x2C, 0x2C, 0x2D, 0x2C, 0x2C, 0x2C, 0x2C,
    0x2C, 0x2D, 0x2C, 0x2B, 0x2B, 0x2B, 0x2C, 0x2D, 0x2B, 0x2C, 0x2C, 0x2B, 0x2A, 0x2B, 0x2B, 0x2C,
    0x2D, 0x2B, 0x2B, 0x2B, 0x2B, 0x2B, 0x2D, 0x2D, 0x2C, 0x2D, 0x2D, 0x2C, 0x2C, 0x2C, 0x2C, 0x2C,
    0x2C, 0x2C, 0x2C, 0x2D, 0x2B, 0x2B, 0x2C, 0x2C, 0x2C, 0x2B, 0x2D, 0x2D, 0x2C, 0x2D, 0x2C, 0x2D,
    0x2D, 0x2C, 0x2C, 0x2D, 0x2C, 0x2C, 0x2C, 0x2C, 0x2C, 0x2D, 0x2D, 0x2C, 0x2C, 0x2B, 0x2B, 0x2C,
    0x2B, 0x2B, 0x2B, 0x2B, 0x2D, 0x2C, 0x2B, 0x2C, 0x2C, 0x2C, 0x2C, 0x2C, 0x2D, 0x2D, 0xA1, 0xDD,
    0xDC, 0x2B, 0x28, 0x2D, 0x2D, 0x2C, 0x2B, 0x2C, 0x2E, 0x32, 0x34, 0xE4, 0xDB, 0xDB, 0x2C, 0x2D,
    0x2E, 0x2E, 0x2B, 0xD8, 0xDA, 0x8A, 0x33, 0x2E, 0x2C, 0x2B, 0x2C, 0x29, 0x29, 0x2E, 0x2C, 0x2A,
    0xDB, 0xD9, 0x24, 0x2D, 0x2D, 0x2C, 0x2A, 0x2C, 0x2D, 0x2C, 0x2B, 0x2C, 0x2C, 0x2E, 0x2D, 0x2D,
    0x2C, 0x2D, 0x2D, 0x2C, 0x2C, 0x2D, 0x2D, 0x2D, 0x2C, 0x2C, 0x2C, 0x2C, 0x2C, 0x2C, 0x2C, 0x2C,
    0x2C, 0x2B, 0x2B, 0x2B, 0x2B, 0x2B, 0x2C, 0x2C, 0x2C, 0x2C, 0x2B, 0x2B, 0x2B, 0x2B, 0x2C, 0x2C,
    0x2C, 0x2C, 0x2C, 0x2C, 0x2C, 0x2C, 0x2D, 0x2C, 0x2C, 0x2C, 0x2D, 0x2D, 0x2C, 0x2D, 0x2C, 0x2C,
    0x2C, 0x2C, 0x2C, 0x2C, 0x2C, 0x2C, 0x2C, 0x2D, 0x2B, 0x2C, 0x2C, 0x2C, 0x2D, 0x2D, 0x2D, 0x2D,
    0x2C, 0x2C, 0x2C, 0x2D, 0x2C, 0x2C, 0x2C, 0x2D, 0x2C, 0x2C, 0x2D, 0x2D, 0x2D, 0x2C, 0x2D, 0x2C,
    0x2C, 0x2C, 0x2C, 0x2D, 0x2C, 0x2C, 0x2B, 0x2B, 0x23, 0xDB, 0xD9, 0xD9, 0xD8, 0xD9, 0xD9, 0xD9,
    0xDA, 0xD8, 0xD9, 0xDA, 0xDA, 0xDB, 0xD9, 0xD8, 0x2F, 0x2B, 0x2C, 0x2B, 0x2C, 0x2C, 0x2B, 0x2B,
    0x2C, 0x2C, 0x2C, 0x2E, 0x2C, 0x2C, 0x2C, 0x2C, 0x2C, 0x2C, 0x2D, 0x2D, 0x2C, 0x2C, 0x2C, 0x2C,
    0x2C, 0x2C, 0x2C, 0x2C, 0x2C, 0x2C, 0x2D, 0x2B, 0x2B, 0x2B, 0x2B, 0x2B, 0x2B, 0x2B, 0x2B, 0x2B,
    0x2B, 0x2B, 0x2B, 0x2B, 0x2B, 0x2C, 0x2C, 0x2B, 0x2D, 0x2C, 0x2D, 0x2D, 0x2C, 0x2D, 0x2B, 0x2D,
    0x2C, 0x2D, 0x2C, 0x2C, 0x2C, 0x2B, 0x2B, 0x2C, 0x2C, 0x2C, 0x2C, 0x2C, 0x2C, 0x2D, 0x2C, 0x2C,
    0x2C, 0x2C, 0x2B, 0x2C, 0x2C, 0x2D, 0x2C, 0x2C, 0x2C, 0x2D, 0x2C, 0x2C, 0x2D, 0x2D, 0x2C, 0x2C,
    0x2B, 0x2B, 0x2B, 0x2E, 0x2C, 0x2B, 0x2A, 0x2C, 0x2D, 0x2C, 0x31, 0x2C, 0x2D, 0x2E, 0xA2, 0xD8,
    0xD9, 0xD7, 0xD7, 0xB5, 0x2D, 0x2D, 0x2E, 0x2D, 0x24, 0xD5, 0xD8, 0xD8, 0xD7, 0xE1, 0x2D, 0x2C,
    0x2C, 0x2A, 0x29, 0xDA, 0xDA, 0xDA, 0xDA, 0xD6, 0x2C, 0x2C, 0x2F, 0x2E, 0x29, 0xDB, 0xD8, 0xDA,
    0xD7, 0xD8, 0x26, 0x2F, 0x2D, 0x2E, 0x2F, 0x2D, 0x2C, 0x2C, 0x2C, 0x2F, 0x2C, 0x2C, 0x2C, 0x2C,
    0x2C, 0x2B, 0x2C, 0x2C, 0x2C, 0x2C, 0x2C, 0x2D, 0x2C, 0x2D, 0x2C, 0x2C, 0x2C, 0x2D, 0x2C, 0x2C,
    0x2C, 0x2C, 0x2B, 0x2B, 0x2B, 0x2C, 0x2C, 0x2B, 0x2C, 0x2B, 0x2B, 0x2C, 0x2D, 0x2B, 0x2C, 0x2B,
    0x2C, 0x2C, 0x2C, 0x2B, 0x2C, 0x2C, 0x2C, 0x2C, 0x2C, 0x2C, 0x2C, 0x2C, 0x2C, 0x2C, 0x2C, 0x2D,
    0x2C, 0x2C, 0x2C, 0x2C, 0x2D, 0x2C, 0x2B, 0x2C, 0x2C, 0x2B, 0x2B, 0x2B, 0x2C, 0x2C, 0x2C, 0x2C,
    0x2C, 0x2C, 0x2C, 0x2D, 0x2C, 0x2C, 0x2C, 0x2C, 0x2C, 0x2C, 0x2C, 0x2C, 0x2C, 0x2C, 0x2C, 0x2D,
    0x2C, 0x2C, 0x2C, 0x2C, 0x2C, 0x2C, 0x2D, 0x2B, 0x22, 0xDA, 0xDA, 0xD9, 0xD9, 0xD8, 0xD9, 0xD9,
    0xD8, 0xD8, 0xD8, 0xD9, 0xDA, 0xDF, 0xE2, 0xE1, 0x2D, 0x2B, 0x2B, 0x2C, 0x2C, 0x2C, 0x2B, 0x2B,
    0x2C, 0x2C, 0x2C, 0x2C, 0x2C, 0x2D, 0x2C, 0x2C, 0x2C, 0x2D, 0x2D, 0x2C, 0x2C, 0x2C, 0x2D, 0x2C,
    0x2C, 0x2C, 0x2C, 0x2C, 0x2C, 0x2C, 0x2D, 0x2C, 0x2C, 0x2B, 0x2B, 0x2C, 0x2C, 0x2B, 0x2B, 0x2B,
    0x2B, 0x2B, 0x2B, 0x2B, 0x2C, 0x2C, 0x2C, 0x2C, 0x2D, 0x2C, 0x2C, 0x2D, 0x2D, 0x2C, 0x2C, 0x2E,
    0x2D, 0x2C, 0x2C, 0x2C, 0x2C, 0x2B, 0x2B, 0x2C, 0x2C, 0x2D, 0x2B, 0x2C, 0x2C, 0x2C, 0x2D, 0x2C,
    0x2D, 0x2C, 0x2C, 0x2C, 0x2D, 0x2C, 0x2C, 0x2C, 0x2C, 0x2C, 0x2C, 0x2C, 0x2C, 0x2C, 0x2C, 0x2B,
    0x2D, 0x2C, 0x2D, 0x2E, 0x2C, 0x2C, 0x2C, 0x2B, 0x2C, 0x2C, 0x2D, 0x2A, 0x2C, 0x2A, 0xA2, 0xDC,
    0xDD, 0xD8, 0xD5, 0xBF, 0x22, 0x26, 0x28, 0x22, 0x1B, 0xD9, 0xD8, 0xDE, 0xDE, 0xEA, 0x32, 0x2D,
    0x2A, 0x2C, 0x2F, 0xE3, 0xE3, 0xDB, 0xD7, 0xD5, 0x20, 0x26, 0x2A, 0x27, 0x21, 0xDB, 0xD7, 0xD3,
    0xDA, 0xDB, 0x20, 0x29, 0x2C, 0x2C, 0x2C, 0x2C, 0x2E, 0x2E, 0x2C, 0x2F, 0x2C, 0x2E, 0x2C, 0x2C,
    0x2D, 0x2B, 0x2D, 0x2C, 0x2C, 0x2C, 0x2C, 0x2C, 0x2C, 0x2C, 0x2C, 0x2C, 0x2C, 0x2D, 0x2C, 0x2C,
    0x2C, 0x2B, 0x2B, 0x2B, 0x2B, 0x2A, 0x2B, 0x2C, 0x2C, 0x2D, 0x2B, 0x2C, 0x2C, 0x2B, 0x2B, 0x2B,
    0x2C, 0x2B, 0x2C, 0x2B, 0x2C, 0x2B, 0x2C, 0x2C, 0x2C, 0x2B, 0x2C, 0x2C, 0x2D, 0x2C, 0x2D, 0x2D,
    0x2C, 0x2C, 0x2D, 0x2C, 0x2C, 0x2C, 0x2C, 0x2C, 0x2C, 0x2B, 0x2B, 0x2C, 0x2C, 0x2C, 0x2C, 0x2C,
    0x2C, 0x2C, 0x2C, 0x2C, 0x2D, 0x2D, 0x2C, 0x2C, 0x2C, 0x2C, 0x2C, 0x2D, 0x2C, 0x2C, 0x2C, 0x2C,
    0x2D, 0x2C, 0x2D, 0x2D, 0x2C, 0x2D, 0x2D, 0x2C, 0x21, 0xE3, 0xE1, 0xDA, 0xD9, 0xD9, 0xDA, 0xD8,
    0xD9, 0xD8, 0xD8, 0xD9, 0xDA, 0x72, 0x2B, 0x2C, 0x2C, 0x2B, 0x2C, 0x2B, 0x2B, 0x2C, 0x2B, 0x2C,
    0x2D, 0x2C, 0x2C, 0x2C, 0x2C, 0x2D, 0x2D, 0x2C, 0x2D, 0x2D, 0x2D, 0x2C, 0x2C, 0x2C, 0x2C, 0x2D,
    0x2C, 0x2D, 0x2C, 0x2C, 0x2C, 0x2D, 0x2D, 0x2D, 0x2C, 0x2C, 0x2D, 0x2C, 0x2D, 0x2B, 0x2B, 0x2B,
    0x2B, 0x2B, 0x2A, 0x2B, 0x2C, 0x2C, 0x2C, 0x2E, 0x2D, 0x2D, 0x2C, 0x2D, 0x2D, 0x2D, 0x2D, 0x2D,
    0x2D, 0x2C, 0x2D, 0x2C, 0x2C, 0x2C, 0x2C, 0x2C, 0x2C, 0x2C, 0x2C, 0x2D, 0x2D, 0x2D, 0x2D, 0x2D,
    0x2C, 0x2D, 0x2D, 0x2C, 0x2C, 0x2C, 0x2B, 0x2C, 0x2C, 0x2C, 0x2C, 0x2D, 0x2C, 0x2C, 0x2C, 0x2D,
    0x2D, 0x2D, 0x2C, 0x2C, 0x2C, 0x2C, 0x2C, 0x2D, 0x2C, 0x2C, 0x2D, 0x2C, 0x2D, 0x2C, 0x2B, 0x2A,
    0x24, 0xD7, 0xD9, 0xD9, 0xDA, 0xD8, 0xD9, 0xD9, 0xD9, 0xD9, 0xD7, 0x1C, 0x2B, 0x2E, 0x2D, 0x2E,
    0x2F, 0x31, 0x2E, 0x2E, 0x2C, 0x76, 0xD9, 0xD9, 0xD9, 0xD9, 0xD8, 0xD9, 0xD9, 0xD7, 0xD7, 0xDF,
    0x28, 0x2C, 0x2C, 0x2F, 0x2E, 0x2D, 0x2E, 0x2C, 0x2D, 0x2D, 0x2D, 0x2C, 0x2C, 0x2C, 0x2C, 0x2C,
    0x2C, 0x2B, 0x2B, 0x2C, 0x2C, 0x2D, 0x2C, 0x2C, 0x2D, 0x2C, 0x2D, 0x2C, 0x2C, 0x2D, 0x2D, 0x2C,
    0x2C, 0x2C, 0x2B, 0x2B, 0x2D, 0x2C, 0x2C, 0x2C, 0x2D, 0x2D, 0x2D, 0x2D, 0x2D, 0x2C, 0x2B, 0x2B,
    0x2B, 0x2B, 0x2B, 0x2B, 0x2C, 0x2C, 0x2C, 0x2C, 0x2C, 0x2C, 0x2C, 0x2C, 0x2C, 0x2C, 0x2C, 0x2B,
    0x2D, 0x2C, 0x2D, 0x2C, 0x2C, 0x2C, 0x2C, 0x2C, 0x2C, 0x2C, 0x2D, 0x2C, 0x2C, 0x2C, 0x2D, 0x2C,
    0x2C, 0x2C, 0x2D, 0x2D, 0x2C, 0x2C, 0x2C, 0x2C, 0x2C, 0x2C, 0x2C, 0x2C, 0x2C, 0x2C, 0x2C, 0x2C,
    0x2C, 0x2C, 0x2C, 0x2C, 0x2C, 0x2D, 0x2C, 0x2C, 0x2D, 0x2C, 0x2C, 0xE0, 0xD8, 0xD8, 0xD9, 0xD8,
    0xD8, 0xD8, 0xD8, 0xD9, 0xD9, 0x72, 0x2B, 0x2B, 0x60, 0x60, 0x5E, 0x2C, 0x2A, 0x2C, 0x2D, 0x2C,
    0x2C, 0x2C, 0x2C, 0x2D, 0x2D, 0x2C, 0x2B, 0x2D, 0x2C, 0x2D, 0x2D, 0x2D, 0x2C, 0x2D, 0x2C, 0x2C,
    0x2C, 0x2C, 0x2D, 0x2C, 0x2C, 0x2D, 0x2D, 0x2D, 0x2C, 0x2D, 0x2C, 0x2D, 0x2C, 0x2B, 0x2B, 0x2B,
    0x2B, 0x2B, 0x2C, 0x2C, 0x2C, 0x2C, 0x2C, 0x2C, 0x2D, 0x2C, 0x2D, 0x2C, 0x2D, 0x2D, 0x2D, 0x2D,
    0x2C, 0x2C, 0x2C, 0x2B, 0x2C, 0x2C, 0x2C, 0x2C, 0x2E, 0x2C, 0x2C, 0x2D, 0x2E, 0x2E, 0x2C, 0x2C,
    0x2C, 0x2C, 0x2C, 0x2D, 0x2C, 0x2D, 0x2C, 0x2C, 0x2C, 0x2C, 0x2C, 0x2C, 0x2C, 0x2E, 0x2D, 0x2C,
    0x2C, 0x2E, 0x2C, 0x2D, 0x2D, 0x2C, 0x2C, 0x2C, 0x2E, 0x2C, 0x2B, 0x2D, 0x2C, 0x2E, 0x2B, 0x2B,
    0x2D, 0x9C, 0x9B, 0x9D, 0x99, 0x97, 0x96, 0x95, 0x97, 0x97, 0x94, 0x21, 0x2C, 0x2E, 0x2C, 0x2C,
    0x2C, 0x2D, 0x2F, 0x2C, 0x2A, 0x5B, 0x9C, 0x9C, 0x99, 0x98, 0x98, 0x9D, 0x9A, 0x9C, 0x9B, 0x98,
    0x2A, 0x2C, 0x2C, 0x2E, 0x2C, 0x2D, 0x2C, 0x2D, 0x2D, 0x2C, 0x2D, 0x2C, 0x2C, 0x2C, 0x2C, 0x2C,
    0x2C, 0x2C, 0x2C, 0x2C, 0x2C, 0x2D, 0x2D, 0x2D, 0x2F, 0x2D, 0x2D, 0x2D, 0x2C, 0x2D, 0x2C, 0x2C,
    0x2A, 0x2C, 0x2D, 0x2C, 0x2C, 0x2C, 0x2C, 0x2E, 0x2C, 0x2D, 0x2D, 0x2C, 0x2C, 0x2D, 0x2D, 0x2D,
    0x2B, 0x2B, 0x2B, 0x2B, 0x2C, 0x2C, 0x2C, 0x2D, 0x2D, 0x2E, 0x2C, 0x2C, 0x2C, 0x2C, 0x2D, 0x2D,
    0x2C, 0x2D, 0x2C, 0x2C, 0x2D, 0x2C, 0x2C, 0x2C, 0x2D, 0x2C, 0x2C, 0x2C, 0x2D, 0x2D, 0x2B, 0x2C,
    0x2D, 0x2D, 0x2C, 0x2D, 0x2C, 0x2C, 0x2C, 0x2C, 0x2C, 0x2C, 0x2D, 0x2C, 0x2C, 0x2C, 0x2D, 0x2E,
    0x2C, 0x2D, 0x2D, 0x2C, 0x2E, 0x2E, 0x61, 0x5F, 0x69, 0x2B, 0x2B, 0xE1, 0xD9, 0xD9, 0xD8, 0xD9,
    0xD8, 0xD8, 0xD8, 0xD9, 0xDA, 0x70, 0x2B, 0x2B, 0xD6, 0xD7, 0xB5, 0x2B, 0x2B, 0x2B, 0x2C, 0x2C,
    0x2D, 0x2C, 0x2D, 0x2C, 0x2D, 0x2D, 0x2D, 0x2C, 0x2D, 0x2C, 0x2D, 0x2C, 0x2C, 0x2C, 0x2C, 0x2D,
    0x2C, 0x2C, 0x2C, 0x2D, 0x2C, 0x2C, 0x2D, 0x2D, 0x2D, 0x2E, 0x2D, 0x2C, 0x2C, 0x2E, 0x2C, 0x2C,
    0x2C, 0x2C, 0x2C, 0x2C, 0x2C, 0x2C, 0x2C, 0x2C, 0x2C, 0x2C, 0x2C, 0x2D, 0x2C, 0x2C, 0x2D, 0x2D,
    0x2C, 0x2C, 0x2C, 0x2C, 0x2C, 0x2C, 0x2C, 0x2C, 0x2C, 0x2D, 0x2D, 0x2C, 0x2D, 0x2C, 0x2C, 0x2D,
    0x2D, 0x2C, 0x2C, 0x2C, 0x2D, 0x2C, 0x2C, 0x2C, 0x2C, 0x2D, 0x2C, 0x2C, 0x2D, 0x2D, 0x2C, 0x2C,
    0x2D, 0x2C, 0x2C, 0x2D, 0x2C, 0x2C, 0x2D, 0x2C, 0x2D, 0x2D, 0x2D, 0x2D, 0x2C, 0x2C, 0x2D, 0x2E,
    0x2B, 0x2B, 0x2B, 0x2B, 0x2C, 0x2D, 0x2E, 0x2B, 0x2C, 0x2D, 0x2B, 0x2C, 0x2C, 0x2C, 0x2C, 0x2C,
    0x2C, 0x2D, 0x2E, 0x2D, 0x2F, 0x2B, 0x2C, 0x2D, 0x2C, 0x2C, 0x2B, 0x2D, 0x2D, 0x2E, 0x2B, 0x2C,
    0x2D, 0x2B, 0x2C, 0x2C, 0x2D, 0x2C, 0x2C, 0x2C, 0x2D, 0x2C, 0x2C, 0x2C, 0x2C, 0x2C, 0x2C, 0x2C,
    0x2C, 0x2C, 0x2C, 0x2D, 0x2C, 0x2D, 0x2C, 0x2C, 0x2C, 0x2E, 0x2C, 0x2C, 0x2C, 0x2C, 0x2C, 0x2C,
    0x2C, 0x2A, 0x2C, 0x2C, 0x2D, 0x2C, 0x2B, 0x2C, 0x2D, 0x2D, 0x2C, 0x2C, 0x2C, 0x2C, 0x2C, 0x2B,
    0x2C, 0x2B, 0x2B, 0x2C, 0x2C, 0x2C, 0x2C, 0x2C, 0x2C, 0x2C, 0x2C, 0x2D, 0x2C, 0x2C, 0x2C, 0x2C,
    0x2C, 0x2C, 0x2C, 0x2C, 0x2C, 0x2D, 0x2C, 0x2C, 0x2D, 0x2C, 0x2C, 0x2C, 0x2C, 0x2C, 0x2C, 0x2C,
    0x2D, 0x2C, 0x2D, 0x2C, 0x2D, 0x2C, 0x2C, 0x2C, 0x2C, 0x2C, 0x2C, 0x2C, 0x2C, 0x2C, 0x2C, 0x2C,
    0x2D, 0x2E, 0x2D, 0x2C, 0x2C, 0x2E, 0xDF, 0xDA, 0xE1, 0x2C, 0x2B, 0xE2, 0xDA, 0xD8, 0xD8, 0xD9,
    0xD8, 0xD8, 0xD9, 0xD9, 0xDA, 0x6F, 0x2D, 0x2B, 0xD7, 0xD6, 0xB6, 0x2C, 0x2B, 0x2B, 0x2C, 0x2C,
    0x2D, 0x2C, 0x2D, 0x2C, 0x2C, 0x2D, 0x2C, 0x2D, 0x2D, 0x2C, 0x2C, 0x2C, 0x2C, 0x2C, 0x2C, 0x2D,
    0x2C, 0x2C, 0x2C, 0x2C, 0x2D, 0x2D, 0x2D, 0x2C, 0x2D, 0x2C, 0x2D, 0x2C, 0x2C, 0x2C, 0x2C, 0x2C,
    0x2D, 0x2C, 0x2D, 0x2C, 0x2C, 0x2B, 0x2D, 0x2D, 0x2C, 0x2D, 0x2C, 0x2D, 0x2C, 0x2C, 0x2C, 0x2C,
    0x2C, 0x2C, 0x2C, 0x2C, 0x2C, 0x2C, 0x2C, 0x2C, 0x2C, 0x2D, 0x2C, 0x2C, 0x2C, 0x2E, 0x2C, 0x2D,
    0x2C, 0x2C, 0x2C, 0x2C, 0x2C, 0x2C, 0x2C, 0x2C, 0x2C, 0x2C, 0x2C, 0x2C, 0x2D, 0x2D, 0x2C, 0x2D,
    0x2C, 0x2C, 0x2B, 0x2C, 0x2C, 0x2C, 0x2C, 0x2C, 0x2C, 0x2C, 0x2B, 0x2D, 0x2C, 0x2D, 0x2C, 0x2C,
    0x2C, 0x2B, 0x2B, 0x2D, 0x2B, 0x2B, 0x2B, 0x2B, 0x2B, 0x2B, 0x2C, 0x2D, 0x2C, 0x2D, 0x2D, 0x2C,
    0x2C, 0x2D, 0x2C, 0x2C, 0x2C, 0x2C, 0x2B, 0x2C, 0x2B, 0x2B, 0x2B, 0x2B, 0x2B, 0x2B, 0x2B, 0x2C,
    0x2D, 0x2C, 0x2C, 0x2C, 0x2D, 0x2D, 0x2D, 0x2D, 0x2E, 0x2C, 0x2C, 0x2C, 0x2C, 0x2C, 0x2C, 0x2C,
    0x2D, 0x2D, 0x2C, 0x2C, 0x2D, 0x2D, 0x2D, 0x2D, 0x2D, 0x2C, 0x2C, 0x2D, 0x2C, 0x2C, 0x2C, 0x2C,
    0x2C, 0x2C, 0x2D, 0x2C, 0x2C, 0x2C, 0x2D, 0x2D, 0x2C, 0x2D, 0x2D, 0x2E, 0x2C, 0x2C, 0x2D, 0x2D,
    0x2C, 0x2B, 0x2B, 0x2D, 0x2C, 0x2C, 0x2C, 0x2D, 0x2C, 0x2D, 0x2D, 0x2D, 0x2C, 0x2D, 0x2C, 0x2D,
    0x2C, 0x2C, 0x2C, 0x2C, 0x2C, 0x2C, 0x2C, 0x2C, 0x2D, 0x2D, 0x2C, 0x2D, 0x2D, 0x2C, 0x2C, 0x2C,
    0x2C, 0x2C, 0x2C, 0x2C, 0x2C, 0x2C, 0x2C, 0x2C, 0x2C, 0x2C, 0x2C, 0x2D, 0x2D, 0x2C, 0x2D, 0x2C,
    0x2D, 0x2C, 0x2D, 0x2C, 0x2D, 0x2E, 0xDE, 0xD8, 0xE2, 0x2B, 0x2A, 0xE1, 0xD9, 0xD9, 0xD9, 0xDA,
    0xD9, 0xD9, 0xD8, 0xDC, 0xDA, 0x6B, 0x2B, 0x2B, 0xD7, 0xD6, 0xB2, 0x2A, 0x2C, 0x2C, 0x2D, 0x2D,
    0x2D, 0x2D, 0x2C, 0x2D, 0x2C, 0x2C, 0x2E, 0x2E, 0x2C, 0x2C, 0x2C, 0x2C, 0x2C, 0x2C, 0x2C, 0x2D,
    0x2D, 0x2C, 0x2D, 0x2D, 0x2D, 0x2D, 0x2D, 0x2D, 0x2D, 0x2D, 0x2C, 0x2C, 0x2C, 0x2B, 0x2C, 0x2C,
    0x2C, 0x2C, 0x2C, 0x2C, 0x2D, 0x2D, 0x2D, 0x2C, 0x2D, 0x2D, 0x2D, 0x2D, 0x2C, 0x2C, 0x2C, 0x2C,
    0x2C, 0x2C, 0x2C, 0x2C, 0x2C, 0x2D, 0x2E, 0x2D, 0x2C, 0x2E, 0x2D, 0x2E, 0x2D, 0x2C, 0x2C, 0x2C,
    0x2C, 0x2C, 0x2C, 0x2C, 0x2C, 0x2C, 0x2D, 0x2C, 0x2C, 0x2C, 0x2D, 0x2C, 0x2D, 0x2C, 0x2D, 0x2D,
    0x2C, 0x2C, 0x2C, 0x2D, 0x2C, 0x2C, 0x2C, 0x2C, 0x2D, 0x2D, 0x2D, 0x2D, 0x2E, 0x2D, 0x2E, 0x2D,
    0x2D, 0x2D, 0x2D, 0x2C, 0x2C, 0x2C, 0x2C, 0x2C, 0x2C, 0x2C, 0x2C, 0x2D, 0x2C, 0x2D, 0x2D, 0x2D,
    0x2D, 0x2C, 0x2E, 0x2D, 0x2D, 0x2C, 0x2C, 0x2C, 0x2B, 0x2D, 0x2B, 0x2B, 0x2B, 0x2B, 0x2F, 0x2D,
    0x2C, 0x2D, 0x2C, 0x2E, 0x2D, 0x2C, 0x2D, 0x2D, 0x2D, 0x2C, 0x2C, 0x2C, 0x2C, 0x2C, 0x2C, 0x2C,
    0x2D, 0x2D, 0x2D, 0x2D, 0x2D, 0x2D, 0x2D, 0x2C, 0x2D, 0x2C, 0x2C, 0x2C, 0x2C, 0x2C, 0x2C, 0x2C,
    0x2D, 0x2D, 0x2C, 0x2D, 0x2C, 0x2C, 0x2D, 0x2D, 0x2D, 0x2D, 0x2C, 0x2D, 0x2C, 0x2C, 0x2C, 0x2C,
    0x2C, 0x2C, 0x2C, 0x2C, 0x2C, 0x2D, 0x2C, 0x2D, 0x2C, 0x2D, 0x2D, 0x2D, 0x2C, 0x2D, 0x2C, 0x2C,
    0x2C, 0x2B, 0x2C, 0x2C, 0x2B, 0x2C, 0x2D, 0x2D, 0x2D, 0x2C, 0x2D, 0x2D, 0x2D, 0x2C, 0x2D, 0x2D,
    0x2C, 0x2C, 0x2C, 0x2D, 0x2C, 0x2C, 0x2C, 0x2C, 0x2C, 0x2C, 0x2D, 0x2E, 0x2C, 0x2D, 0x2D, 0x2D,
    0x2C, 0x2C, 0x2C, 0x2C, 0x2D, 0x2E, 0xDF, 0xD9, 0xE1, 0x2B, 0x2B, 0xE0, 0xD9, 0xD9, 0xDA, 0xD9,
    0xD8, 0xD9, 0xD8, 0xD8, 0xD9, 0xC3, 0xB5, 0xB0, 0x36, 0x37, 0x35, 0x2D, 0x2D, 0x2E, 0x2C, 0x2C,
    0x2C, 0x2D, 0x2D, 0x2C, 0x2C, 0x2C, 0x2C, 0x2C, 0x2C, 0x2D, 0x2C, 0x2C, 0x2C, 0x2C, 0x2C, 0x2C,
    0x2C, 0x2C, 0x2D, 0x2D, 0x2C, 0x2E, 0x2C, 0x2C, 0x2B, 0x2C, 0x2D, 0x2C, 0x2C, 0x2C, 0x2C, 0x2C,
    0x2D, 0x2C, 0x2C, 0x2C, 0x2C, 0x2C, 0x2C, 0x2C, 0x2C, 0x2C, 0x2C, 0x2C, 0x2C, 0x2C, 0x2C, 0x2C,
    0x2C, 0x2C, 0x2C, 0x2C, 0x2C, 0x2C, 0x2C, 0x2D, 0x2C, 0x2C, 0x2D, 0x2C, 0x2B, 0x2C, 0x2C, 0x2C,
    0x2C, 0x2C, 0x2C, 0x2C, 0x2C, 0x2C, 0x2C, 0x2D, 0x2D, 0x2C, 0x2D, 0x2D, 0x2C, 0x2C, 0x2C, 0x2C,
    0x2C, 0x2C, 0x2C, 0x2C, 0x2C, 0x2C, 0x2C, 0x2C, 0x2C, 0x2D, 0x2D, 0x2E, 0x2D, 0x2D, 0x2C, 0x2C,
    0x2C, 0x2E, 0x2C, 0x2C, 0x2C, 0x2C, 0x2C, 0x2C, 0x2C, 0x2C, 0x2D, 0x2D, 0x2D, 0x2D, 0x2C, 0x2C,
    0x2C, 0x2C, 0x2C, 0x2C, 0x2C, 0x2C, 0x2C, 0x2C, 0x2C, 0x2C, 0x2D, 0x2C, 0x2C, 0x2C, 0x2C, 0x2C,
    0x2D, 0x2C, 0x2C, 0x2B, 0x2C, 0x2C, 0x2C, 0x2C, 0x2C, 0x2C, 0x2C, 0x2C, 0x2C, 0x2C, 0x2C, 0x2C,
    0x2D, 0x2C, 0x2D, 0x2C, 0x2C, 0x2D, 0x2C, 0x2C, 0x2C, 0x2C, 0x2C, 0x2D, 0x2C, 0x2C, 0x2C, 0x2C,
    0x2D, 0x2D, 0x2C, 0x2D, 0x2C, 0x2C, 0x2C, 0x2D, 0x2C, 0x2C, 0x2B, 0x2C, 0x2D, 0x2C, 0x2D, 0x2C,
    0x2D, 0x2C, 0x2B, 0x2C, 0x2D, 0x2C, 0x2D, 0x2D, 0x2C, 0x2C, 0x2D, 0x2C, 0x2C, 0x2C, 0x2C, 0x2C,
    0x2C, 0x2C, 0x2C, 0x2C, 0x2C, 0x2C, 0x2C, 0x2D, 0x2C, 0x2E, 0x2C, 0x2D, 0x2C, 0x2C, 0x2C, 0x2C,
    0x2C, 0x2C, 0x2C, 0x2C, 0x2C, 0x2C, 0x2C, 0x2C, 0x2D, 0x2D, 0x2C, 0x2E, 0x2E, 0x2D, 0x2D, 0x2E,
    0x2C, 0x2C, 0x2B, 0x2C, 0x2A, 0x2E, 0x35, 0x35, 0x2F, 0xC2, 0xC0, 0xDB, 0xD9, 0xDB, 0xDA, 0xD9,
    0xD8, 0xD8, 0xD8, 0xDB, 0xDA, 0xDA, 0xDA, 0xD8, 0x2E, 0x2D, 0x2D, 0x2C, 0x2C, 0x2D, 0x2D, 0x2D,
    0x2D, 0x2D, 0x2D, 0x2D, 0x2C, 0x2D, 0x2D, 0x2C, 0x2C, 0x2C, 0x2C, 0x2C, 0x2D, 0x2C, 0x2C, 0x2D,
    0x2C, 0x2D, 0x2D, 0x2D, 0x2C, 0x2C, 0x2C, 0x2C, 0x2C, 0x2C, 0x2C, 0x2D, 0x2C, 0x2C, 0x2C, 0x2C,
    0x2C, 0x2C, 0x2C, 0x2C, 0x2E, 0x2C, 0x2C, 0x2C, 0x2D, 0x2C, 0x2C, 0x2D, 0x2C, 0x2C, 0x2C, 0x2C,
    0x2C, 0x2C, 0x2C, 0x2C, 0x2C, 0x2D, 0x2D, 0x2C, 0x2C, 0x2C, 0x2C, 0x2C, 0x2C, 0x2C, 0x2C, 0x2C,
    0x2C, 0x2C, 0x2C, 0x2C, 0x2C, 0x2C, 0x2C, 0x2C, 0x2C, 0x2D, 0x2C, 0x2C, 0x2C, 0x2C, 0x2C, 0x2C,
    0x2C, 0x2C, 0x2C, 0x2D, 0x2C, 0x2C, 0x2D, 0x2C, 0x2E, 0x2D, 0x2C, 0x2D, 0x2E, 0x2D, 0x2C, 0x2C,
    0x2C, 0x2D, 0x2C, 0x2C, 0x2C, 0x2C, 0x2C, 0x2C, 0x2C, 0x2C, 0x2C, 0x2C, 0x2C, 0x2C, 0x2D, 0x2D,
    0x2D, 0x2D, 0x2C, 0x2C, 0x2C, 0x2C, 0x2C, 0x2C, 0x2C, 0x2C, 0x2C, 0x2C, 0x2C, 0x2D, 0x2C, 0x2C,
    0x2C, 0x2C, 0x2C, 0x2D, 0x2C, 0x2C, 0x2C, 0x2B, 0x2C, 0x2C, 0x2C, 0x2C, 0x2C, 0x2D, 0x2C, 0x2D,
    0x2D, 0x2D, 0x2C, 0x2D, 0x2C, 0x2C, 0x2C, 0x2C, 0x2C, 0x2C, 0x2C, 0x2C, 0x2C, 0x2C, 0x2C, 0x2C,
    0x2D, 0x2C, 0x2D, 0x2C, 0x2C, 0x2C, 0x2C, 0x2C, 0x2C, 0x2C, 0x2C, 0x2C, 0x2C, 0x2C, 0x2C, 0x2D,
    0x2C, 0x2C, 0x2C, 0x2C, 0x2D, 0x2C, 0x2C, 0x2D, 0x2C, 0x2C, 0x2C, 0x2C, 0x2C, 0x2C, 0x2C, 0x2C,
    0x2C, 0x2C, 0x2C, 0x2C, 0x2D, 0x2D, 0x2C, 0x2D, 0x2C, 0x2C, 0x2C, 0x2C, 0x2C, 0x2C, 0x2C, 0x2C,
    0x2C, 0x2C, 0x2C, 0x2C, 0x2C, 0x2D, 0x2C, 0x2C, 0x2C, 0x2C, 0x2C, 0x2C, 0x2C, 0x2D, 0x2C, 0x2D,
    0x2C, 0x2C, 0x2C, 0x2C, 0x2C, 0x2D, 0x2D, 0x2D, 0x24, 0xDA, 0xDA, 0xDB, 0xDB, 0xDB, 0xDA, 0xDA,
    0xD8, 0xD9, 0xD8, 0xD9, 0xD8, 0xDA, 0xD8, 0xD9, 0x2E, 0x2C, 0x2D, 0x2C, 0x2D, 0x2C, 0x2D, 0x2D,
    0x2D, 0x2D, 0x2D, 0x2D, 0x2D, 0x2C, 0x2D, 0x2C, 0x2C, 0x2D, 0x2C, 0x2C, 0x2C, 0x2C, 0x2C, 0x2C,
    0x2C, 0x2C, 0x2C, 0x2C, 0x2C, 0x2C, 0x2C, 0x2C, 0x2C, 0x2D, 0x2C, 0x2D, 0x2C, 0x2C, 0x2B, 0x2C,
    0x2C, 0x2C, 0x2C, 0x2C, 0x2C, 0x2C, 0x2C, 0x2C, 0x2C, 0x2C, 0x2D, 0x2D, 0x2D, 0x2D, 0x2C, 0x2C,
    0x2C, 0x2D, 0x2C, 0x2C, 0x2C, 0x2B, 0x2C, 0x2C, 0x2C, 0x2D, 0x2C, 0x2C, 0x2C, 0x2C, 0x2C, 0x2C,
    0x2D, 0x2C, 0x2D, 0x2C, 0x2C, 0x2C, 0x2C, 0x2C, 0x2C, 0x2C, 0x2C, 0x2C, 0x2C, 0x2D, 0x2D, 0x2D,
    0x2D, 0x2C, 0x2C, 0x2D, 0x2C, 0x2C, 0x2C, 0x2C, 0x2C, 0x2C, 0x2D, 0x2C, 0x2C, 0x2C, 0x2C, 0x2D,
    0x2C, 0x2C, 0x2C, 0x2C, 0x2D, 0x2C, 0x2D, 0x2C, 0x2C, 0x2C, 0x2C, 0x2C, 0x2C, 0x2C, 0x2C, 0x2C,
    0x2C, 0x2C, 0x2C, 0x2D, 0x2C, 0x2C, 0x2C, 0x2C, 0x2D, 0x2C, 0x2C, 0x2C, 0x2D, 0x2C, 0x2C, 0x2C,
    0x2C, 0x2C, 0x2C, 0x2D, 0x2D, 0x2D, 0x2C, 0x2C, 0x2C, 0x2D, 0x2C, 0x2C, 0x2C, 0x2D, 0x2C, 0x2C,
    0x2C, 0x2C, 0x2C, 0x2C, 0x2C, 0x2D, 0x2D, 0x2D, 0x2C, 0x2C, 0x2D, 0x2C, 0x2C, 0x2C, 0x2C, 0x2C,
    0x2C, 0x2C, 0x2C, 0x2C, 0x2C, 0x2D, 0x2C, 0x2C, 0x2C, 0x2C, 0x2C, 0x2C, 0x2C, 0x2C, 0x2C, 0x2C,
    0x2C, 0x2C, 0x2C, 0x2C, 0x2C, 0x2C, 0x2C, 0x2C, 0x2C, 0x2C, 0x2D, 0x2C, 0x2C, 0x2C, 0x2C, 0x2D,
    0x2D, 0x2D, 0x2C, 0x2C, 0x2C, 0x2C, 0x2C, 0x2C, 0x2C, 0x2C, 0x2C, 0x2C, 0x2D, 0x2D, 0x2C, 0x2D,
    0x2C, 0x2D, 0x2D, 0x2C, 0x2C, 0x2C, 0x2C, 0x2D, 0x2C, 0x2C, 0x2C, 0x2C, 0x2C, 0x2C, 0x2C, 0x2C,
    0x2B, 0x2D, 0x2D, 0x2D, 0x2D, 0x2D, 0x2C, 0x2C, 0x23, 0xDA, 0xDA, 0xD9, 0xD9, 0xDA, 0xD9, 0xDA,
    0xD8, 0xD9, 0xD8, 0xD8, 0xD9, 0xDA, 0xDA, 0xD9, 0x2E, 0x2D, 0x2C, 0x2C, 0x2D, 0x2D, 0x2D, 0x2D,
    0x2C, 0x2D, 0x2D, 0x2D, 0x2C, 0x2B, 0x2C, 0x2C, 0x2C, 0x2C, 0x2D, 0x2C, 0x2C, 0x2C, 0x2C, 0x2C,
    0x2C, 0x2C, 0x2C, 0x2C, 0x2B, 0x2C, 0x2C, 0x2A, 0x2C, 0x2C, 0x2C, 0x2C, 0x2C, 0x2D, 0x2C, 0x2C,
    0x2C, 0x2C, 0x2C, 0x2C, 0x2C, 0x2C, 0x2C, 0x2D, 0x2C, 0x2C, 0x2C, 0x2C, 0x2D, 0x2C, 0x2C, 0x2C,
    0x2C, 0x2C, 0x2D, 0x2C, 0x2C, 0x2D, 0x2C, 0x2C, 0x2C, 0x2C, 0x2C, 0x2C, 0x2C, 0x2C, 0x2C, 0x2C,
    0x2C, 0x2C, 0x2C, 0x2D, 0x2C, 0x2D, 0x2C, 0x2C, 0x2C, 0x2C, 0x2C, 0x2C, 0x2C, 0x2D, 0x2D, 0x2C,
    0x2D, 0x2C, 0x2B, 0x2C, 0x2C, 0x2D, 0x2C, 0x2C, 0x2C, 0x2C, 0x2C, 0x2B, 0x2C, 0x2D, 0x2C, 0x2C,
    0x2C, 0x2D, 0x2C, 0x2C, 0x2C, 0x2C, 0x2C, 0x2C, 0x2C, 0x2D, 0x2C, 0x2C, 0x2C, 0x2C, 0x2C, 0x2C,
    0x2C, 0x2D, 0x2C, 0x2C, 0x2D, 0x2C, 0x2C, 0x2C, 0x2C, 0x2C, 0x2D, 0x2C, 0x2D, 0x2D, 0x2C, 0x2C,
    0x2C, 0x2C, 0x2C, 0x2C, 0x2C, 0x2C, 0x2C, 0x2C, 0x2D, 0x2D, 0x2C, 0x2B, 0x2C, 0x2C, 0x2C, 0x2C,
    0x2C, 0x2C, 0x2C, 0x2C, 0x2D, 0x2D, 0x2C, 0x2E, 0x2C, 0x2D, 0x2C, 0x2D, 0x2C, 0x2C, 0x2C, 0x2C,
    0x2C, 0x2C, 0x2C, 0x2C, 0x2C, 0x2C, 0x2C, 0x2C, 0x2C, 0x2C, 0x2C, 0x2C, 0x2C, 0x2C, 0x2D, 0x2D,
    0x2C, 0x2C, 0x2C, 0x2C, 0x2D, 0x2C, 0x2C, 0x2C, 0x2C, 0x2C, 0x2C, 0x2C, 0x2C, 0x2C, 0x2C, 0x2C,
    0x2C, 0x2C, 0x2C, 0x2C, 0x2C, 0x2C, 0x2C, 0x2C, 0x2C, 0x2C, 0x2C, 0x2C, 0x2C, 0x2C, 0x2C, 0x2D,
    0x2C, 0x2C, 0x2C, 0x2C, 0x2C, 0x2D, 0x2C, 0x2C, 0x2C, 0x2C, 0x2C, 0x2C, 0x2C, 0x2C, 0x2C, 0x2C,
    0x2C, 0x2D, 0x2C, 0x2C, 0x2D, 0x2D, 0x2C, 0x2D, 0x24, 0xD9, 0xD9, 0xDA, 0xD9, 0xDA, 0xD9, 0xDA,
    0xD8, 0xD8, 0xD8, 0xD8, 0xD8, 0x76, 0x27, 0x22, 0xDD, 0xDB, 0xBA, 0x2E, 0x2C, 0x2D, 0x2D, 0x2C,
    0x2D, 0x2C, 0x2D, 0x2E, 0x2D, 0x2C, 0x2C, 0x2C, 0x2D, 0x2C, 0x2C, 0x2B, 0x2C, 0x2C, 0x2C, 0x2C,
    0x2C, 0x2C, 0x2C, 0x2C, 0x2D, 0x2C, 0x2C, 0x2C, 0x2C, 0x2C, 0x2C, 0x2C, 0x2C, 0x2C, 0x2C, 0x2C,
    0x2C, 0x2C, 0x2C, 0x2C, 0x2C, 0x2C, 0x2C, 0x2C, 0x2C, 0x2C, 0x2D, 0x2C, 0x2C, 0x2C, 0x2D, 0x2C,
    0x2C, 0x2C, 0x2C, 0x2C, 0x2C, 0x2C, 0x2C, 0x2C, 0x2C, 0x2C, 0x2D, 0x2C, 0x2C, 0x2D, 0x2D, 0x2C,
    0x2D, 0x2C, 0x2C, 0x2D, 0x2C, 0x2C, 0x2C, 0x2C, 0x2C, 0x2C, 0x2D, 0x2C, 0x2C, 0x2D, 0x2C, 0x2D,
    0x2C, 0x2C, 0x2C, 0x2C, 0x2C, 0x2C, 0x2C, 0x2C, 0x2C, 0x2C, 0x2C, 0x2C, 0x2C, 0x2C, 0x2D, 0x2C,
    0x2C, 0x2D, 0x2D, 0x2D, 0x2C, 0x2C, 0x2C, 0x2C, 0x2C, 0x2C, 0x2C, 0x2C, 0x2C, 0x2C, 0x2C, 0x2C,
    0x2D, 0x2D, 0x2C, 0x2C, 0x2D, 0x2C, 0x2C, 0x2C, 0x2C, 0x2C, 0x2C, 0x2C, 0x2C, 0x2C, 0x2C, 0x2C,
    0x2C, 0x2C, 0x2C, 0x2C, 0x2C, 0x2D, 0x2C, 0x2C, 0x2C, 0x2C, 0x2C, 0x2C, 0x2D, 0x2C, 0x2C, 0x2C,
    0x2C, 0x2C, 0x2C, 0x2C, 0x2C, 0x2C, 0x2C, 0x2D, 0x2D, 0x2C, 0x2B, 0x2C, 0x2C, 0x2C, 0x2C, 0x2C,
    0x2C, 0x2C, 0x2C, 0x2C, 0x2C, 0x2C, 0x2C, 0x2C, 0x2C, 0x2C, 0x2C, 0x2D, 0x2C, 0x2D, 0x2C, 0x2D,
    0x2C, 0x2C, 0x2C, 0x2C, 0x2C, 0x2C, 0x2C, 0x2C, 0x2C, 0x2C, 0x2C, 0x2D, 0x2D, 0x2C, 0x2D, 0x2C,
    0x2D, 0x2C, 0x2C, 0x2D, 0x2C, 0x2C, 0x2C, 0x2C, 0x2C, 0x2C, 0x2C, 0x2C, 0x2D, 0x2C, 0x2D, 0x2C,
    0x2D, 0x2C, 0x2D, 0x2D, 0x2C, 0x2C, 0x2C, 0x2C, 0x2C, 0x2C, 0x2C, 0x2C, 0x2C, 0x2C, 0x2C, 0x2C,
    0x2C, 0x2D, 0x2C, 0x2B, 0x2C, 0x2C, 0xE3, 0xDF, 0xE4, 0x20, 0x1E, 0xE2, 0xD8, 0xDA, 0xDA, 0xDA,
    0xD8, 0xD8, 0xD8, 0xD8, 0xD7, 0x73, 0x2B, 0x2F, 0xD8, 0xD5, 0xB5, 0x2E, 0x2D, 0x2D, 0x2D, 0x2D,
    0x2C, 0x2C, 0x2D, 0x2C, 0x2D, 0x2C, 0x2C, 0x2C, 0x2D, 0x2C, 0x2C, 0x2C, 0x2C, 0x2C, 0x2C, 0x2C,
    0x2C, 0x2C, 0x2C, 0x2C, 0x2C, 0x2C, 0x2C, 0x2C, 0x2C, 0x2C, 0x2C, 0x2C, 0x2C, 0x2D, 0x2C, 0x2C,
    0x2C, 0x2C, 0x2C, 0x2C, 0x2C, 0x2C, 0x2C, 0x2D, 0x2C, 0x2C, 0x2C, 0x2C, 0x2D, 0x2C, 0x2D, 0x2C,
    0x2C, 0x2D, 0x2C, 0x2C, 0x2C, 0x2C, 0x2D, 0x2C, 0x2C, 0x2C, 0x2C, 0x2C, 0x2C, 0x2C, 0x2D, 0x2C,
    0x2C, 0x2C, 0x2D, 0x2D, 0x2D, 0x2D, 0x2C, 0x2C, 0x2C, 0x2D, 0x2C, 0x2C, 0x2C, 0x2D, 0x2C, 0x2D,
    0x2C, 0x2C, 0x2D, 0x2D, 0x2D, 0x2C, 0x2C, 0x2D, 0x2C, 0x2D, 0x2C, 0x2C, 0x2C, 0x2C, 0x2C, 0x2C,
    0x2C, 0x2C, 0x2C, 0x2C, 0x2C, 0x2D, 0x2C, 0x2D, 0x2C, 0x2C, 0x2C, 0x2C, 0x2C, 0x2C, 0x2C, 0x2C,
    0x2C, 0x2C, 0x2C, 0x2C, 0x2C, 0x2C, 0x2C, 0x2C, 0x2C, 0x2C, 0x2C, 0x2C, 0x2C, 0x2C, 0x2C, 0x2C,
    0x2C, 0x2D, 0x2B, 0x2C, 0x2C, 0x2D, 0x2C, 0x2C, 0x2C, 0x2C, 0x2C, 0x2D, 0x2D, 0x2C, 0x2C, 0x2C,
    0x2C, 0x2C, 0x2C, 0x2C, 0x2C, 0x2C, 0x2C, 0x2C, 0x2C, 0x2D, 0x2C, 0x2C, 0x2C, 0x2C, 0x2D, 0x2C,
    0x2C, 0x2C, 0x2C, 0x2C, 0x2C, 0x2D, 0x2C, 0x2C, 0x2C, 0x2C, 0x2C, 0x2C, 0x2C, 0x2C, 0x2C, 0x2C,
    0x2C, 0x2E, 0x2C, 0x2C, 0x2C, 0x2C, 0x2C, 0x2C, 0x2C, 0x2C, 0x2C, 0x2C, 0x2C, 0x2C, 0x2C, 0x2D,
    0x2C, 0x2C, 0x2C, 0x2D, 0x2C, 0x2C, 0x2D, 0x2C, 0x2C, 0x2C, 0x2C, 0x2C, 0x2D, 0x2C, 0x2D, 0x2D,
    0x2D, 0x2D, 0x2D, 0x2D, 0x2D, 0x2C, 0x2C, 0x2D, 0x2C, 0x2C, 0x2C, 0x2C, 0x2D, 0x2C, 0x2C, 0x2C,
    0x2C, 0x2D, 0x2C, 0x2D, 0x2C, 0x2C, 0xE0, 0xD9, 0xE0, 0x2B, 0x22, 0xE1, 0xD8, 0xDB, 0xD9, 0xD8,
    0xD8, 0xD8, 0xD9, 0xD9, 0xD8, 0xD8, 0xD6, 0xD9, 0x33, 0x32, 0x2C, 0x2D, 0x2C, 0x2B, 0x2B, 0x2C,
    0x2B, 0x2B, 0x2D, 0x2D, 0x2B, 0x2B, 0x2D, 0x2D, 0x2D, 0x2C, 0x2D, 0x2C, 0x2D, 0x2C, 0x2C, 0x2C,
    0x2C, 0x2C, 0x2C, 0x2C, 0x2C, 0x2C, 0x2C, 0x2C, 0x2C, 0x2C, 0x2C, 0x2C, 0x2C, 0x2C, 0x2C, 0x2D,
    0x2C, 0x2C, 0x2C, 0x2C, 0x2C, 0x2C, 0x2C, 0x2C, 0x2B, 0x2C, 0x2C, 0x2B, 0x2D, 0x2C, 0x2C, 0x2C,
    0x2D, 0x2C, 0x2C, 0x2C, 0x2C, 0x2C, 0x2C, 0x2C, 0x2C, 0x2B, 0x2C, 0x2D, 0x2C, 0x2C, 0x2D, 0x2C,
    0x2C, 0x2C, 0x2C, 0x2D, 0x2D, 0x2C, 0x2D, 0x2C, 0x2C, 0x2C, 0x2C, 0x2C, 0x2D, 0x2C, 0x2C, 0x2C,
    0x2D, 0x2C, 0x2D, 0x2D, 0x2D, 0x2C, 0x2D, 0x2C, 0x2C, 0x2C, 0x2C, 0x2C, 0x2C, 0x2C, 0x2C, 0x2B,
    0x2C, 0x2B, 0x2D, 0x2D, 0x2C, 0x2D, 0x2C, 0x2C, 0x2C, 0x2D, 0x2D, 0x2C, 0x2C, 0x2C, 0x2B, 0x2C,
    0x2C, 0x2C, 0x2C, 0x2C, 0x2C, 0x2C, 0x2D, 0x2C, 0x2D, 0x2C, 0x2C, 0x2C, 0x2C, 0x2C, 0x2C, 0x2C,
    0x2C, 0x2C, 0x2D, 0x2B, 0x2C, 0x2D, 0x2C, 0x2C, 0x2C, 0x2C, 0x2C, 0x2D, 0x2C, 0x2C, 0x2C, 0x2C,
    0x2C, 0x2C, 0x2C, 0x2C, 0x2C, 0x2C, 0x2C, 0x2C, 0x2C, 0x2C, 0x2C, 0x2B, 0x2C, 0x2C, 0x2D, 0x2D,
    0x2C, 0x2C, 0x2C, 0x2C, 0x2C, 0x2C, 0x2C, 0x2C, 0x2C, 0x2C, 0x2C, 0x2C, 0x2C, 0x2C, 0x2C, 0x2D,
    0x2C, 0x2D, 0x2C, 0x2C, 0x2C, 0x2C, 0x2C, 0x2C, 0x2C, 0x2C, 0x2C, 0x2C, 0x2C, 0x2C, 0x2C, 0x2C,
    0x2C, 0x2C, 0x2D, 0x2C, 0x2C, 0x2C, 0x2C, 0x2C, 0x2C, 0x2D, 0x2C, 0x2C, 0x2B, 0x2C, 0x2D, 0x2D,
    0x2D, 0x2D, 0x2D, 0x2D, 0x2D, 0x2C, 0x2C, 0x2C, 0x2C, 0x2C, 0x2C, 0x2C, 0x2C, 0x2C, 0x2C, 0x2C,
    0x2C, 0x2C, 0x2C, 0x2C, 0x2C, 0x2C, 0x2B, 0x32, 0x27, 0xDA, 0xDA, 0xD7, 0xD7, 0xD9, 0xD9, 0xD8,
    0xD8, 0xD8, 0xD9, 0xD9, 0xD8, 0xD9, 0xD9, 0xDA, 0x31, 0x2C, 0x2D, 0x2D, 0x2D, 0x2C, 0x2D, 0x2D,
    0x2D, 0x2D, 0x2C, 0x2D, 0x2D, 0x2D, 0x2D, 0x2D, 0x2D, 0x2D, 0x2C, 0x2D, 0x2D, 0x2C, 0x2D, 0x2C,
    0x2C, 0x2C, 0x2C, 0x2C, 0x2C, 0x2C, 0x2C, 0x2C, 0x2D, 0x2C, 0x2D, 0x2C, 0x2D, 0x2C, 0x2C, 0x2C,
    0x2C, 0x2C, 0x2C, 0x2D, 0x2C, 0x2C, 0x2C, 0x2D, 0x2C, 0x2D, 0x2C, 0x2C, 0x2C, 0x2C, 0x2D, 0x2C,
    0x2C, 0x2C, 0x2C, 0x2C, 0x2D, 0x2D, 0x2B, 0x2D, 0x2B, 0x2C, 0x2D, 0x2D, 0x2C, 0x2C, 0x2D, 0x2C,
    0x2C, 0x2D, 0x2C, 0x2D, 0x2D, 0x2D, 0x2C, 0x2C, 0x2D, 0x2C, 0x2D, 0x2C, 0x2C, 0x2C, 0x2C, 0x2C,
    0x2D, 0x2D, 0x2D, 0x2D, 0x2C, 0x2D, 0x2D, 0x2C, 0x2D, 0x2C, 0x2C, 0x2C, 0x2C, 0x2C, 0x2C, 0x2C,
    0x2C, 0x2D, 0x2D, 0x2B, 0x2C, 0x2C, 0x2C, 0x2C, 0x2C, 0x2D, 0x2C, 0x2C, 0x2C, 0x2D, 0x2D, 0x2B,
    0x2C, 0x2C, 0x2C, 0x2C, 0x2C, 0x2C, 0x2C, 0x2C, 0x2C, 0x2C, 0x2D, 0x2C, 0x2C, 0x2C, 0x2C, 0x2D,
    0x2D, 0x2D, 0x2D, 0x2D, 0x2C, 0x2C, 0x2C, 0x2D, 0x2C, 0x2C, 0x2D, 0x2D, 0x2C, 0x2D, 0x2D, 0x2D,
    0x2C, 0x2C, 0x2C, 0x2C, 0x2C, 0x2C, 0x2C, 0x2C, 0x2D, 0x2C, 0x2C, 0x2D, 0x2D, 0x2C, 0x2C, 0x2C,
    0x2C, 0x2C, 0x2C, 0x2C, 0x2C, 0x2C, 0x2C, 0x2C, 0x2C, 0x2C, 0x2C, 0x2C, 0x2C, 0x2C, 0x2C, 0x2C,
    0x2C, 0x2C, 0x2C, 0x2C, 0x2C, 0x2C, 0x2C, 0x2D, 0x2C, 0x2C, 0x2C, 0x2C, 0x2C, 0x2C, 0x2C, 0x2C,
    0x2C, 0x2C, 0x2D, 0x2C, 0x2C, 0x2C, 0x2C, 0x2C, 0x2C, 0x2C, 0x2C, 0x2C, 0x2C, 0x2D, 0x2D, 0x2D,
    0x2D, 0x2D, 0x2D, 0x2D, 0x2D, 0x2D, 0x2D, 0x2C, 0x2C, 0x2C, 0x2C, 0x2D, 0x2C, 0x2C, 0x2C, 0x2C,
    0x2C, 0x2D, 0x2C, 0x2C, 0x2D, 0x2D, 0x2D, 0x2B, 0x24, 0xDA, 0xDA, 0xD9, 0xDA, 0xD9, 0xDA, 0xD9,
    0xD9, 0xD8, 0xD9, 0xD8, 0xDA, 0xD9, 0xD9, 0xD9, 0x30, 0x2D, 0x2D, 0x2D, 0x2D, 0x2C, 0x2C, 0x2C,
    0x2D, 0x2C, 0x2E, 0x2C, 0x2D, 0x2C, 0x2C, 0x2D, 0x2D, 0x2D, 0x2D, 0x2D, 0x2C, 0x2C, 0x2D, 0x2C,
    0x2C, 0x2C, 0x2C, 0x2C, 0x2C, 0x2D, 0x2C, 0x2C, 0x2C, 0x2C, 0x2C, 0x2E, 0x2C, 0x2D, 0x2D, 0x2D,
    0x2D, 0x2D, 0x2D, 0x2D, 0x2C, 0x2C, 0x2C, 0x2C, 0x2C, 0x2C, 0x2D, 0x2D, 0x2D, 0x2D, 0x2D, 0x2D,
    0x2D, 0x2D, 0x2D, 0x2C, 0x2D, 0x2D, 0x2D, 0x2D, 0x2D, 0x2C, 0x2D, 0x2D, 0x2D, 0x2D, 0x2C, 0x2C,
    0x2C, 0x2C, 0x2D, 0x2D, 0x2D, 0x2D, 0x2D, 0x2D, 0x2D, 0x2D, 0x2C, 0x2D, 0x2C, 0x2C, 0x2C, 0x2C,
    0x2C, 0x2D, 0x2D, 0x2D, 0x2C, 0x2D, 0x2D, 0x2D, 0x2D, 0x2D, 0x2D, 0x2C, 0x2C, 0x2D, 0x2C, 0x2C,
    0x2C, 0x2D, 0x2D, 0x2E, 0x2D, 0x2C, 0x2C, 0x2C, 0x2C, 0x2C, 0x2C, 0x2C, 0x2B, 0x2C, 0x2C, 0x2C,
    0x2C, 0x2C, 0x2C, 0x2C, 0x2D, 0x2B, 0x2B, 0x2B, 0x2C, 0x2C, 0x2C, 0x2C, 0x2C, 0x2C, 0x2B, 0x2C,
    0x2D, 0x2B, 0x2D, 0x2D, 0x2D, 0x2D, 0x2C, 0x2C, 0x2D, 0x2D, 0x2C, 0x2C, 0x2C, 0x2C, 0x2C, 0x2C,
    0x2C, 0x2C, 0x2C, 0x2C, 0x2C, 0x2C, 0x2D, 0x2C, 0x2D, 0x2C, 0x2C, 0x2C, 0x2C, 0x2D, 0x2C, 0x2D,
    0x2D, 0x2D, 0x2D, 0x2C, 0x2C, 0x2C, 0x2C, 0x2C, 0x2C, 0x2C, 0x2C, 0x2C, 0x2C, 0x2D, 0x2C, 0x2D,
    0x2D, 0x2C, 0x2C, 0x2C, 0x2C, 0x2D, 0x2C, 0x2C, 0x2C, 0x2C, 0x2C, 0x2C, 0x2C, 0x2C, 0x2C, 0x2C,
    0x2D, 0x2C, 0x2C, 0x2C, 0x2C, 0x2C, 0x2B, 0x2C, 0x2C, 0x2C, 0x2C, 0x2D, 0x2D, 0x2D, 0x2D, 0x2D,
    0x2D, 0x2D, 0x2D, 0x2D, 0x2D, 0x2D, 0x2D, 0x2C, 0x2C, 0x2C, 0x2C, 0x2C, 0x2C, 0x2C, 0x2C, 0x2C,
    0x2C, 0x2C, 0x2C, 0x2D, 0x2D, 0x2D, 0x2D, 0x2D, 0x23, 0xD9, 0xD8, 0xD9, 0xD9, 0xD9, 0xDA, 0xD9,
    0xD9, 0xD8, 0xD8, 0xD9, 0xD9, 0xDA, 0xD9, 0xD9, 0x2F, 0x2C, 0x2D, 0x2D, 0x2C, 0x2D, 0x2D, 0x2E,
    0x2C, 0x2D, 0x2D, 0x2C, 0x2D, 0x2D, 0x2D, 0x2D, 0x2D, 0x2D, 0x2D, 0x2D, 0x2D, 0x2C, 0x2C, 0x2C,
    0x2C, 0x2D, 0x2C, 0x2D, 0x2D, 0x2C, 0x2C, 0x2C, 0x2B, 0x2C, 0x2B, 0x2C, 0x2C, 0x2D, 0x2D, 0x2C,
    0x2D, 0x2D, 0x2D, 0x2D, 0x2D, 0x2D, 0x2D, 0x2D, 0x2D, 0x2C, 0x2C, 0x2C, 0x2D, 0x2D, 0x2D, 0x2D,
    0x2C, 0x2D, 0x2D, 0x2D, 0x2D, 0x2C, 0x2D, 0x2D, 0x2D, 0x2D, 0x2D, 0x2D, 0x2D, 0x2D, 0x2B, 0x2C,
    0x2C, 0x2C, 0x2D, 0x2C, 0x2D, 0x2D, 0x2D, 0x2E, 0x2D, 0x2D, 0x2C, 0x2D, 0x2C, 0x2D, 0x2D, 0x2C,
    0x2D, 0x2D, 0x2D, 0x2D, 0x2C, 0x2C, 0x2C, 0x2C, 0x2C, 0x2D, 0x2D, 0x2D, 0x2C, 0x2D, 0x2D, 0x2B,
    0x2D, 0x2C, 0x2C, 0x2C, 0x2C, 0x2C, 0x2C, 0x2C, 0x2C, 0x2C, 0x2D, 0x2C, 0x2C, 0x2D, 0x2D, 0x2C,
    0x2C, 0x2D, 0x2C, 0x2C, 0x2C, 0x2C, 0x2C, 0x2B, 0x2C, 0x2C, 0x2C, 0x2C, 0x2C, 0x2D, 0x2D, 0x2C,
    0x2D, 0x2D, 0x2D, 0x2C, 0x2D, 0x2D, 0x2C, 0x2D, 0x2C, 0x2C, 0x2C, 0x2C, 0x2C, 0x2C, 0x2C, 0x2C,
    0x2C, 0x2D, 0x2C, 0x2D, 0x2C, 0x2D, 0x2C, 0x2C, 0x2D, 0x2C, 0x2D, 0x2C, 0x2D, 0x2D, 0x2D, 0x2D,
    0x2D, 0x2D, 0x2D, 0x2D, 0x2C, 0x2C, 0x2C, 0x2C, 0x2C, 0x2D, 0x2C, 0x2C, 0x2C, 0x2E, 0x2C, 0x2C,
    0x2C, 0x2C, 0x2C, 0x2C, 0x2D, 0x2C, 0x2C, 0x2D, 0x2C, 0x2C, 0x2C, 0x2D, 0x2C, 0x2C, 0x2C, 0x2D,
    0x2C, 0x2C, 0x2D, 0x2D, 0x2D, 0x2C, 0x2D, 0x2D, 0x2C, 0x2C, 0x2D, 0x2C, 0x2D, 0x2D, 0x2D, 0x2D,
    0x2D, 0x2D, 0x2D, 0x2D, 0x2D, 0x2D, 0x2D, 0x2C, 0x2C, 0x2C, 0x2D, 0x2C, 0x2D, 0x2D, 0x2C, 0x2C,
    0x2C, 0x2C, 0x2C, 0x2D, 0x2D, 0x2C, 0x2C, 0x2E, 0x23, 0xDA, 0xD9, 0xD8, 0xD9, 0xD9, 0xD8, 0xD8,
    0xD8, 0xD8, 0xD8, 0xD9, 0xD9, 0x75, 0x26, 0x27, 0x2B, 0x2C, 0x2B, 0x2B, 0x2C, 0x2D, 0x2C, 0x2D,
    0x2D, 0x2D, 0x2D, 0x2D, 0x2D, 0x2D, 0x2D, 0x2D, 0x2D, 0x2C, 0x2D, 0x2D, 0x2D, 0x2D, 0x2D, 0x2D,
    0x2D, 0x2D, 0x2D, 0x2D, 0x2C, 0x2C, 0x2D, 0x2D, 0x2D, 0x2C, 0x2D, 0x2C, 0x2D, 0x2D, 0x2D, 0x2E,
    0x2C, 0x2D, 0x2D, 0x2D, 0x2D, 0x2D, 0x2D, 0x2D, 0x2D, 0x2D, 0x2D, 0x2C, 0x2D, 0x2D, 0x2D, 0x2D,
    0x2C, 0x2C, 0x2C, 0x2D, 0x2D, 0x2D, 0x2D, 0x2D, 0x2D, 0x2D, 0x2D, 0x2D, 0x2D, 0x2D, 0x2D, 0x2D,
    0x2D, 0x2D, 0x2C, 0x2D, 0x2D, 0x2D, 0x2D, 0x2D, 0x2D, 0x2D, 0x2D, 0x2E, 0x2D, 0x2D, 0x2D, 0x2C,
    0x2D, 0x2D, 0x2E, 0x2D, 0x2C, 0x2C, 0x2D, 0x2D, 0x2D, 0x2D, 0x2D, 0x2D, 0x2D, 0x2D, 0x2D, 0x2D,
    0x2C, 0x2C, 0x2C, 0x2D, 0x2D, 0x2D, 0x2D, 0x2D, 0x2D, 0x2D, 0x2C, 0x2D, 0x2D, 0x2D, 0x2D, 0x2D,
    0x2C, 0x2D, 0x2D, 0x2D, 0x2C, 0x2C, 0x2D, 0x2C, 0x2C, 0x2C, 0x2C, 0x2C, 0x2C, 0x2C, 0x2C, 0x2C,
    0x2D, 0x2D, 0x2D, 0x2D, 0x2C, 0x2C, 0x2C, 0x2D, 0x2C, 0x2E, 0x2D, 0x2C, 0x2D, 0x2E, 0x2C, 0x2C,
    0x2D, 0x2C, 0x2D, 0x2D, 0x2D, 0x2D, 0x2D, 0x2D, 0x2C, 0x2D, 0x2C, 0x2D, 0x2C, 0x2D, 0x2D, 0x2D,
    0x2B, 0x2D, 0x2D, 0x2D, 0x2D, 0x2D, 0x2D, 0x2C, 0x2D, 0x2D, 0x2C, 0x2D, 0x2C, 0x2D, 0x2C, 0x2C,
    0x2D, 0x2C, 0x2C, 0x2C, 0x2C, 0x2C, 0x2C, 0x2C, 0x2D, 0x2D, 0x2C, 0x2C, 0x2D, 0x2C, 0x2D, 0x2D,
    0x2C, 0x2C, 0x2C, 0x2D, 0x2D, 0x2C, 0x2C, 0x2C, 0x2C, 0x2C, 0x2C, 0x2D, 0x2D, 0x2C, 0x2D, 0x2C,
    0x2D, 0x2D, 0x2D, 0x2D, 0x2D, 0x2D, 0x2D, 0x2D, 0x2C, 0x2C, 0x2C, 0x2C, 0x2C, 0x2D, 0x2C, 0x2C,
    0x2C, 0x2D, 0x2D, 0x2D, 0x2C, 0x2D, 0x2C, 0x2B, 0x2B, 0x2D, 0x2B, 0xE1, 0xD9, 0xD9, 0xD8, 0xD9,
    0xD8, 0xD8, 0xD8, 0xD8, 0xD9, 0x71, 0x31, 0x2D, 0x2C, 0x2B, 0x2B, 0x2C, 0x2D, 0x2D, 0x2D, 0x2D,
    0x2D, 0x2D, 0x2D, 0x2D, 0x2D, 0x2D, 0x2D, 0x2C, 0x2D, 0x2D, 0x2D, 0x2D, 0x2D, 0x2D, 0x2D, 0x2D,
    0x2B, 0x2C, 0x2C, 0x2D, 0x2E, 0x2C, 0x2C, 0x2D, 0x2C, 0x2C, 0x2D, 0x2D, 0x2D, 0x2D, 0x2D, 0x2D,
    0x2D, 0x2C, 0x2D, 0x2C, 0x2D, 0x2D, 0x2D, 0x2D, 0x2D, 0x2D, 0x2D, 0x2C, 0x2D, 0x2D, 0x2C, 0x2C,
    0x2D, 0x2D, 0x2D, 0x2D, 0x2D, 0x2D, 0x2D, 0x2D, 0x2D, 0x2C, 0x2D, 0x2C, 0x2D, 0x2D, 0x2D, 0x2D,
    0x2D, 0x2C, 0x2C, 0x2B, 0x2C, 0x2C, 0x2D, 0x2D, 0x2D, 0x2D, 0x2D, 0x2D, 0x2D, 0x2D, 0x2D, 0x2D,
    0x2D, 0x2D, 0x2C, 0x2D, 0x2D, 0x2D, 0x2E, 0x2B, 0x2D, 0x2D, 0x2D, 0x2D, 0x2D, 0x2D, 0x2C, 0x2C,
    0x2D, 0x2D, 0x2D, 0x2D, 0x2D, 0x2D, 0x2D, 0x2D, 0x2D, 0x2D, 0x2D, 0x2D, 0x2D, 0x2D, 0x2D, 0x2D,
    0x2D, 0x2C, 0x2D, 0x2C, 0x2D, 0x2E, 0x2D, 0x2D, 0x2C, 0x2D, 0x2D, 0x2C, 0x2C, 0x2C, 0x2C, 0x2D,
    0x2D, 0x2D, 0x2C, 0x2C, 0x2D, 0x2D, 0x2D, 0x2D, 0x2D, 0x2D, 0x2D, 0x2C, 0x2C, 0x2C, 0x2C, 0x2C,
    0x2D, 0x2C, 0x2C, 0x2C, 0x2D, 0x2C, 0x2C, 0x2C, 0x2C, 0x2D, 0x2D, 0x2D, 0x2C, 0x2C, 0x2D, 0x2D,
    0x2D, 0x2D, 0x2D, 0x2D, 0x2D, 0x2D, 0x2D, 0x2C, 0x2C, 0x2D, 0x2C, 0x2D, 0x2D, 0x2D, 0x2D, 0x2C,
    0x2D, 0x2C, 0x2C, 0x2C, 0x2D, 0x2D, 0x2E, 0x2D, 0x2D, 0x2D, 0x2C, 0x2D, 0x2D, 0x2D, 0x2D, 0x2D,
    0x2D, 0x2D, 0x2B, 0x2C, 0x2D, 0x2C, 0x2D, 0x2C, 0x2C, 0x2E, 0x2C, 0x2D, 0x2C, 0x2D, 0x2D, 0x2D,
    0x2D, 0x2D, 0x2D, 0x2C, 0x2D, 0x2D, 0x2D, 0x2C, 0x2C, 0x2D, 0x2C, 0x2D, 0x2C, 0x2D, 0x2C, 0x2C,
    0x2D, 0x2D, 0x2D, 0x2D, 0x2D, 0x2C, 0x2C, 0x2C, 0x2C, 0x2C, 0x2B, 0xE2, 0xD9, 0xD9, 0xD9, 0xD9,
    0xD8, 0xD8, 0xD8, 0xD8, 0xD9, 0xDA, 0xD9, 0xD9, 0xD9, 0xD8, 0xB1, 0x2A, 0x2D, 0x2D, 0x2D, 0x2D,
    0x2D, 0x2D, 0x2D, 0x2D, 0x2D, 0x2D, 0x2D, 0x2D, 0x2C, 0x2D, 0x2C, 0x2D, 0x2D, 0x2D, 0x2D, 0x2D,
    0x2D, 0x2D, 0x2D, 0x2D, 0x2D, 0x2C, 0x2D, 0x2D, 0x2C, 0x2D, 0x2C, 0x2D, 0x2D, 0x2D, 0x2D, 0x2D,
    0x2D, 0x2C, 0x2D, 0x2D, 0x2D, 0x2D, 0x2D, 0x2D, 0x2D, 0x2C, 0x2D, 0x2C, 0x2D, 0x2D, 0x2D, 0x2C,
    0x2C, 0x2D, 0x2C, 0x2D, 0x2D, 0x2D, 0x2D, 0x2D, 0x2C, 0x2C, 0x2C, 0x2C, 0x2D, 0x2D, 0x2D, 0x2D,
    0x2D, 0x2C, 0x2D, 0x2D, 0x2C, 0x2C, 0x2D, 0x2D, 0x2D, 0x2D, 0x2D, 0x2D, 0x2C, 0x2C, 0x2D, 0x2C,
    0x2D, 0x2C, 0x2D, 0x2D, 0x2D, 0x2D, 0x2D, 0x2C, 0x2C, 0x2D, 0x2D, 0x2D, 0x2D, 0x2D, 0x2C, 0x2D,
    0x2D, 0x2D, 0x2D, 0x2C, 0x2B, 0x2D, 0x2D, 0x2C, 0x2D, 0x2D, 0x2D, 0x2D, 0x2D, 0x2D, 0x2D, 0x2D,
    0x2C, 0x2D, 0x2D, 0x2D, 0x2C, 0x2E, 0x2E, 0x2C, 0x2C, 0x2C, 0x2C, 0x2D, 0x2D, 0x2D, 0x2D, 0x2C,
    0x2D, 0x2C, 0x2D, 0x2D, 0x2D, 0x2D, 0x2D, 0x2D, 0x2D, 0x2D, 0x2D, 0x2D, 0x2D, 0x2C, 0x2E, 0x2C,
    0x2D, 0x2D, 0x2D, 0x2D, 0x2D, 0x2C, 0x2C, 0x2C, 0x2D, 0x2D, 0x2C, 0x2D, 0x2B, 0x2D, 0x2C, 0x2D,
    0x2D, 0x2D, 0x2D, 0x2D, 0x2D, 0x2D, 0x2D, 0x2D, 0x2D, 0x2D, 0x2C, 0x2D, 0x2D, 0x2C, 0x2C, 0x2D,
    0x2D, 0x2D, 0x2D, 0x2D, 0x2D, 0x2D, 0x2D, 0x2D, 0x2D, 0x2C, 0x2D, 0x2D, 0x2D, 0x2D, 0x2D, 0x2C,
    0x2C, 0x2D, 0x2D, 0x2C, 0x2C, 0x2C, 0x2C, 0x2C, 0x2C, 0x2D, 0x2D, 0x2D, 0x2C, 0x2C, 0x2D, 0x2D,
    0x2B, 0x2B, 0x2D, 0x2D, 0x2D, 0x2D, 0x2D, 0x2D, 0x2C, 0x2D, 0x2E, 0x2D, 0x2D, 0x2D, 0x2C, 0x2D,
    0x2D, 0x2D, 0x2D, 0x2D, 0x2D, 0x2C, 0xDF, 0xDA, 0xDA, 0xD8, 0xD9, 0xDB, 0xD9, 0xD8, 0xD8, 0xD9,
    0xD9, 0xD8, 0xD8, 0xD8, 0xD9, 0xD9, 0xD8, 0xD9, 0xD9, 0xD7, 0xAB, 0x2B, 0x2D, 0x2D, 0x2D, 0x2D,
    0x2D, 0x2D, 0x2D, 0x2D, 0x2D, 0x2D, 0x2D, 0x2D, 0x2C, 0x2D, 0x2C, 0x2D, 0x2D, 0x2D, 0x2D, 0x2D,
    0x2D, 0x2D, 0x2D, 0x2D, 0x2D, 0x2D, 0x2E, 0x2E, 0x2D, 0x2D, 0x2C, 0x2D, 0x2D, 0x2D, 0x2C, 0x2B,
    0x2C, 0x2D, 0x2C, 0x2D, 0x2D, 0x2D, 0x2E, 0x2D, 0x2D, 0x2D, 0x2D, 0x2D, 0x2D, 0x2D, 0x2B, 0x2B,
    0x2D, 0x2C, 0x2D, 0x2D, 0x2D, 0x2D, 0x2D, 0x2D, 0x2D, 0x2D, 0x2E, 0x2D, 0x2D, 0x2C, 0x2C, 0x2C,
    0x2D, 0x2B, 0x2D, 0x2C, 0x2D, 0x2D, 0x2D, 0x2D, 0x2C, 0x2D, 0x2D, 0x2D, 0x2D, 0x2E, 0x2D, 0x2D,
    0x2E, 0x2B, 0x2D, 0x2D, 0x2D, 0x2C, 0x2D, 0x2D, 0x2C, 0x2D, 0x2D, 0x2C, 0x2D, 0x2C, 0x2D, 0x2C,
    0x2C, 0x2D, 0x2C, 0x2D, 0x2E, 0x2C, 0x2B, 0x2C, 0x2D, 0x2D, 0x2D, 0x2D, 0x2D, 0x2D, 0x2D, 0x2D,
    0x2C, 0x2C, 0x2D, 0x2C, 0x2C, 0x2D, 0x2D, 0x2D, 0x2B, 0x2C, 0x2D, 0x2D, 0x2D, 0x2D, 0x2D, 0x2D,
    0x2D, 0x2C, 0x2C, 0x2D, 0x2D, 0x2D, 0x2D, 0x2D, 0x2D, 0x2D, 0x2B, 0x2D, 0x2C, 0x2C, 0x2C, 0x2D,
    0x2D, 0x2D, 0x2D, 0x2D, 0x2D, 0x2D, 0x2C, 0x2D, 0x2D, 0x2D, 0x2C, 0x2D, 0x2D, 0x2D, 0x2C, 0x2D,
    0x2D, 0x2D, 0x2D, 0x2D, 0x2D, 0x2D, 0x2D, 0x2E, 0x2D, 0x2D, 0x2D, 0x2D, 0x2D, 0x2C, 0x2D, 0x2D,
    0x2D, 0x2D, 0x2D, 0x2D, 0x2D, 0x2D, 0x2D, 0x2D, 0x2D, 0x2D, 0x2D, 0x2D, 0x2D, 0x2D, 0x2D, 0x2C,
    0x2C, 0x2C, 0x2B, 0x2C, 0x2C, 0x2C, 0x2C, 0x2C, 0x2E, 0x2C, 0x2D, 0x2D, 0x2D, 0x2D, 0x2D, 0x2E,
    0x2D, 0x2D, 0x2D, 0x2D, 0x2C, 0x2D, 0x2D, 0x2D, 0x2D, 0x2D, 0x2C, 0x2D, 0x2F, 0x2E, 0x2D, 0x2D,
    0x2D, 0x2D, 0x2D, 0x2D, 0x2D, 0x2D, 0xE1, 0xD9, 0xD8, 0xD8, 0xD9, 0xD8, 0xDA, 0xD8, 0xD9, 0xD9,
    0xD8, 0xD9, 0xD8, 0xD7, 0xD8, 0x6E, 0x2C, 0x2C, 0x2D, 0x2B, 0x2A, 0x2C, 0x2C, 0x2C, 0x2D, 0x2C,
    0x2D, 0x2C, 0x2D, 0x2D, 0x2C, 0x2D, 0x2D, 0x2C, 0x2C, 0x2E, 0x2C, 0x2D, 0x2D, 0x2D, 0x2C, 0x2D,
    0x2E, 0x2C, 0x2D, 0x2E, 0x2D, 0x2D, 0x2C, 0x2D, 0x2D, 0x2C, 0x2C, 0x2D, 0x2D, 0x2D, 0x2D, 0x2D,
    0x2D, 0x2D, 0x2D, 0x2D, 0x2D, 0x2D, 0x2D, 0x2D, 0x2D, 0x2D, 0x2D, 0x2D, 0x2C, 0x2D, 0x2C, 0x2D,
    0x2D, 0x2C, 0x2D, 0x2D, 0x2D, 0x2C, 0x2D, 0x2D, 0x2D, 0x2C, 0x2D, 0x2C, 0x2C, 0x2C, 0x2E, 0x2C,
    0x2D, 0x2D, 0x2D, 0x2D, 0x2D, 0x2D, 0x2D, 0x2D, 0x2E, 0x2C, 0x2B, 0x2D, 0x2C, 0x2C, 0x2D, 0x2C,
    0x2C, 0x2D, 0x2C, 0x2C, 0x2C, 0x2C, 0x2C, 0x2D, 0x2C, 0x2D, 0x2D, 0x2D, 0x2D, 0x2D, 0x2D, 0x2C,
    0x2D, 0x2E, 0x2D, 0x2C, 0x2C, 0x2C, 0x2D, 0x2D, 0x2D, 0x2D, 0x2D, 0x2D, 0x2D, 0x2D, 0x2D, 0x2C,
    0x2D, 0x2D, 0x2D, 0x2D, 0x2D, 0x2D, 0x2D, 0x2D, 0x2D, 0x2C, 0x2C, 0x2D, 0x2C, 0x2D, 0x2C, 0x2D,
    0x2D, 0x2D, 0x2D, 0x2D, 0x2D, 0x2C, 0x2C, 0x2C, 0x2D, 0x2C, 0x2D, 0x2D, 0x2D, 0x2C, 0x2C, 0x2C,
    0x2D, 0x2D, 0x2B, 0x2D, 0x2D, 0x2E, 0x2C, 0x2C, 0x2D, 0x2C, 0x2E, 0x2D, 0x2D, 0x2B, 0x2D, 0x2D,
    0x2E, 0x2D, 0x2D, 0x2D, 0x2C, 0x2D, 0x2D, 0x2C, 0x2D, 0x2D, 0x2C, 0x2D, 0x2C, 0x2D, 0x2D, 0x2D,
    0x2C, 0x2C, 0x2E, 0x2D, 0x2E, 0x2C, 0x2D, 0x2D, 0x2D, 0x2D, 0x2D, 0x2D, 0x2D, 0x2D, 0x2D, 0x2D,
    0x2D, 0x2E, 0x2D, 0x2D, 0x2D, 0x2C, 0x2C, 0x2C, 0x2D, 0x2D, 0x2D, 0x2C, 0x2C, 0x2C, 0x2C, 0x2D,
    0x2C, 0x2D, 0x2D, 0x2C, 0x2C, 0x2D, 0x2D, 0x2D, 0x2D, 0x2D, 0x2D, 0x2C, 0x2D, 0x2D, 0x2D, 0x2C,
    0x2D, 0x2E, 0x2C, 0x2C, 0x2C, 0x2D, 0x2C, 0x2B, 0x2D, 0x2C, 0x2C, 0xE0, 0xD8, 0xD8, 0xD9, 0xD9,
    0xD8, 0xD8, 0xD8, 0xD9, 0xDA, 0x71, 0x2C, 0x2B, 0x2D, 0x2F, 0x2E, 0x2D, 0x2C, 0x2C, 0x2C, 0x2B,
    0x2D, 0x2D, 0x2E, 0x2D, 0x2C, 0x2D, 0x2C, 0x2B, 0x2B, 0x2A, 0x2C, 0x2C, 0x2D, 0x2D, 0x2E, 0x2C,
    0x2B, 0x2C, 0x2C, 0x2D, 0x2D, 0x2D, 0x2D, 0x2D, 0x2D, 0x2D, 0x2C, 0x2D, 0x2D, 0x2D, 0x2D, 0x2D,
    0x2D, 0x2D, 0x2D, 0x2D, 0x2D, 0x2D, 0x2D, 0x2D, 0x2C, 0x2D, 0x2C, 0x2D, 0x2B, 0x2B, 0x2C, 0x2D,
    0x2D, 0x2D, 0x2C, 0x2D, 0x2C, 0x2C, 0x2B, 0x2C, 0x2C, 0x2B, 0x2B, 0x2B, 0x2D, 0x2D, 0x2E, 0x2D,
    0x2B, 0x2C, 0x2D, 0x2C, 0x2D, 0x2D, 0x2D, 0x2D, 0x2D, 0x2C, 0x2C, 0x2B, 0x2A, 0x2C, 0x2C, 0x2D,
    0x2B, 0x2D, 0x2B, 0x2D, 0x2B, 0x2B, 0x2A, 0x2D, 0x2C, 0x2C, 0x2C, 0x2C, 0x2C, 0x2B, 0x2C, 0x2D,
    0x2E, 0x2B, 0x2C, 0x2C, 0x2B, 0x2B, 0x2D, 0x2D, 0x2D, 0x2D, 0x2D, 0x2D, 0x2D, 0x2D, 0x2D, 0x2D,
    0x2D, 0x2C, 0x2D, 0x2C, 0x2C, 0x2D, 0x2C, 0x2D, 0x2C, 0x2C, 0x2B, 0x2A, 0x2C, 0x2C, 0x2B, 0x2A,
    0x2C, 0x2D, 0x2C, 0x2C, 0x2B, 0x2B, 0x2D, 0x2D, 0x2C, 0x2C, 0x2C, 0x2A, 0x2A, 0x2B, 0x2C, 0x2B,
    0x2C, 0x2D, 0x2C, 0x2C, 0x2B, 0x2D, 0x2B, 0x2D, 0x2C, 0x2C, 0x2D, 0x2C, 0x2C, 0x2D, 0x2C, 0x2B,
    0x2C, 0x2C, 0x2D, 0x2D, 0x2C, 0x2C, 0x2D, 0x2E, 0x2C, 0x2C, 0x2C, 0x2D, 0x2B, 0x2D, 0x2B, 0x2D,
    0x2C, 0x2C, 0x2C, 0x2C, 0x2C, 0x2C, 0x2D, 0x2D, 0x2D, 0x2D, 0x2D, 0x2C, 0x2D, 0x2C, 0x2C, 0x2B,
    0x2C, 0x2D, 0x2D, 0x2D, 0x2D, 0x2D, 0x2C, 0x2C, 0x2C, 0x2D, 0x2D, 0x2C, 0x2C, 0x2B, 0x2B, 0x2D,
    0x2C, 0x2A, 0x2D, 0x2C, 0x2B, 0x2D, 0x2D, 0x29, 0x2A, 0x2C, 0x2C, 0x2C, 0x2D, 0x2D, 0x2D, 0x2C,
    0x2D, 0x2B, 0x29, 0x2A, 0x2D, 0x2D, 0x2D, 0x2A, 0x2B, 0x2D, 0x2C, 0xE3, 0xDA, 0xD8, 0xDA, 0xDA,
    0xDA, 0xD7, 0xDB, 0x29, 0x2B, 0x2D, 0x2E, 0x2D, 0xD6, 0xD8, 0xB7, 0x2C, 0x2D, 0xDF, 0xD7, 0xE1,
    0x2B, 0x2C, 0x2C, 0x2D, 0x2D, 0x2D, 0x2D, 0x9B, 0xD7, 0xD8, 0x2C, 0x2B, 0x2C, 0x2C, 0x2B, 0xDB,
    0xD9, 0xD9, 0xDA, 0xD9, 0x23, 0x2D, 0x2C, 0x2D, 0x2C, 0x2E, 0x2C, 0x2E, 0x2D, 0x2C, 0x2C, 0x2D,
    0x2D, 0x2D, 0x2D, 0x2D, 0x2D, 0x2D, 0x2D, 0x2D, 0x2D, 0x2C, 0x2C, 0xE0, 0xD7, 0xDD, 0x2C, 0x2C,
    0x2D, 0x2D, 0x2D, 0x2D, 0x2D, 0x70, 0xD9, 0xD7, 0x2F, 0x2C, 0x2D, 0x2C, 0x2C, 0x2D, 0x2B, 0x26,
    0xD8, 0xD9, 0x23, 0x2D, 0x2D, 0x2D, 0x2D, 0x2D, 0x2C, 0x2E, 0xDB, 0xDC, 0x9E, 0x2B, 0x2C, 0x2B,
    0x2C, 0x2C, 0x2E, 0x2E, 0xE2, 0xDB, 0xE4, 0x2C, 0x2C, 0x2D, 0x2D, 0x2C, 0xD8, 0xDA, 0x5C, 0x2B,
    0x2B, 0xDB, 0xD9, 0xD9, 0xDB, 0xD9, 0x2B, 0x2C, 0x2D, 0x2D, 0x2D, 0x2D, 0x2D, 0x2C, 0x2D, 0x2D,
    0x2C, 0x2D, 0x2D, 0x2D, 0x2D, 0x2D, 0x2C, 0x2D, 0x2D, 0x2D, 0x42, 0xD8, 0xD9, 0xD8, 0xD9, 0xE0,
    0x2D, 0x2E, 0xE3, 0xDA, 0xE1, 0x2B, 0x2B, 0x2C, 0x2D, 0x2D, 0xDB, 0xDD, 0x9D, 0x2B, 0x2B, 0x2B,
    0x2B, 0x2D, 0x2D, 0x2C, 0xE1, 0xDB, 0xE3, 0x2B, 0x2D, 0x2C, 0x2D, 0x2C, 0x2E, 0x2D, 0x9A, 0xDA,
    0xD8, 0x2C, 0x2C, 0x2C, 0x2E, 0x2C, 0x2C, 0x2B, 0x26, 0xDA, 0xD8, 0x23, 0x2B, 0x2E, 0x2D, 0x2C,
    0x2D, 0x2C, 0x2C, 0xDA, 0xDA, 0x82, 0x2C, 0x2C, 0x2D, 0x2C, 0x2D, 0x2D, 0x2D, 0x2C, 0x2B, 0x2D,
    0x2D, 0x2D, 0x2D, 0x2D, 0x2D, 0x2C, 0x2D, 0x2D, 0x2C, 0x2D, 0x2D, 0x2D, 0x55, 0xDA, 0xD9, 0xD9,
    0xDA, 0xCF, 0x2B, 0x2D, 0x2D, 0x2D, 0x25, 0xD8, 0xD7, 0x25, 0x2C, 0x2C, 0x2D, 0x2C, 0x2E, 0x2C,
    0x2C, 0xDB, 0xDA, 0xA2, 0x2C, 0x2B, 0xDC, 0xD9, 0xDE, 0x2A, 0x2C, 0x2C, 0x2D, 0x27, 0xDA, 0xDB,
    0xD9, 0xD8, 0xD8, 0x2B, 0x2D, 0x2D, 0x2D, 0x2B, 0xDE, 0xDF, 0xBF, 0x2C, 0x2E, 0xE2, 0xDA, 0xE0,
    0x2D, 0x2C, 0x21, 0x24, 0x24, 0x2D, 0x2D, 0xA6, 0xD9, 0xD9, 0x23, 0x24, 0x25, 0x25, 0x27, 0xE2,
    0xDF, 0xDF, 0xDF, 0xE0, 0x20, 0x2D, 0x2D, 0x24, 0x24, 0x25, 0x25, 0x25, 0x2C, 0x2C, 0x2D, 0x2D,
    0x2E, 0x23, 0x23, 0x25, 0x2D, 0x2D, 0x2C, 0x2C, 0x2D, 0x26, 0x25, 0xE6, 0xE0, 0xE4, 0x24, 0x25,
    0x25, 0x26, 0x25, 0x2C, 0x2D, 0x6A, 0xD8, 0xD9, 0x26, 0x25, 0x26, 0x2C, 0x2C, 0x25, 0x25, 0x23,
    0xD7, 0xD9, 0x20, 0x2D, 0x2D, 0x24, 0x24, 0x25, 0x25, 0x28, 0xE1, 0xE0, 0xA2, 0x23, 0x23, 0x2B,
    0x2B, 0x2C, 0x24, 0x27, 0xE3, 0xD9, 0xE1, 0x2C, 0x2C, 0x23, 0x25, 0x27, 0xE2, 0xE0, 0x5F, 0x27,
    0x27, 0xDA, 0xD8, 0xD7, 0xD9, 0xD9, 0x2A, 0x2D, 0x2C, 0x23, 0x23, 0x2C, 0x2D, 0x2E, 0x24, 0x24,
    0x25, 0x24, 0x25, 0x2C, 0x2B, 0x28, 0x24, 0x24, 0x2D, 0x2E, 0x42, 0xD9, 0xD8, 0xD6, 0xD8, 0xE2,
    0x27, 0x29, 0xE5, 0xDE, 0xE4, 0x23, 0x25, 0x29, 0x2B, 0x30, 0xDA, 0xDC, 0x9F, 0x25, 0x25, 0x2D,
    0x2C, 0x2C, 0x25, 0x26, 0xE7, 0xE0, 0xE8, 0x24, 0x23, 0x24, 0x26, 0x25, 0x2D, 0x2D, 0x93, 0xDA,
    0xD9, 0x25, 0x23, 0x25, 0x2B, 0x2C, 0x22, 0x25, 0x23, 0xD8, 0xD9, 0x20, 0x2C, 0x2C, 0x23, 0x24,
    0x26, 0x27, 0x29, 0xE2, 0xDC, 0x79, 0x23, 0x24, 0x2C, 0x2D, 0x2D, 0x2B, 0x2C, 0x23, 0x23, 0x21,
    0x2C, 0x2C, 0x2D, 0x2D, 0x2D, 0x24, 0x23, 0x23, 0x23, 0x23, 0x2C, 0x2C, 0x57, 0xE3, 0xDF, 0xE0,
    0xE1, 0xD8, 0x24, 0x24, 0x24, 0x24, 0x21, 0xD8, 0xD9, 0x25, 0x2D, 0x2D, 0x23, 0x22, 0x25, 0x2A,
    0x2C, 0xDA, 0xD9, 0xAB, 0x2D, 0x2D, 0xE3, 0xDF, 0xE5, 0x2B, 0x2B, 0x2C, 0x2C, 0x26, 0xDB, 0xDA,
    0xDA, 0xD9, 0xD9, 0x2B, 0x2E, 0x2C, 0x2D, 0x2C, 0x2D, 0x2D, 0x2D, 0x2D, 0x2C, 0xE1, 0xDA, 0xE1,
    0x2D, 0x2C, 0xDD, 0xDA, 0xDC, 0x2E, 0x2E, 0xAC, 0xD7, 0xD8, 0xD9, 0xD9, 0xD9, 0xD9, 0xD8, 0x2D,
    0x2F, 0x2F, 0x2E, 0x2F, 0x2F, 0x2C, 0x24, 0xD9, 0xD9, 0xD9, 0xD8, 0xDA, 0x2D, 0x2C, 0x2D, 0x2D,
    0x2C, 0xD9, 0xD9, 0xAC, 0x2C, 0x2D, 0x2C, 0x2C, 0x24, 0xDA, 0xD9, 0x1F, 0x2A, 0x26, 0xD8, 0xD8,
    0xD8, 0xD8, 0xD8, 0x2C, 0x2C, 0x6E, 0xD6, 0xD8, 0xD8, 0xD9, 0xB7, 0x2C, 0x2D, 0xDF, 0xD8, 0xDA,
    0xD9, 0xD9, 0x22, 0x2D, 0x29, 0xD9, 0xD9, 0xD9, 0xD8, 0xD7, 0x2B, 0x2B, 0x4A, 0xD7, 0xD8, 0x29,
    0x2D, 0x2F, 0xDA, 0xD9, 0xD9, 0xD9, 0xE0, 0x2B, 0x2C, 0xD8, 0xD9, 0xDB, 0x2C, 0x2F, 0x8E, 0xD8,
    0xD9, 0xDA, 0xD7, 0xD9, 0xD8, 0xDA, 0x29, 0x2D, 0x24, 0xD9, 0xD8, 0x21, 0x2D, 0x27, 0xDA, 0xD9,
    0xD9, 0xD9, 0xDA, 0x2B, 0x2B, 0x6E, 0xDA, 0xDA, 0x2E, 0x2F, 0x43, 0xD8, 0xD6, 0xD9, 0xD9, 0xDA,
    0xD7, 0xD7, 0x21, 0x2B, 0x2C, 0xD9, 0xD8, 0x47, 0x2D, 0x2E, 0xDA, 0xDB, 0xDA, 0xD9, 0xD8, 0x2B,
    0x2B, 0x2F, 0xDC, 0xD9, 0x26, 0x2D, 0x22, 0xD8, 0xDA, 0xD7, 0xD9, 0xDC, 0x2E, 0x2F, 0x92, 0xDA,
    0xDA, 0xDA, 0xD9, 0xAF, 0x2B, 0x2D, 0xDC, 0xD9, 0xD9, 0xD8, 0xDA, 0x1E, 0x2C, 0x27, 0xD9, 0xD9,
    0xD9, 0xD8, 0xD9, 0x2C, 0x2D, 0x6E, 0xD9, 0xD8, 0x2D, 0x2C, 0x2C, 0x2D, 0x2D, 0xE4, 0xD9, 0xE1,
    0x2D, 0x2D, 0x2D, 0x2D, 0x2A, 0xDA, 0xD9, 0xD9, 0xD9, 0xDA, 0x2E, 0x2C, 0x2D, 0x2F, 0x2D, 0x2E,
    0x2D, 0x2B, 0xDB, 0xDA, 0xD8, 0xDA, 0xD9, 0xD8, 0xD8, 0x29, 0x2B, 0x2C, 0xD9, 0xD8, 0x5C, 0x2C,
    0x2D, 0xD9, 0xD9, 0xAE, 0x2C, 0x2D, 0x2D, 0x2E, 0x2D, 0x2B, 0x2B, 0x2C, 0x2C, 0x26, 0xDA, 0xDA,
    0xDA, 0xDA, 0xD8, 0x2B, 0x2D, 0x2D, 0x2D, 0x2C, 0x2D, 0x2C, 0x2B, 0x23, 0x24, 0xE0, 0xD9, 0xE2,
    0x24, 0x26, 0xE0, 0xDA, 0xDD, 0x24, 0x24, 0x9C, 0xD8, 0xD9, 0xD8, 0xDA, 0xD9, 0xD9, 0xD8, 0x28,
    0x25, 0x27, 0x27, 0x27, 0x27, 0x27, 0x22, 0xD9, 0xD9, 0xD9, 0xD9, 0xDB, 0x26, 0x26, 0x27, 0x27,
    0x27, 0xD8, 0xD9, 0xA9, 0x26, 0x25, 0x25, 0x25, 0x1F, 0xDF, 0xDE, 0x1B, 0x24, 0x23, 0xD8, 0xD8,
    0xD8, 0xD9, 0xDA, 0x24, 0x27, 0x6C, 0xDA, 0xD7, 0xD6, 0xD6, 0xB3, 0x25, 0x27, 0xDD, 0xD8, 0xDA,
    0xD8, 0xD8, 0x20, 0x26, 0x29, 0xDB, 0xDA, 0xDB, 0xD9, 0xD9, 0x23, 0x21, 0x48, 0xD9, 0xD8, 0x24,
    0x24, 0x2C, 0xDA, 0xDA, 0xDA, 0xD8, 0xE0, 0x25, 0x23, 0xD3, 0xDA, 0xD8, 0x24, 0x25, 0x8C, 0xD8,
    0xD9, 0xDB, 0xD9, 0xD9, 0xD9, 0xD9, 0x23, 0x25, 0x21, 0xD9, 0xD9, 0x1E, 0x25, 0x26, 0xD9, 0xDA,
    0xDA, 0xD9, 0xDA, 0x24, 0x24, 0x64, 0xDB, 0xD9, 0x27, 0x28, 0x40, 0xD9, 0xD9, 0xD9, 0xDA, 0xDA,
    0xD8, 0xD9, 0x1D, 0x25, 0x27, 0xD8, 0xD8, 0x3D, 0x28, 0x2A, 0xD9, 0xDA, 0xDA, 0xD8, 0xD7, 0x24,
    0x25, 0x29, 0xDB, 0xDA, 0x20, 0x24, 0x20, 0xD9, 0xD8, 0xD9, 0xD9, 0xDB, 0x26, 0x28, 0x8D, 0xDA,
    0xD8, 0xD9, 0xD9, 0xAD, 0x26, 0x26, 0xDD, 0xD9, 0xD7, 0xD9, 0xD9, 0x1B, 0x25, 0x28, 0xD9, 0xD9,
    0xDA, 0xD8, 0xDA, 0x26, 0x24, 0x69, 0xDF, 0xDC, 0x28, 0x25, 0x28, 0x26, 0x27, 0xE2, 0xD8, 0xE2,
    0x26, 0x28, 0x25, 0x25, 0x26, 0xD6, 0xD8, 0xD9, 0xD9, 0xD8, 0x24, 0x25, 0x26, 0x26, 0x24, 0x27,
    0x25, 0x2B, 0xDA, 0xDA, 0xDA, 0xD9, 0xD9, 0xD8, 0xDB, 0x2A, 0x22, 0x27, 0xD8, 0xD7, 0x55, 0x25,
    0x26, 0xDA, 0xD8, 0xB0, 0x23, 0x23, 0x2C, 0x2B, 0x2D, 0x2C, 0x2C, 0x2C, 0x2D, 0x27, 0xDA, 0xDB,
    0xDA, 0xDA, 0xD9, 0x2B, 0x2D, 0x2C, 0x2C, 0x2D, 0x2D, 0x2C, 0x40, 0xD8, 0xD8, 0xD8, 0xD8, 0xD8,
    0xD8, 0xDA, 0xDA, 0xDA, 0xDA, 0xD8, 0xD9, 0xD9, 0xD9, 0xD9, 0xD8, 0xD9, 0xD8, 0xD9, 0xD9, 0xD9,
    0xD9, 0xD9, 0xD9, 0xD7, 0xD8, 0xD8, 0xD8, 0xD8, 0xDA, 0xDA, 0xD8, 0xD9, 0xD9, 0xDA, 0xD8, 0xD8,
    0xD9, 0xD7, 0xD9, 0xD8, 0xD8, 0xDA, 0xD9, 0xDA, 0xE0, 0x2E, 0x2D, 0xE0, 0xD9, 0xD9, 0xD9, 0xD9,
    0xD9, 0xDA, 0xD9, 0xD9, 0xD9, 0xD9, 0xD9, 0xD8, 0xD9, 0xD9, 0xD9, 0xD9, 0xD9, 0xD9, 0xD9, 0xD8,
    0xD8, 0xD9, 0xD9, 0xD8, 0xD9, 0xD9, 0xD9, 0xD9, 0xD8, 0xD9, 0xD9, 0xD9, 0xD9, 0xDB, 0xD8, 0xD8,
    0xD8, 0xD8, 0xD8, 0xD8, 0xD8, 0xDA, 0xD9, 0xD8, 0xD8, 0xD9, 0xD9, 0xD9, 0xD9, 0xD9, 0xD9, 0xD9,
    0xD9, 0xD9, 0xD9, 0xD9, 0xD8, 0xD9, 0xD9, 0xD9, 0xD9, 0xD9, 0xD9, 0xDA, 0xD9, 0xD8, 0xD8, 0xD8,
    0xD9, 0xD7, 0xD9, 0xD9, 0xD9, 0xD9, 0xDA, 0xD9, 0xD9, 0xD9, 0xD9, 0xD9, 0xD9, 0xD9, 0xD9, 0xD9,
    0xD9, 0xD9, 0xD9, 0xD9, 0xD9, 0xD8, 0xD9, 0xD9, 0xD9, 0xD9, 0xDA, 0xD9, 0xD9, 0xD9, 0xDB, 0xD9,
    0xD9, 0xD9, 0xD7, 0xD9, 0xD8, 0xD8, 0xD9, 0xD9, 0xD9, 0xD9, 0xD9, 0xD9, 0xDA, 0xDA, 0xDA, 0xDA,
    0xDB, 0xDA, 0xD9, 0xD9, 0xD9, 0xD8, 0xD9, 0xD8, 0xD9, 0xD9, 0xD9, 0xD9, 0xD8, 0xD9, 0xD9, 0xD8,
    0xDA, 0xD9, 0xD9, 0xD7, 0xD9, 0x82, 0x2B, 0x2E, 0xDB, 0xDB, 0xDA, 0xD9, 0xDA, 0xD8, 0xD9, 0xDA,
    0xD8, 0xD8, 0xD8, 0xD9, 0xD9, 0xD7, 0xD9, 0xD9, 0xD9, 0xD9, 0xD9, 0xD8, 0xD8, 0xDA, 0xDA, 0xDA,
    0xD9, 0xDA, 0xD9, 0xD9, 0xD9, 0xD9, 0xD9, 0xD8, 0xDA, 0xDA, 0xDA, 0xDA, 0xD7, 0xDA, 0xD9, 0xD9,
    0xDA, 0xD9, 0xD9, 0xD9, 0xDA, 0xD9, 0x25, 0x2C, 0x2C, 0x2D, 0x2D, 0x2D, 0x2C, 0x27, 0xDA, 0xDA,
    0xDB, 0xDA, 0xDB, 0x56, 0x52, 0x53, 0x55, 0x56, 0x54, 0x56, 0x63, 0xD7, 0xD8, 0xD8, 0xD8, 0xD8,
    0xD8, 0xD9, 0xDA, 0xD9, 0xD9, 0xD9, 0xD8, 0xD9, 0xD9, 0xD9, 0xD9, 0xD9, 0xD9, 0xD9, 0xD9, 0xD9,
    0xD9, 0xD9, 0xD9, 0xD9, 0xD9, 0xD9, 0xD9, 0xD9, 0xD9, 0xD9, 0xD9, 0xD9, 0xD9, 0xD9, 0xD9, 0xD8,
    0xD9, 0xD9, 0xD9, 0xD9, 0xD8, 0xD9, 0xD9, 0xD9, 0xDF, 0x55, 0x51, 0xDE, 0xDA, 0xD9, 0xD9, 0xD9,
    0xD9, 0xD9, 0xD9, 0xD9, 0xD9, 0xD9, 0xD8, 0xD9, 0xD9, 0xD9, 0xD9, 0xD9, 0xD9, 0xD9, 0xD8, 0xD9,
    0xD8, 0xD9, 0xD9, 0xD9, 0xD8, 0xD9, 0xD8, 0xD9, 0xDA, 0xDA, 0xD9, 0xD8, 0xD8, 0xD8, 0xD9, 0xD8,
    0xD8, 0xD8, 0xD8, 0xD8, 0xD8, 0xD9, 0xD9, 0xD8, 0xD8, 0xD8, 0xD8, 0xD9, 0xD9, 0xD9, 0xD9, 0xD9,
    0xD9, 0xD9, 0xD9, 0xD9, 0xD9, 0xD9, 0xD9, 0xD9, 0xD9, 0xD9, 0xD9, 0xD9, 0xD9, 0xD9, 0xD9, 0xD9,
    0xD9, 0xD9, 0xD9, 0xD9, 0xD9, 0xD9, 0xD9, 0xD9, 0xD9, 0xD9, 0xD9, 0xD9, 0xD9, 0xD9, 0xD9, 0xD9,
    0xD9, 0xD9, 0xD8, 0xD9, 0xDA, 0xD9, 0xD9, 0xD9, 0xD9, 0xD9, 0xD8, 0xD9, 0xD8, 0xDA, 0xD9, 0xD9,
    0xD8, 0xD9, 0xD9, 0xD8, 0xD9, 0xD9, 0xD8, 0xD9, 0xD9, 0xD9, 0xDA, 0xDA, 0xD9, 0xDA, 0xDA, 0xDA,
    0xD9, 0xD8, 0xDA, 0xD9, 0xD9, 0xD9, 0xD8, 0xD9, 0xD9, 0xD9, 0xD8, 0xDA, 0xD9, 0xD9, 0xD9, 0xD9,
    0xD9, 0xD9, 0xD9, 0xD9, 0xD9, 0xA3, 0x5C, 0x5B, 0xD9, 0xD9, 0xD9, 0xD9, 0xD8, 0xD9, 0xD9, 0xD9,
    0xD9, 0xDA, 0xD9, 0xD9, 0xD9, 0xD8, 0xD9, 0xD9, 0xD9, 0xD9, 0xD9, 0xD8, 0xD9, 0xDA, 0xD9, 0xD8,
    0xD8, 0xD9, 0xD9, 0xD8, 0xD9, 0xD9, 0xD9, 0xD9, 0xD9, 0xD9, 0xD9, 0xD9, 0xD9, 0xD8, 0xD8, 0xD8,
    0xD8, 0xD8, 0xD8, 0xD9, 0xDA, 0xDA, 0x4D, 0x4F, 0x52, 0x52, 0x52, 0x54, 0x56, 0x56, 0xDA, 0xDB,
    0xD9, 0xD9, 0xDA, 0xD9, 0xDA, 0xDB, 0xDA, 0xDA, 0xDC, 0xDA, 0xD9, 0xD9, 0xD8, 0xD8, 0xD8, 0xD8,
    0xD8, 0xDA, 0xD9, 0xDB, 0xD9, 0xDA, 0xD7, 0xD9, 0xD8, 0xD8, 0xD8, 0xD9, 0xD7, 0xD7, 0xD8, 0xDA,
    0xD9, 0xD9, 0xD9, 0xDA, 0xD9, 0xD9, 0xD9, 0xD9, 0xD9, 0xD9, 0xD9, 0xDA, 0xD9, 0xD9, 0xD9, 0xD9,
    0xD9, 0xD8, 0xD9, 0xD9, 0xD8, 0xDA, 0xDA, 0xDC, 0xDB, 0xDB, 0xDB, 0xDA, 0xD9, 0xD9, 0xD9, 0xD9,
    0xDA, 0xD9, 0xD9, 0xD9, 0xD8, 0xDA, 0xD9, 0xD9, 0xD9, 0xD9, 0xD9, 0xD9, 0xD9, 0xD8, 0xD9, 0xD8,
    0xD9, 0xDA, 0xD9, 0xD9, 0xD9, 0xD9, 0xD8, 0xD9, 0xD9, 0xD9, 0xD9, 0xDA, 0xD9, 0xD9, 0xD8, 0xD8,
    0xD8, 0xD8, 0xD9, 0xD8, 0xD9, 0xD7, 0xD8, 0xD8, 0xD9, 0xD9, 0xD8, 0xD9, 0xD9, 0xD9, 0xD8, 0xD9,
    0xD9, 0xDA, 0xD9, 0xD9, 0xDB, 0xD9, 0xD8, 0xD9, 0xD9, 0xD9, 0xD9, 0xD9, 0xD9, 0xD8, 0xD9, 0xD9,
    0xD9, 0xD9, 0xD9, 0xD9, 0xD9, 0xD9, 0xD8, 0xD9, 0xD9, 0xD9, 0xD9, 0xD9, 0xD9, 0xD9, 0xD8, 0xD9,
    0xD9, 0xD9, 0xD9, 0xD9, 0xD9, 0xD9, 0xD9, 0xD9, 0xD8, 0xD9, 0xD9, 0xDA, 0xD9, 0xD7, 0xDA, 0xDA,
    0xD9, 0xD9, 0xD9, 0xD9, 0xD9, 0xD9, 0xD9, 0xD9, 0xD9, 0xD9, 0xD9, 0xD9, 0xDA, 0xDA, 0xDA, 0xD9,
    0xD8, 0xDA, 0xD8, 0xDA, 0xD9, 0xD8, 0xD9, 0xD9, 0xD9, 0xD9, 0xD9, 0xD8, 0xD9, 0xD9, 0xD8, 0xD9,
    0xD9, 0xD9, 0xD9, 0xD9, 0xDB, 0xDB, 0xDB, 0xDB, 0xDB, 0xD8, 0xD8, 0xDA, 0xDB, 0xD9, 0xD9, 0xD8,
    0xDA, 0xD9, 0xDA, 0xDA, 0xD9, 0xD9, 0xD9, 0xD9, 0xD9, 0xD9, 0xD9, 0xD8, 0xDA, 0xD9, 0xDB, 0xDA,
    0xD9, 0xDA, 0xDA, 0xD9, 0xD9, 0xD9, 0xD9, 0xD9, 0xD9, 0xD9, 0xD9, 0xD9, 0xD9, 0xD9, 0xDA, 0xD9,
    0xD9, 0xD8, 0xD9, 0xD9, 0xD9, 0xDA, 0xDB, 0xDB, 0xDB, 0xDA, 0xDB, 0xDB, 0xDA, 0xDB, 0xDB, 0xDB
};

#endif /* LOGO_DATA_H */
